split,stem,sequence_bucket,objects,read_ok,ecc_ok,rgb_height,rgb_width,ir_height,ir_width,phase_dx_px,phase_dy_px,phase_response,ecc_dx_px,ecc_dy_px,ecc_shift_px,ecc_correlation,affine_ok,affine_correlation,affine_center_shift_px,affine_max_corner_shift_px,affine_scale_x,affine_scale_y,affine_rotation_deg
train,00001,train:00k,9,True,True,512,640,512,640,0.19443292463762418,0.03381070120735785,0.31383662689477204,-0.5398785471916199,-0.4207984209060669,0.6844999318880708,0.6636281782234578,True,0.7071785083737822,0.8607069668829648,2.2005262248836037,1.001491352784142,1.0029360098769387,0.14891165341508347
train,00091,train:00k,25,True,True,512,640,512,640,-1.0072829183650924,-1.4517930185527348,0.10046505206264555,-1.7214213609695435,-0.19963358342647552,1.7329584731417922,0.2666029218781396,,,,,,,
train,00181,train:00k,10,True,True,512,640,512,640,0.3885087151107314,1.0377018043662076,0.13250807877629994,0.8702566623687744,1.2133426666259766,1.4931667974651306,0.22054082987905593,,,,,,,
train,00272,train:00k,13,True,True,512,640,512,640,0.4912541279383049,0.098512729366945,0.30207785237580537,-0.5289702415466309,0.13565556704998016,0.5460878586029474,0.7218599816859509,,,,,,,
train,00362,train:00k,8,True,True,512,640,512,640,3.5291193479793606,0.07822956605912168,0.3154894519597292,4.228225231170654,-0.3701361119747162,4.244395050757634,0.7834449955989089,,,,,,,
train,00452,train:00k,17,True,True,512,640,512,640,-0.2244068455257775,-0.5027894216273125,0.45248612863942983,0.2849423885345459,-0.3208395540714264,0.4291039317467551,0.800372787460996,,,,,,,
train,00543,train:00k,39,True,True,512,640,512,640,1.1328539007802192,-0.3146463197979301,0.24645652128383516,-1.5000782012939453,0.08920226991176605,1.5027280708613553,0.6199627315165703,,,,,,,
train,00633,train:00k,4,True,True,512,640,512,640,-0.8822601246335466,15.402970107931594,-0.05265759532339871,0.6866530776023865,0.9038329720497131,1.1350799488780718,0.6994395906103236,,,,,,,
train,00724,train:00k,16,True,True,512,640,512,640,1.1603318988113642,-0.4016616134215951,0.2371014229953289,0.6635071039199829,-1.1193495988845825,1.3012245007973677,0.759837900284092,,,,,,,
train,00814,train:00k,11,True,True,512,640,512,640,6.367005262255702,-1.2917756121833577,0.31601469283923506,4.335871696472168,-2.2727792263031006,4.895437547327446,0.6577572936537532,,,,,,,
train,00904,train:00k,10,True,True,512,640,512,640,0.9157891238306206,-5.578108893466947,0.47971557527780534,0.8992243409156799,-5.702088356018066,5.77255714871079,0.7955119789434532,True,0.7732782961066111,6.304518567802962,8.245899544973136,0.9992569069989405,1.0035771441820072,0.09275482641711638
train,00995,train:00k,24,True,True,512,640,512,640,-1.026997151055241,3.3228428712805,0.186993127129972,0.05850596725940704,3.4876010417938232,3.488091738318578,0.5374282911107493,,,,,,,
train,01085,train:01k,13,True,True,512,640,512,640,0.31361707062939104,1.852317889257705,0.13561945902183653,-0.2884587347507477,-5.412164688110352,5.41984640491616,0.7829437977029932,,,,,,,
train,01176,train:01k,11,True,True,512,640,512,640,0.11964748907240619,0.17950962339810417,0.3978969550691545,0.01971907913684845,0.2414594292640686,0.24226328253066962,0.7734847606100209,,,,,,,
train,01266,train:01k,18,True,True,512,640,512,640,0.5113003129156368,0.008583044437017406,0.40013391794636843,0.21319489181041718,-0.036218900233507156,0.2162495563652796,0.7542226758830303,,,,,,,
train,01356,train:01k,5,True,True,512,640,512,640,0.5722686663612535,2.0493201186118313,0.18662103721871973,2.8506689071655273,1.6596882343292236,3.298617627651189,0.8236423640042055,,,,,,,
train,01447,train:01k,12,True,True,512,640,512,640,-2.8037101422710293,-5.533386622868136,0.24666125066578387,-2.7324771881103516,-3.1099066734313965,4.139800852818477,0.6178637189107713,,,,,,,
train,01537,train:01k,3,True,True,512,640,512,640,1.5603954540840164,-9.946638473427356,0.18915178338065744,1.687714695930481,-8.06291389465332,8.237655089129023,0.6517547095770109,,,,,,,
train,01628,train:01k,4,True,True,512,640,512,640,2.279409832938711,-3.668021954525102,0.1941985190846026,1.8198736906051636,7.501401424407959,7.719000167111452,0.6303063488113415,,,,,,,
train,01718,train:01k,27,True,True,512,640,512,640,0.5855816783130763,-1.5667482670962727,0.18328060714993627,0.43779000639915466,-1.7081965208053589,1.7634045036220432,0.26588710647864594,,,,,,,
train,01808,train:01k,5,True,True,512,640,512,640,0,0,0.2683298057410866,0.023363858461380005,0.8366295695304871,0.8369557374765835,0.7522063675226275,True,0.7464221437284102,0.5258384750806859,3.003635479554665,0.9973486153421701,1.0028062616376416,0.1911782949467493
train,01899,train:01k,38,True,True,512,640,512,640,5.2184969528371425,1.1671078053208532,0.21124384701251983,4.676051139831543,-0.03874890133738518,4.676211686790358,0.565160905414777,,,,,,,
train,01989,train:01k,4,True,True,512,640,512,640,-1.2386676161808623,-0.15189413140558372,0.3816027203109115,-1.2102532386779785,-0.3231170177459717,1.2526442068231451,0.6974042320912535,,,,,,,
train,02080,train:02k,3,True,True,512,640,512,640,0.8857393886304408,-2.7731688672848804,0.3132790688890964,0.37530532479286194,-2.5893096923828125,2.6163674760792777,0.7371706739780958,,,,,,,
train,02170,train:02k,12,True,True,512,640,512,640,0.47994605702325543,-0.11315881086579793,0.5981353485956789,0.3544559180736542,-0.21792301535606384,0.4160882580406665,0.850865270721065,,,,,,,
train,02260,train:02k,9,True,True,512,640,512,640,0.48475110772363905,-7.942488536018459,0.21710867923684418,-0.05930090323090553,-6.987603187561035,6.987854814171309,0.7572611424683962,,,,,,,
train,02351,train:02k,10,True,True,512,640,512,640,0.823080813840761,-4.670419478887766,0.35824639252386986,0.671212911605835,-4.878169059753418,4.924130395129879,0.7226091793809675,,,,,,,
train,02441,train:02k,10,True,True,512,640,512,640,0.7330975552733889,-3.3950008131176332,0.22186723677441478,0.516473650932312,-3.1710703372955322,3.212854200891001,0.7025106073599846,,,,,,,
train,02532,train:02k,20,True,True,512,640,512,640,-0.7539435867027464,0.41341643479526624,0.3151631748303771,-1.205604910850525,0.6050732731819153,1.3489243370130064,0.7269076477233366,,,,,,,
train,02622,train:02k,14,True,True,512,640,512,640,0.6805712236531463,-0.24417908942984923,0.4803998438641429,0.22029215097427368,0.02111325040459633,0.22130160668987328,0.8233644017408133,,,,,,,
train,02712,train:02k,1,True,True,512,640,512,640,-0.9879198789392376,0.9627441056336465,0.14885512203909457,-1.299512267112732,-0.38126397132873535,1.3542873949829966,0.28396568632373836,True,0.39967455305213173,0.7723362751554472,2.9375282748395635,1.0009485067584385,1.0046011035571167,-0.13011570390950328
train,02803,train:02k,11,True,True,512,640,512,640,-0.6654678172818649,-8.821095070087893,0.31609858721494677,-0.5124545693397522,-7.939284801483154,7.955806234738161,0.4938597536498707,,,,,,,
train,02893,train:02k,3,True,True,512,640,512,640,0.9845355587798394,-5.0976791085681725,0.28849934972822666,0.9373014569282532,-4.926040172576904,5.0144197872736305,0.8476848688233423,,,,,,,
train,02984,train:02k,40,True,True,512,640,512,640,0.40765227882542376,-2.7348373336790814,0.4009567336179316,0.34902477264404297,-2.5738370418548584,2.5973939651010576,0.7156361027632163,,,,,,,
train,03074,train:03k,24,True,True,512,640,512,640,-1.5103185880590786,1.8730317008322004,0.21447919523343445,-0.748399019241333,0.01205743569880724,0.7484961414443095,0.5875299882410709,,,,,,,
train,03164,train:03k,20,True,True,512,640,512,640,0.2136586595408403,-3.6146526347766326,0.330822181282565,-0.0846104845404625,-3.7440431118011475,3.744999032993172,0.7291503372772958,,,,,,,
train,03255,train:03k,19,True,True,512,640,512,640,-0.8935300472999188,-1.2330803825192334,0.5022647286765277,-0.955280601978302,-0.9512050747871399,1.3480920305442192,0.7522582813034779,,,,,,,
train,03345,train:03k,23,True,True,512,640,512,640,0.6647254543619852,-11.270693619773567,0.38161927200853824,0.20891141891479492,-10.360880851745605,10.362986828372492,0.7071481799919547,,,,,,,
train,03436,train:03k,7,True,True,512,640,512,640,0.34082433647074595,-0.1403185858919187,0.44613539408892394,0.3308124542236328,-0.18838240206241608,0.3806899122333936,0.6870954576469387,,,,,,,
train,03526,train:03k,8,True,True,512,640,512,640,0.6856448410761118,0.67959459234919,0.34097965946421027,0.849331259727478,0.4787033498287201,0.9749464015460043,0.7220237802320699,,,,,,,
train,03616,train:03k,2,True,True,512,640,512,640,0.11946449814189464,-1.1038081168444478,0.30077866548672316,0.34308886528015137,-0.3040420711040497,0.4584228948039811,0.7221710113248775,True,0.7185245003688759,0.8825524257927987,1.6554229773560694,0.9989527984726115,1.0025479867631817,0.027093458142934193
train,03707,train:03k,6,True,True,512,640,512,640,-0.13348637410587116,8.844889543989694,0.20460509234108032,-0.5661116242408752,8.307995796203613,8.327261045556188,0.772889869806409,,,,,,,
train,03797,train:03k,38,True,True,512,640,512,640,0.4120834541864724,-2.670555806181085,0.38137821522541343,0.7316854596138,-1.5812994241714478,1.7423752410704219,0.8037608091898811,,,,,,,
train,03888,train:03k,2,True,True,512,640,512,640,0.5542202539118648,-1.0722451671894646,0.46762270270846784,0.42882704734802246,-0.4127890169620514,0.5952204709699758,0.7691271876763033,,,,,,,
train,03978,train:03k,14,True,True,512,640,512,640,3.3403869427318114,-2.165911998797924,0.28385140709578993,1.6694977283477783,-2.1719796657562256,2.7394740979642274,0.7103062896280119,,,,,,,
train,04068,train:04k,16,True,True,512,640,512,640,7.0894417195953,-2.7399468541162832,0.2848817301914096,5.541832447052002,-2.529695987701416,6.091901891970276,0.7840112989647259,,,,,,,
train,04159,train:04k,28,True,True,512,640,512,640,0.8384847254314991,-0.5428553002226408,0.5012247275561095,0.7982869744300842,-0.3853265941143036,0.8864190192434203,0.787129133744548,,,,,,,
train,04249,train:04k,7,True,True,512,640,512,640,1.4565483805102986,-11.898091193338871,0.29423710121773183,0.23055365681648254,-12.151924133300781,12.154111038252422,0.5983021756921443,,,,,,,
train,04340,train:04k,7,True,True,512,640,512,640,0.10881734663354337,-1.1813207295051598,0.16567186452448368,0.7605602145195007,-0.7137179970741272,1.0429981875619214,0.7473935615959759,,,,,,,
train,04430,train:04k,11,True,True,512,640,512,640,1.1007324247946713,-4.321441119691315,0.35251225139945747,0.8823645710945129,-5.098907470703125,5.174690776376396,0.7739520567274011,,,,,,,
train,04520,train:04k,5,True,True,512,640,512,640,0.3641335146199367,-0.32256281813027954,0.44383960124105215,0.35495948791503906,-0.1038520559668541,0.36983981341852495,0.8445199769931323,True,0.8317367695298211,0.4542023014280886,3.106052024492282,0.9968529980322179,1.0062773881129978,0.08875988793672109
train,04611,train:04k,1,True,True,512,640,512,640,-5.104988586724971,-1.6926488873756398,0.4292645713314414,-4.881603240966797,-1.6121900081634521,5.140934431077643,0.8159788600684346,,,,,,,
train,04701,train:04k,2,True,True,512,640,512,640,9.329146110110116,0.04598751856062222,0.10455951844342053,7.896081447601318,-0.9649330377578735,7.954822310681136,0.805985495304642,,,,,,,
train,04792,train:04k,9,True,True,512,640,512,640,1.3367082137054354,-5.941886704182025,0.10919702723622322,1.2992839813232422,-2.8236608505249023,3.108247008027224,0.6662947080843867,,,,,,,
train,04882,train:04k,4,True,True,512,640,512,640,8.034717837989376,-0.5791673328869251,0.3346384362783283,7.906567573547363,-0.46366047859191895,7.920150998212013,0.7883450317833344,,,,,,,
train,04972,train:04k,6,True,True,512,640,512,640,-0.7024567398669319,1.6752292201617252,0.30174549780786036,0.08749596029520035,0.46991750597953796,0.47799372955511493,0.7905530132288827,,,,,,,
train,05063,train:05k,16,True,True,512,640,512,640,8.565214596237638,1.413755163284577,0.3501753032207489,8.746915817260742,1.4971061944961548,8.874111970887279,0.7598435848242454,,,,,,,
train,05153,train:05k,12,True,True,512,640,512,640,0.7684130397902891,-0.46588419881817345,0.4349762097001076,0.5314593315124512,-0.4739627242088318,0.7121022995266332,0.8203194385839552,,,,,,,
train,05244,train:05k,24,True,True,512,640,512,640,0.9128926527627641,-0.46889855359785315,0.3294400151818991,0.5853735208511353,-0.020636538043618202,0.5857371642776991,0.8392846996439247,,,,,,,
train,05334,train:05k,20,True,True,512,640,512,640,0.8676510203816861,-2.9514051529728818,0.49362669698894024,0.47748568654060364,-2.6021978855133057,2.6456429116986047,0.7884477712485499,,,,,,,
train,05424,train:05k,4,True,True,512,640,512,640,-0.012440340681507678,-3.4285082697895177,0.2712300753220916,0.22607986629009247,-2.9017741680145264,2.9105678875604575,0.8825756538380188,True,0.8085182733018126,2.514974996268288,4.29454206320638,0.9981872059642484,0.9993383834459739,0.2871816659928882
train,05515,train:05k,19,True,True,512,640,512,640,0.4193567559003668,0.14726837552854022,0.47618918484076855,-0.052999697625637054,0.03495338186621666,0.06348784806791392,0.8562219265807003,,,,,,,
train,05605,train:05k,11,True,True,512,640,512,640,5.126116447460902,-0.2582273153672645,0.12368009854108095,1.9431580305099487,-0.4099372625350952,1.9859284203490493,0.76434548716831,,,,,,,
train,05696,train:05k,13,True,True,512,640,512,640,-3.0989915540438915,-0.7993695926222699,0.6295315910130739,-2.753035068511963,-0.8243646025657654,2.8738091597077355,0.8354772945233943,,,,,,,
train,05786,train:05k,11,True,True,512,640,512,640,-0.11824291457025993,-6.510193224699435,0.3474912142381072,-0.27546370029449463,-6.545389652252197,6.551183553373395,0.82078221309049,,,,,,,
train,05876,train:05k,30,True,True,512,640,512,640,2.406011655222244,0.210422778409054,0.6429209370166064,2.0922536849975586,0.14434310793876648,2.097226839232057,0.8812444654861005,,,,,,,
train,05967,train:05k,11,True,True,512,640,512,640,1.1937844314869608,-5.210647578154351,0.40279272284242323,1.0959482192993164,-5.0196685791015625,5.137915447280623,0.8982436021506,,,,,,,
train,06057,train:06k,4,True,True,512,640,512,640,0.3910530231287339,-0.09666445274888247,0.47464982920791954,0.3643462061882019,0.0904540866613388,0.3754065792676957,0.8690592818668201,,,,,,,
train,06147,train:06k,22,True,True,512,640,512,640,0.6896681688281205,-0.13212155296969286,0.49527647872455416,0.2229354977607727,0.15992483496665955,0.2743650651977339,0.8628450349557505,,,,,,,
train,06238,train:06k,15,True,True,512,640,512,640,1.0489790217500286,-5.304193514217673,0.393072391115129,0.6718280911445618,-4.835339546203613,4.881788761420501,0.8260287282295232,,,,,,,
train,06328,train:06k,18,True,True,512,640,512,640,1.2431710405472245,1.4344677466688154,0.37288621938787403,0.7269260883331299,1.4622703790664673,1.6329899569178297,0.7495507404782139,True,0.764532097138545,1.1239913675378943,2.3083775560198276,1.0020145690259066,1.0013167410304138,0.1061662778511489
train,06419,train:06k,10,True,True,512,640,512,640,0.3337151177255464,-0.5510394964832699,0.3738114431500435,0.23415394127368927,-0.07179806381464005,0.2449143323318042,0.7724769606971136,,,,,,,
train,06509,train:06k,13,True,True,512,640,512,640,0.673182873794417,-0.2599099189609433,0.42139931200072167,0.3278120458126068,0.04671714827418327,0.33112419018054035,0.8470237672283772,,,,,,,
train,06599,train:06k,12,True,True,512,640,512,640,0.47389073621030775,-1.0338069015610358,0.5537417576648295,0.30369919538497925,-0.9131391048431396,0.9623181522091403,0.9001174114464051,,,,,,,
train,06690,train:06k,4,True,True,512,640,512,640,1.1421158400776221,-1.7136679329248636,0.3990596647374332,0.7879042029380798,-1.5400655269622803,1.7299118071003206,0.6795358574925979,,,,,,,
train,06780,train:06k,16,True,True,512,640,512,640,0.6355469019459292,0.3815049016550063,0.3362155846785754,0.25980842113494873,-0.787585437297821,0.8293318013534963,0.8318022883591297,,,,,,,
train,06871,train:06k,17,True,True,512,640,512,640,0.5455181353964917,-0.4043993173259537,0.39556980193592606,0.46601375937461853,-0.24685822427272797,0.5273592767910216,0.8069979162624457,,,,,,,
train,06961,train:06k,22,True,True,512,640,512,640,-1.440825733006136,-0.458676358844059,0.1956840367987752,-1.5154998302459717,0.5894834995269775,1.6261090159304021,0.7860754727124462,,,,,,,
train,07051,train:07k,2,True,True,512,640,512,640,0.8469237648881744,-0.2592530878072239,0.5276755895465612,0.8278107643127441,0.20004287362098694,0.8516383110209356,0.8799820254578534,,,,,,,
train,07142,train:07k,2,True,True,512,640,512,640,0.4513873925884013,-3.163831293642886,0.3627345704473555,0.3552328646183014,-2.624605655670166,2.648536432802227,0.8150602219399908,,,,,,,
train,07232,train:07k,13,True,True,512,640,512,640,0.21312726102598845,0.22411105274889564,0.2803811985999346,0.3870977759361267,0.04965081810951233,0.3902689993756097,0.6794962088797759,True,0.7443051635045127,0.6127042800476922,3.2411130053512958,0.999030427028951,1.0042155250872176,0.21063770832791315
train,07323,train:07k,4,True,True,512,640,512,640,0.3963325639404047,-3.162741251992088,0.3118363995105028,-0.023785969242453575,-1.612331509590149,1.61250695165945,0.8361788266574607,,,,,,,
train,07413,train:07k,7,True,True,512,640,512,640,0.016771042264110747,-1.4748796090966039,0.2160174472257495,-0.06327357143163681,-1.3902963399887085,1.3917354122920467,0.7302792931921535,,,,,,,
train,07503,train:07k,6,True,True,512,640,512,640,0.2704913981992263,2.9377792533801426,0.35086787478066983,0.1423744559288025,0.9161160588264465,0.9271133258349401,0.8172516525709868,,,,,,,
train,07594,train:07k,8,True,True,512,640,512,640,-1.3825536827657743,-2.3984556731228395,0.05464029870927334,0.47969958186149597,-0.8165510296821594,0.9470307666137826,0.7018286725723488,,,,,,,
train,07684,train:07k,7,True,True,512,640,512,640,1.13446547021249,-7.207825904651713,0.39676768649369476,0.902727484703064,-7.046702861785889,7.104290121746137,0.8538671344098742,,,,,,,
train,07775,train:07k,16,True,True,512,640,512,640,0.36625761979644267,-0.16737793385226496,0.5114777031354606,0.3620027005672455,-0.25246256589889526,0.4413426133948917,0.7919068277014899,,,,,,,
train,07865,train:07k,19,True,True,512,640,512,640,0.12741946544610983,0.3295168623758684,0.4761552819982171,0.20953306555747986,-0.1270066797733307,0.24502000381389377,0.8320121330772512,,,,,,,
train,07955,train:07k,19,True,True,512,640,512,640,0.6096851808013071,-0.6692106905226751,0.5081081689801067,0.2325773537158966,-0.3984127342700958,0.46132952679192707,0.8594925125933874,,,,,,,
train,08046,train:08k,11,True,True,512,640,512,640,-6.463713152990579,-0.6025228315152731,0.34698014287278056,-5.677374362945557,-0.2023928463459015,5.680980771071441,0.7826798632800517,,,,,,,
train,08136,train:08k,13,True,True,512,640,512,640,-0.07022027547816379,-0.06150645741269045,0.421821666136384,0.3235040605068207,-0.04411865025758743,0.3264985948897055,0.7230745078356537,True,0.7362763017652602,0.4656296463658594,2.6810766708490448,0.9980497066927438,0.9986248265328531,0.09394406199786236
train,08227,train:08k,26,True,True,512,640,512,640,0.5584121640470698,-1.9233386483295476,0.6189693998545408,0.44550609588623047,-1.9725326299667358,2.022216768241051,0.8830773837017114,,,,,,,
train,08317,train:08k,1,True,True,512,640,512,640,4.27966123235916,0.9222492334998833,0.25323546705767513,3.2038681507110596,1.3388683795928955,3.4723680198121873,0.8572681002031649,,,,,,,
train,08407,train:08k,21,True,True,512,640,512,640,8.746843773484443,-3.870722316534909,0.3541055083274841,5.914768218994141,-2.18904972076416,6.306855140591131,0.7913540376909868,,,,,,,
train,08498,train:08k,5,True,True,512,640,512,640,1.1651743297474013,-0.04018190607706629,0.5006870284676552,1.2881747484207153,0.40684518218040466,1.3508949569571203,0.7148178136878786,,,,,,,
train,08588,train:08k,16,True,True,512,640,512,640,0.3787283434480173,-0.6918120691552758,0.4477977811358869,0.6430268883705139,-0.05133171007037163,0.6450724948610148,0.7395937652027503,,,,,,,
train,08679,train:08k,7,True,True,512,640,512,640,0.22151144407825996,1.7545318579220464,0.5380459571257233,0.250639408826828,2.177234172821045,2.19161327714467,0.866956872041756,,,,,,,
train,08769,train:08k,7,True,True,512,640,512,640,-0.017926043375894096,0.16176509176909804,0.4901526069268584,0.7226333022117615,0.04516974091529846,0.7240436416127347,0.9153533722161434,,,,,,,
train,08859,train:08k,23,True,True,512,640,512,640,0.3177714877996891,0.5706920545444518,0.5755754802376032,0.22370097041130066,0.7980049252510071,0.8287665442619068,0.8843956846832884,,,,,,,
train,08950,train:08k,4,True,True,512,640,512,640,-8.15997599300158,-2.993956237822715,0.25411902538035064,-7.343879222869873,0.07413164526224136,7.34425336851399,0.8451240087116522,,,,,,,
train,09040,train:09k,19,True,True,512,640,512,640,5.913597787994604,-1.98995760378466,0.2649470209609717,5.38129997253418,-1.4386800527572632,5.570295296355302,0.7357408535864199,True,0.7601251092784748,4.795042445255427,7.202872655145244,1.000440616699861,1.0008046821937446,0.041115127649585505
train,09131,train:09k,5,True,True,512,640,512,640,0.12401197631999139,-1.2606930748806917,0.3863750072196126,0.17623910307884216,-0.6071942448616028,0.6322539619860731,0.8326339354053185,,,,,,,
train,09221,train:09k,12,True,True,512,640,512,640,2.2306021889460794,0.6259451421319682,0.5080305935814977,2.5848991870880127,0.5112113356590271,2.6349650542492125,0.8201298588961388,,,,,,,
train,09311,train:09k,2,True,True,512,640,512,640,-2.0235799201322493,-0.22614917194266582,0.281945836590603,-3.3939452171325684,0.3150816261768341,3.408539359909355,0.853644779765906,,,,,,,
train,09402,train:09k,14,True,True,512,640,512,640,0.2655769188111776,-0.13135704431545037,0.6593044335953891,0.31162533164024353,-0.14046983420848846,0.34182176882470783,0.8835338656569447,,,,,,,
train,09492,train:09k,5,True,True,512,640,512,640,0.6241842969428717,0.1790053049372773,0.6492125775665045,0.4954640865325928,-0.2647268772125244,0.5617517072179412,0.8987786017203656,,,,,,,
train,09583,train:09k,17,True,True,512,640,512,640,-4.38297806416341,-0.05121629014786322,0.5775378603488207,-4.536229610443115,-0.26835328340530396,4.544160270432295,0.9077969709878182,,,,,,,
train,09673,train:09k,5,True,True,512,640,512,640,8.301764893278346,-5.678015768663727,0.45318656247109174,7.508508205413818,-5.5185933113098145,9.3183994122596,0.7667956429145065,,,,,,,
train,09763,train:09k,5,True,True,512,640,512,640,4.2306131570006755,3.254895318352993,0.32345895282924175,0.7746165990829468,-0.7049241662025452,1.047353309858323,0.8480564293943604,,,,,,,
train,09854,train:09k,22,True,True,512,640,512,640,-0.9706728919038028,-2.0172661158518963,0.18361476892605424,0.390617311000824,-0.7379492521286011,0.834955676889903,0.5386818866087074,,,,,,,
train,09944,train:09k,17,True,True,512,640,512,640,0.284390588357212,-1.4731256246662383,0.43653660556301477,0.010898253880441189,-1.371311902999878,1.371355208269101,0.802101608290573,True,0.7480128547735738,1.6451039068885644,3.319977392031408,0.9957324092985032,1.00132687040236,0.0734022378848106
train,10035,train:10k,21,True,True,512,640,512,640,-9.928878374017586,-5.440871923122586,0.5860099999234081,-10.692537307739258,-5.377540111541748,11.968637839313056,0.8289394885730706,,,,,,,
train,10125,train:10k,12,True,True,512,640,512,640,-0.10714161664463973,-0.32445473421506676,0.53209123974666,-0.326844722032547,-0.47562721371650696,0.5771037330916,0.837585605126528,,,,,,,
train,10215,train:10k,4,True,True,512,640,512,640,0.11670471560665874,-3.103807284613538,0.3489091623108834,0.1467021256685257,-1.7352784872055054,1.741468616379259,0.8002161758394853,,,,,,,
train,10306,train:10k,15,True,True,512,640,512,640,1.1264226513266635,-4.023657350572307,0.14702300801873208,1.0749316215515137,-3.6559290885925293,3.8106817620772757,0.31568959798964424,,,,,,,
train,10396,train:10k,14,True,True,512,640,512,640,-0.29885101176051876,-3.5169022733395536,0.14387025479227306,0.17620499432086945,-2.7974045276641846,2.802948499601749,0.32906996927993415,,,,,,,
train,10487,train:10k,3,True,True,512,640,512,640,0.29245997801268686,-0.7267893193068744,0.33771243300288917,0.3560255467891693,-0.3665194809436798,0.5109703708413547,0.8209776274825932,,,,,,,
train,10577,train:10k,4,True,True,512,640,512,640,1.1818997008235215,-10.069845889672592,0.16052579851821064,0.30881205201148987,-7.593669891357422,7.5999465328629645,0.6015079539257829,,,,,,,
train,10667,train:10k,11,True,True,512,640,512,640,-2.0025661527278658,-10.244486311089304,0.1558600777760148,-2.402256488800049,-10.459405899047852,10.731729031196181,0.30988181796612524,,,,,,,
train,10758,train:10k,12,True,True,512,640,512,640,0,0,0.027598132845014334,-2.6890034675598145,10.850736618041992,11.178963494110983,0.21477100665989549,,,,,,,
train,10848,train:10k,7,True,True,512,640,512,640,-2.200034065523596,-0.9530861749793189,0.285952234454453,-3.6859662532806396,0.3683849275112152,3.704329180181097,0.6125747962352314,True,0.6752871584888913,4.3426737846889525,10.426123312518728,1.003775266321574,1.009747717999731,-0.31496949556480514
train,10939,train:10k,5,True,True,512,640,512,640,0,0,0.00945811914280057,-0.5528203248977661,-5.382450580596924,5.410765617192103,0.02029853110487811,,,,,,,
train,11029,train:11k,15,True,True,512,640,512,640,5.1456027350180875,-3.8095553400695508,0.65028093860019,5.122790813446045,-3.760979175567627,6.355151459830091,0.875531572837666,,,,,,,
train,11119,train:11k,29,True,True,512,640,512,640,0.7039018345828936,0.13547352177653238,0.19211924094706773,-0.2809692621231079,-1.508512020111084,1.534455030646916,0.48303154876355,,,,,,,
train,11210,train:11k,21,True,True,512,640,512,640,0.5299818304373503,-7.569227442840258,0.3011222888715565,0.6283397674560547,-7.626641273498535,7.652481164824784,0.7755194915306723,,,,,,,
train,11300,train:11k,5,True,True,512,640,512,640,-0.39000673459923973,0.0696399572597386,0.33399187298491595,-0.471561074256897,0.10938689857721329,0.48408195621677563,0.7489874065696068,,,,,,,
train,11391,train:11k,6,True,True,512,640,512,640,1.380440796119899,-3.8024710752652027,0.16775119523517787,0.007026237901300192,-3.414123773574829,3.4141310035363137,0.40386770429472096,,,,,,,
train,11481,train:11k,9,True,True,512,640,512,640,0.2612782384928778,-0.32374555589069587,0.3452634516172111,0.08728668838739395,-0.601457953453064,0.6077586986144963,0.5042022955660004,,,,,,,
train,11571,train:11k,16,True,True,512,640,512,640,0.07385632773548423,0.18584516451866762,0.2641145812347531,-0.29883792996406555,0.45473602414131165,0.5441405701076288,0.5832512201407845,,,,,,,
train,11662,train:11k,39,True,True,512,640,512,640,3.331303027530737,-0.3043499381784045,0.4662373582832515,2.842254638671875,-0.48708418011665344,2.8836890313575254,0.8175546527705905,,,,,,,
train,11752,train:11k,41,True,True,512,640,512,640,0,0,0.01179415782680735,0.7869265675544739,0.8405036926269531,1.1513904116513258,0.15906084056957565,True,0.09522431697990681,0.8238873670412675,5.288937550418043,1.0068572554538227,1.0072929298108557,-0.4754753987208357
train,11843,train:11k,8,True,True,512,640,512,640,-1.4098424687691136,-0.6682543726570316,0.5549619829282164,-1.5930694341659546,-0.6147480010986328,1.7075670783101315,0.8517671270544104,,,,,,,
train,11933,train:11k,5,True,True,512,640,512,640,0,0,0.02922860919497907,-4.469379425048828,-4.21994686126709,6.146812503807787,0.033295947777382755,,,,,,,
train,12023,train:12k,28,True,True,512,640,512,640,0.8884679120922101,-3.3021613621230586,0.21182960188016295,0.0783560648560524,-2.852454662322998,2.853530668051061,0.43130565433430207,,,,,,,
train,12114,train:12k,44,True,True,512,640,512,640,0.1846090049147051,0.2861535332593519,0.2343099232763052,0.3319152295589447,0.6256293654441833,0.7082230033818857,0.5172904799167981,,,,,,,
train,12204,train:12k,1,True,True,512,640,512,640,-3.2005468519207056,0.3470601837096581,0.33485953845083716,-3.0566024780273438,0.39959245920181274,3.0826113673529867,0.8187705080931393,,,,,,,
train,12294,train:12k,6,True,True,512,640,512,640,0.42651215479935445,-0.5155910390625422,0.5355732226045802,0.5929663777351379,-0.5337591171264648,0.7978144647973948,0.7933900139640028,,,,,,,
train,12385,train:12k,8,True,True,512,640,512,640,0.8432438009627958,0.4793736430158333,0.2055974128190428,0.10904098302125931,0.08319690078496933,0.13715560607742794,0.7005807949432334,,,,,,,
train,12475,train:12k,10,True,True,512,640,512,640,-0.737428801678675,-1.6260713284700614,0.2721318497788161,-1.409597635269165,-1.342915654182434,1.9468918684931265,0.7026758126661213,,,,,,,
train,12566,train:12k,39,True,True,512,640,512,640,-0.18005758416228446,-0.30860336141654443,0.27859388925135137,0.07309941947460175,-0.0010492538567632437,0.07310694947253453,0.51863478625871,,,,,,,
train,12656,train:12k,3,True,True,512,640,512,640,-13.226308139838522,3.824591659953768,0.008670619828626514,-1.7216780185699463,-1.2731919288635254,2.141306350653769,0.32649964668421855,True,0.23362810334804865,3.235289105289988,7.087528993290206,1.0022008796326316,1.0070574308124365,-0.22757594384992888
train,12746,train:12k,45,True,True,512,640,512,640,0.5307941820919382,-0.44393382873397513,0.15297368997707964,1.1261439323425293,-0.41770023107528687,1.2011134997960198,0.2772340448073506,,,,,,,
train,12837,train:12k,3,True,True,512,640,512,640,0,0,0.025313423620536922,0.16949373483657837,-0.3957107663154602,0.43048244647932055,0.06616785678373782,,,,,,,
train,12927,train:12k,81,True,True,512,640,512,640,-4.466230997715513,0.7227767597163961,0.07653781129047274,-1.5463823080062866,0.7029342651367188,1.6986508833830891,0.33085087449332345,,,,,,,
train,13018,train:13k,5,True,True,512,640,512,640,0.723553213292405,-1.5129792692152364,0.1599631326738745,0.0015492665115743876,-0.48557597398757935,0.48557844550670726,0.5015531003160545,,,,,,,
train,13108,train:13k,37,True,True,512,640,512,640,1.7990718551172904,-3.803168789041422,0.15834028031677008,1.0447648763656616,-3.3278708457946777,3.488016343593811,0.3986241901210292,,,,,,,
train,13198,train:13k,41,True,True,512,640,512,640,11.19218864065948,-0.1435920155805661,0.38393415361642835,10.505098342895508,-0.17306508123874664,10.506523816955355,0.6166298073876433,,,,,,,
train,13289,train:13k,15,True,True,512,640,512,640,0,0,0.09041380477137864,-3.723262310028076,-1.879712462425232,4.170851372402562,0.26293828130489977,,,,,,,
train,13379,train:13k,20,True,True,512,640,512,640,0,0,0.009149352274835109,0.32036539912223816,-3.437128782272339,3.4520266880312036,0.31661013664679283,,,,,,,
train,13470,train:13k,9,True,True,512,640,512,640,2.6291389978478037,-14.479999521974378,0.5966067722067236,2.436795711517334,-14.324453353881836,14.530242159964365,0.8702010214382547,,,,,,,
train,13560,train:13k,14,True,True,512,640,512,640,6.3262286565164345,1.5184650700035718,0.330952637642622,5.774838924407959,1.5269478559494019,5.973301796966712,0.6799517025676438,True,0.627394442935226,5.30191200692639,7.4525080891196716,0.9971527481401053,1.0048600255657867,-0.003988774554976938
train,13650,train:13k,10,True,True,512,640,512,640,-6.310333033911547,-8.882180629870675,0.3660938864573836,-6.554180145263672,-8.397664070129395,10.652607155589223,0.8067971497889028,,,,,,,
train,13741,train:13k,28,True,True,512,640,512,640,0.9214925170081187,-3.4084931935341274,0.3428969163447618,0.5127049088478088,-3.9031739234924316,3.936703316302607,0.8195138528687149,,,,,,,
train,13831,train:13k,6,True,True,512,640,512,640,0.7856210986203109,-0.7981319309899959,0.1664105170406401,0.11555381119251251,-1.9445321559906006,1.9479625224738202,0.8277580952034459,,,,,,,
train,13922,train:13k,135,True,True,512,640,512,640,-0.38480493770543944,-1.0014538796787633,0.11756979627534747,-0.07643992453813553,-1.1999508142471313,1.202383058212211,0.29649410282687877,,,,,,,
train,14012,train:14k,9,True,True,512,640,512,640,0,0,0.2083435425069183,3.536569118499756,-29.522424697875977,29.73349762761999,0.2721203695767954,,,,,,,
train,14102,train:14k,24,True,True,512,640,512,640,-0.04624066412424099,-0.9309889049201274,0.31335831300821154,-0.18112757802009583,-1.183935523033142,1.1977105335677674,0.5290806201451359,,,,,,,
train,14193,train:14k,5,True,True,512,640,512,640,-0.613902101802239,-0.06775216568905762,0.06043827652465552,-1.484679102897644,-1.6174348592758179,2.1955335484983003,0.171251957685113,,,,,,,
train,14283,train:14k,2,True,True,512,640,512,640,0,0,0.2525697138160467,-3.6802079677581787,-17.45304298400879,17.83683380220854,0.5976411413203033,,,,,,,
train,14374,train:14k,5,True,True,512,640,512,640,1.3096560530950683,-0.7602355955763187,0.38552621034905316,0.8580055236816406,-0.8625553250312805,1.2166244972907723,0.7974499464165336,,,,,,,
train,14464,train:14k,85,True,True,512,640,512,640,0.3708072028573497,-0.38819124146414197,0.2513335321098566,0.7848297357559204,-0.32942911982536316,0.8511646486524339,0.700148753551514,True,0.6584049311826656,1.025223453783187,2.729621698684358,1.0021116193174964,1.002982210554602,0.25848576390952077
train,14554,train:14k,29,True,True,512,640,512,640,0.008557523544880041,5.346219975077787,0.25320233311504126,-0.593909740447998,4.5264458656311035,4.565242704861146,0.4782727112686097,,,,,,,
train,14645,train:14k,45,True,True,512,640,512,640,-0.5467566680281948,-3.6893682046919594,0.24316321071237326,-1.3128451108932495,-3.181981325149536,3.4421748123528975,0.6987462533081346,,,,,,,
train,14735,train:14k,34,True,True,512,640,512,640,3.280483385269008,-1.552973416225484,0.2521379203302786,2.235677480697632,-1.6055611371994019,2.752468049402853,0.6755262874390471,,,,,,,
train,14826,train:14k,27,True,True,512,640,512,640,0.9969386943892573,-4.115778338934206,0.11485408958978952,0.9514429569244385,-3.5692930221557617,3.6939269589815833,0.332656058401843,,,,,,,
train,14916,train:14k,7,True,True,512,640,512,640,-2.4863933846056057,-0.8176012747190384,0.4233332390896976,-3.0050740242004395,-0.29069143533706665,3.0191010916334924,0.7277781073540275,,,,,,,
train,15006,train:15k,3,True,True,512,640,512,640,0.2986785948097008,0.22018417256404632,0.5388536685524741,0.5056973099708557,-0.055087462067604065,0.508688900791839,0.8454159347950445,,,,,,,
train,15097,train:15k,109,True,True,512,640,512,640,1.2275459254919951,-1.558602108413993,0.3284960877150297,0.43385860323905945,-0.6385988593101501,0.7720374283134027,0.6735683210119789,,,,,,,
train,15187,train:15k,10,True,True,512,640,512,640,-0.31855358921455945,1.0682180354301067,0.37274055248126386,-0.18487386405467987,0.3215659260749817,0.37092181173795763,0.7419340743985487,,,,,,,
train,15278,train:15k,1,True,True,512,640,512,640,0.6000217828830046,-0.5058939684939219,0.3563115742057562,0.646256148815155,3.617586851119995,3.674858042874266,0.6585558619570111,,,,,,,
train,15368,train:15k,6,True,True,512,640,512,640,14.243216442310995,-5.0223059276012805,0.34587268251925707,13.815451622009277,-4.568849086761475,14.551325901706688,0.7137397905104058,True,0.618401956719164,14.00521130646675,17.3542714583293,0.9995032598915237,1.0027316447740813,0.5596996925825141
train,15458,train:15k,14,True,True,512,640,512,640,-0.6744570050123571,-7.101883793005527,0.5904105441644788,-0.6865553259849548,-6.832363605499268,6.866771486906292,0.8767968650119486,,,,,,,
train,15549,train:15k,1,True,True,512,640,512,640,1.4703616092306788,-2.7717199290826784,0.42377507463097575,1.143306851387024,-2.191218137741089,2.4715556808605457,0.8821768680465774,,,,,,,
train,15639,train:15k,21,True,True,512,640,512,640,-0.1818234862299164,1.4549986960245462,0.32960552390431985,-0.9728566408157349,1.2516300678253174,1.585253251144335,0.6643417964944678,,,,,,,
train,15730,train:15k,10,True,True,512,640,512,640,4.709531132121413,-14.434785638445987,0.5401006759842858,5.134827613830566,-14.258098602294922,15.154531677901542,0.8596560232695566,,,,,,,
train,15820,train:15k,21,True,True,512,640,512,640,0.7850954294191297,-0.5873806528152272,0.3339981012046337,0.3188978433609009,-0.02063143439590931,0.3195645327402063,0.7345466151318557,,,,,,,
train,15910,train:15k,5,True,True,512,640,512,640,-0.2811601135556998,-3.034962344270184,0.607795425504446,-0.5259537696838379,-3.0391557216644287,3.0843305381184862,0.8316590419525584,,,,,,,
train,16001,train:16k,8,True,True,512,640,512,640,1.791256338965411,-6.748531729405613,0.21561909173615276,1.0985288619995117,-6.192982196807861,6.289657713311994,0.501025329828252,,,,,,,
train,16091,train:16k,16,True,True,512,640,512,640,0.11224149046927323,-0.5561903848951033,0.5104051060043275,-0.03348393365740776,-0.5231564044952393,0.5242268567877462,0.7905048226425883,,,,,,,
train,16182,train:16k,15,True,True,512,640,512,640,-1.4936613346974354,-3.6564774036600625,0.16467743855901062,-0.5558767318725586,-4.118987083435059,4.156326928255544,0.33271128853985943,,,,,,,
train,16272,train:16k,1,True,True,512,640,512,640,1.6482510227520493,-6.54786385584282,0.3353527839761227,0.9018784165382385,-6.411109924316406,6.4742347146119,0.8457873204144439,True,0.8336176853750189,7.362029634922962,8.54219506564442,0.9935601075607144,1.0018497436642249,-0.02457687481018162
train,16362,train:16k,6,True,True,512,640,512,640,-2.6283272791107493,-2.6775547981228556,0.4509902460500598,-3.6030101776123047,-2.5610430240631104,4.42047776954937,0.833914104023698,,,,,,,
train,16453,train:16k,35,True,True,512,640,512,640,8.108331882410937,-0.4750692112811521,0.4642638840712607,7.266895294189453,-0.5129699110984802,7.284978060804658,0.769861834931192,,,,,,,
train,16543,train:16k,7,True,True,512,640,512,640,0.3268261968628394,0.9426015397581011,0.2238467464921996,-1.0458154678344727,1.798831820487976,2.0807512852722025,0.656426470218786,,,,,,,
train,16634,train:16k,19,True,True,512,640,512,640,0.628979388452592,-0.8759160930120515,0.3254685377702117,0.6576202511787415,-0.749930739402771,0.9974269440222566,0.7771136886552068,,,,,,,
train,16724,train:16k,17,True,True,512,640,512,640,0.80786020623691,-5.215200343684899,0.2636077912524343,0.4718870222568512,-4.97238826751709,4.994729466619393,0.6048240777406151,,,,,,,
train,16814,train:16k,21,True,True,512,640,512,640,-0.3893348318269432,-1.2655115268007648,0.32067930018529295,-0.6316096782684326,-1.557099461555481,1.680324230277812,0.483875039849293,,,,,,,
train,16905,train:16k,49,True,True,512,640,512,640,0,0,0.015250790922436863,3.584669351577759,-3.166339159011841,4.782839954465623,0.17670651148876249,,,,,,,
train,16995,train:16k,30,True,True,512,640,512,640,-3.2220874074995436,-0.8916862213041554,0.050974901346489784,-3.0656802654266357,-0.6877038478851318,3.141867608958459,0.2417539376763575,,,,,,,
train,17086,train:17k,57,True,True,512,640,512,640,1.8486617150349502,-9.313813936758095,0.12366847321391106,0.04447932913899422,-7.531245708465576,7.531377054164916,0.6353049624778041,,,,,,,
train,17176,train:17k,1,True,True,512,640,512,640,1.2695090659976245,-0.0959194341788816,0.19441345846280456,0.5492883920669556,0.3514340817928314,0.6520917508334789,0.5535909459355625,True,0.48866346155083773,1.1270330289418897,5.9831063179757935,0.9983286320180399,0.9974255528425071,-0.5227444768463779
train,17266,train:17k,34,True,True,512,640,512,640,-0.07770328022354533,-3.8055209856997863,0.46501905769109725,-0.37255051732063293,-3.562251329421997,3.5816795532158734,0.8643069833771303,,,,,,,
train,17357,train:17k,27,True,True,512,640,512,640,-4.867368937170227,-0.05057724892247961,0.3618782711215317,-4.7171854972839355,-0.20575600862503052,4.721670737236046,0.6396811573712656,,,,,,,
train,17447,train:17k,56,True,True,512,640,512,640,0.5127438984661694,0.6545722826250824,0.39932557037100197,0.4131441116333008,1.2626200914382935,1.3284944682914244,0.7047714796200905,,,,,,,
train,17538,train:17k,5,True,True,512,640,512,640,7.567926540865585,-8.434494681968147,0.42189503310364673,7.378699779510498,-8.043342590332031,10.91515324956995,0.8121737482208878,,,,,,,
train,17628,train:17k,83,True,True,512,640,512,640,2.9812544516257162,-3.358105334051629,0.19587609507143497,2.435976982116699,-2.056899309158325,3.1882312691237407,0.5614817776097258,,,,,,,
train,17718,train:17k,35,True,True,512,640,512,640,1.9471375541518796,-3.236867790996712,0.1162760759703815,1.9384067058563232,-2.6100945472717285,3.251155810324441,0.2948898238585181,,,,,,,
train,17809,train:17k,10,True,True,512,640,512,640,-2.0925185786644533,0.032627776795152386,0.3894082075916231,-2.107839822769165,0.05120834335684776,2.1084617646238923,0.8426940152381411,,,,,,,
train,17899,train:17k,10,True,True,512,640,512,640,10.335058174414485,-4.089529837329053,0.15674494383856655,11.577404022216797,-3.6182379722595215,12.129630246530285,0.5992741379267097,,,,,,,
train,17990,train:17k,37,True,True,512,640,512,640,4.471513197182105,0.10659465144053115,0.08358975471928716,3.373227119445801,-0.2728694677352905,3.384245698200229,0.21652898675804752,,,,,,,
val,00001,val:00k,39,True,True,512,640,512,640,1.5592682239434907,0.32766715205789865,0.1197887198999524,0.8170186877250671,0.2686426341533661,0.8600513943810859,0.17821572139510924,True,0.18413504016291227,0.5292533680373481,2.004621845263637,0.9988329812617024,0.9976152337530992,-0.1463605315063926
val,00030,val:00k,6,True,True,512,640,512,640,2.101778537634061,-2.985224038211811,0.363257094938308,2.0941226482391357,-2.159583806991577,3.008180826560851,0.7668262794375094,,,,,,,
val,00060,val:00k,5,True,True,512,640,512,640,0,0,0.3148541227914393,3.1103527545928955,-41.79348373413086,41.90906318319541,0.8861143371268467,,,,,,,
val,00090,val:00k,10,True,True,512,640,512,640,1.6248668600684937,0.9880526254864321,0.13491711202077566,1.9186700582504272,1.3588752746582031,2.3511352161252033,0.24256317308628908,,,,,,,
val,00120,val:00k,3,True,True,512,640,512,640,0.44777242997565736,-0.5980754454209318,0.34161325320601466,0.8397735953330994,-0.50721275806427,0.9810629303779874,0.7712688950599528,,,,,,,
val,00150,val:00k,4,True,True,512,640,512,640,0.42071194487181174,-1.7679248632267672,0.2791719170287251,-0.7612894773483276,-1.3326301574707031,1.5347523594774763,0.7709157611416987,,,,,,,
val,00180,val:00k,26,True,True,512,640,512,640,1.10992731865025,-1.674771947654449,0.1825782899511978,0.4991019368171692,-1.73692786693573,1.807213644888881,0.2962222730041511,,,,,,,
val,00210,val:00k,7,True,True,512,640,512,640,-0.9150009664069785,-8.524494920565814,0.4779055485501885,-1.2567763328552246,-8.353740692138672,8.44774942232063,0.8410671158265662,,,,,,,
val,00240,val:00k,30,True,True,512,640,512,640,0,0,0.0008568377466872335,-0.39437374472618103,-7.76146125793457,7.77147421722215,0.2029125841701711,,,,,,,
val,00270,val:00k,12,True,True,512,640,512,640,-0.06385364389660708,0.5300770945969759,0.4629582030698657,-0.07769942283630371,0.3908638060092926,0.39851187580442904,0.8214850224572499,,,,,,,
val,00300,val:00k,2,True,True,512,640,512,640,-0.15069557818594603,-13.400678885954278,0.24788789434824138,-0.32084283232688904,-12.848957061767578,12.852962214921602,0.6527559149811738,True,0.5961920190522815,13.43567547708187,14.92738575712126,0.9966473269952711,1.0004813101862644,-0.23652957091867263
val,00330,val:00k,9,True,True,512,640,512,640,0.420709567088295,-0.17780965598194598,0.3925605559721589,0.012602724134922028,-0.21161766350269318,0.21199260402655568,0.7937870704386362,,,,,,,
val,00360,val:00k,14,True,True,512,640,512,640,-0.6677631144585803,-9.022549774652816,0.5186508446931839,-0.7294136881828308,-8.582566261291504,8.613506136177516,0.8140832939788183,,,,,,,
val,00390,val:00k,33,True,True,512,640,512,640,1.1895683093169964,-0.10438314947464278,0.10535376924090087,-0.4351396858692169,1.7977920770645142,1.8497034623350577,0.4291791757590513,,,,,,,
val,00420,val:00k,4,True,True,512,640,512,640,-7.541337433564081,-0.71925228394025,0.3753916400950402,-7.57360315322876,-0.6717394590377808,7.603334704156131,0.9216564430401534,,,,,,,
val,00450,val:00k,11,True,True,512,640,512,640,1.215572765685863,4.009880996160746,0.34381267400458454,1.0803587436676025,2.907741069793701,3.1019563414052205,0.8257048634176574,,,,,,,
val,00480,val:00k,19,True,True,512,640,512,640,-0.24452088011537398,-5.129361243991923,0.3781464629340917,-0.24476219713687897,-4.221900939941406,4.22898995976881,0.7675442477463144,,,,,,,
val,00510,val:00k,14,True,True,512,640,512,640,0.06285807072140415,-3.863766925168136,0.40989693058654664,-0.16542568802833557,-3.8587636947631836,3.8623079771403606,0.7875590205450503,,,,,,,
val,00540,val:00k,19,True,True,512,640,512,640,0.7793262812302828,0.0346504713560023,0.5788864850648678,0.7498132586479187,-0.036169059574604034,0.7506851028991597,0.8788461644981675,,,,,,,
val,00570,val:00k,1,True,True,512,640,512,640,0.2545055146397317,-1.4822592872424707,0.4583032799884677,0.013209931552410126,-1.415666103363037,1.4157277345954287,0.8513911988404708,,,,,,,
val,00600,val:00k,7,True,True,512,640,512,640,-3.644933489053301,-0.44468525973292117,0.1953122690320015,-1.0886337757110596,-5.26633882522583,5.377680552031693,0.6889986297433255,True,0.7619838541174774,8.819306814109126,10.672308679095936,0.9951634663225752,1.0002090926497316,0.22906417979138888
val,00630,val:00k,5,True,True,512,640,512,640,0.41252921846967183,-0.6941403684896841,0.30412011900916697,0.4932071268558502,-1.201719045639038,1.2989926615008272,0.8608235781329154,,,,,,,
val,00660,val:00k,10,True,True,512,640,512,640,0.8555857293976032,-0.6821025852465823,0.5040702054742724,0.09225407987833023,-0.46155211329460144,0.47068159996000475,0.806208010263762,,,,,,,
val,00690,val:00k,13,True,True,512,640,512,640,-8.562892597865925,0.6368098878910473,0.1437047395389527,7.52664041519165,1.019191861152649,7.5953319867821545,0.7687562227742698,,,,,,,
val,00720,val:00k,8,True,True,512,640,512,640,0.8988204531020756,-0.6446499107206023,0.54210661619436,0.2287077158689499,-0.1827450394630432,0.2927506938443384,0.829602099306864,,,,,,,
val,00749,val:00k,12,True,True,512,640,512,640,8.00324515898376,-0.4488349047031761,0.26388967810198666,6.793703556060791,-0.6019033193588257,6.820314920404204,0.7480014353801872,,,,,,,
val,00779,val:00k,15,True,True,512,640,512,640,-0.5588554495684548,-4.203989752873952,0.3687963683158159,-0.5983967781066895,-4.309292793273926,4.350641686258599,0.8458899111700354,,,,,,,
val,00809,val:00k,27,True,True,512,640,512,640,0.15469971055750875,0.004723040602215178,0.48010624619200826,0.1603817343711853,-0.0213814377784729,0.16180070024998083,0.7274021958488162,,,,,,,
val,00839,val:00k,16,True,True,512,640,512,640,5.811793945343311,0.011650789402182227,0.2739523081108928,5.562766075134277,-0.7540377378463745,5.61363868776405,0.45830345346229223,,,,,,,
val,00869,val:00k,19,True,True,512,640,512,640,3.165224887912018,-5.37695935547606,0.1504825453273952,1.7112773656845093,-4.942142963409424,5.23003320191004,0.33364811122336785,,,,,,,
val,00899,val:00k,6,True,True,512,640,512,640,0.042780779721397266,0.7225486150876463,0.7372131754644216,-0.011454774998128414,0.704645574092865,0.7047386728134912,0.8092522967608393,True,0.8142713991976243,0.4239792065121072,4.1880964078431715,0.9987944284979174,1.003248933399336,0.24151185077591183
val,00929,val:00k,19,True,True,512,640,512,640,-5.4352850003975846,-3.0028094482298684,0.41818002788349984,-5.621328353881836,-3.584714889526367,6.667046820095679,0.7939898212065156,,,,,,,
val,00959,val:00k,13,True,True,512,640,512,640,2.1171615898340974,-3.758084462948773,0.49526283917948605,2.5602529048919678,-3.4163880348205566,4.26926248214757,0.8425244213563626,,,,,,,
val,00989,val:00k,4,True,True,512,640,512,640,0,0,0.00981334182433784,-1.323137879371643,-1.3850756883621216,1.9154969356070224,0.21730294124328342,,,,,,,
val,01019,val:01k,11,True,True,512,640,512,640,1.5385798257561873,-7.237796728499404,0.2553171076462604,1.1258924007415771,-8.122628211975098,8.200287968603384,0.5898358821440309,,,,,,,
val,01049,val:01k,79,True,True,512,640,512,640,-1.2391986189367117,-0.030675217964528656,0.2655555473640561,-1.4850842952728271,-0.03162131458520889,1.4854209072185856,0.4435316073587941,,,,,,,
val,01079,val:01k,10,True,True,512,640,512,640,-0.16166205291449387,-3.35415679647906,0.4345006265677512,-0.13723169267177582,-3.1847546100616455,3.187709908975794,0.8207490196970084,,,,,,,
val,01109,val:01k,4,True,True,512,640,512,640,0.6950850411486726,0.01792828316933992,0.22379100462421775,1.083040714263916,-0.4206552505493164,1.1618640318763644,0.4738818870713859,,,,,,,
val,01139,val:01k,7,True,True,512,640,512,640,0.14754440131054025,-11.501887321349557,0.3508971378207207,-0.0010767673375084996,-10.908852577209473,10.90885263035108,0.7760820326487557,,,,,,,
val,01169,val:01k,10,True,True,512,640,512,640,-0.02884118000855551,1.1943337995569152,0.41609295113012196,-0.22602111101150513,1.1916017532348633,1.2128480040529708,0.7660979558798633,,,,,,,
val,01199,val:01k,31,True,True,512,640,512,640,0.2730091795376097,1.1573586251311667,0.48474281560629606,0.07759232074022293,1.0910286903381348,1.0937843349485303,0.8305122103121975,True,0.7921801303766401,0.9662517620640897,3.907702864535538,0.9991577328253788,1.0076178535814437,0.1455680802258599
val,01229,val:01k,19,True,True,512,640,512,640,0.9661277422594026,-2.4368271296825696,0.32022461500018834,1.0122644901275635,-1.6984432935714722,1.9772174942203817,0.6983521639619186,,,,,,,
val,01259,val:01k,10,True,True,512,640,512,640,-3.9248160641927257,-0.500321062340106,0.4766169384121895,-3.1687872409820557,-0.7402815222740173,3.254109603383237,0.8269745618696557,,,,,,,
val,01289,val:01k,9,True,True,512,640,512,640,14.843836859901955,-0.6030262245361087,0.24586679693311453,14.95997428894043,-0.5145992040634155,14.96882236739355,0.7268647200535995,,,,,,,
val,01319,val:01k,70,True,True,512,640,512,640,-1.074624551881186,1.125926758360464,0.13503591986373067,-1.5425455570220947,0.12133591622114182,1.5473103114934086,0.3648043475984016,,,,,,,
val,01349,val:01k,22,True,True,512,640,512,640,0.10395973532700964,-0.26092206653913763,0.5389439240098,0.22698965668678284,-0.11761883646249771,0.25565307534542847,0.847297220483682,,,,,,,
val,01379,val:01k,27,True,True,512,640,512,640,-2.3904771143833727,-8.896757717237335,0.4661688795313239,-2.5070009231567383,-8.814881324768066,9.164452323977335,0.7955624047224399,,,,,,,
val,01409,val:01k,12,True,True,512,640,512,640,1.0005443101964033,-1.1175189098507303,0.28766951165162025,0.7574044466018677,-1.5135552883148193,1.6924866636160054,0.45341252304320595,,,,,,,
val,01439,val:01k,11,True,True,512,640,512,640,0.2377353914484388,-0.42850278522593044,0.18123156395740808,0.25072064995765686,-1.0818780660629272,1.110549861169344,0.40344114561565186,,,,,,,
val,01469,val:01k,9,True,True,512,640,512,640,0.3038625135505981,0.09761860648001175,0.30987001387402413,-0.3638588786125183,-0.031313519924879074,0.3652038062168097,0.5309318370128674,,,,,,,
test,00001,test:00k,23,True,True,512,640,512,640,-0.4598960019779952,0.6658064369732131,0.09264163635671138,-0.9135118126869202,0.9576295614242554,1.3234644720702382,0.20022694420790357,True,0.2556768063712354,0.5086428421977561,5.9320716484495435,0.9956481818112508,1.0204154543654615,-0.07312974453057944
test,00061,test:00k,18,True,True,512,640,512,640,-1.9921642496727827,1.084154822944896,0.1597150906221941,-1.088404655456543,1.832736611366272,2.1315600344962844,0.33595042847865647,,,,,,,
test,00121,test:00k,11,True,True,512,640,512,640,2.3863027065856954,-2.3376165798487705,0.2264833315741271,0.5047060251235962,-0.8059354424476624,0.9509259220304015,0.6883278713254641,,,,,,,
test,00181,test:00k,6,True,True,512,640,512,640,0.7499688128859816,-0.49194223568343887,0.2922132597537711,0.5081278681755066,1.1480423212051392,1.2554660894244292,0.6305018890789585,,,,,,,
test,00242,test:00k,1,True,True,512,640,512,640,0.9004321703503138,-0.06675822848586677,0.23583326041698455,-0.12208956480026245,-1.4544419050216675,1.4595571646619994,0.8183297151986698,,,,,,,
test,00302,test:00k,4,True,True,512,640,512,640,-3.7304513628623113,0.2785793037658095,0.08594851978123189,1.6240782737731934,-4.303965091705322,4.600189751516791,0.6150607522589567,,,,,,,
test,00362,test:00k,9,True,True,512,640,512,640,-4.618506030761466,0.0741749487240213,0.18993004309013486,-4.236629486083984,0.2514632046222687,4.244085666623041,0.5267308489326729,,,,,,,
test,00422,test:00k,5,True,True,512,640,512,640,0.7076699853654986,-0.09172157753818055,0.44373703717719765,0.6661810278892517,-0.04080456495285034,0.6674295276960492,0.8468907968936406,,,,,,,
test,00483,test:00k,23,True,True,512,640,512,640,3.0402941904937393,-0.47380660011896225,0.16237027996685355,1.9351516962051392,-0.5521360635757446,2.0123782745862036,0.39424866208983445,,,,,,,
test,00543,test:00k,8,True,True,512,640,512,640,-1.7119499830051268,-0.41503213496309854,0.4611815568059683,-1.7807674407958984,-0.3104419708251953,1.8076246555766506,0.9034871264119974,,,,,,,
test,00603,test:00k,1,True,True,512,640,512,640,0,0,0.09288220752496272,1.3145363330841064,-3.9323549270629883,4.146253856602942,0.5586548423685742,True,0.5930330875362674,0.7668569428821638,22.575467679497446,0.9943957932071891,1.076688083470465,0.32172625339455013
test,00663,test:00k,6,True,True,512,640,512,640,5.507623747448065,0.33302072967927643,0.32395073282532394,5.351441383361816,0.8714308142662048,5.421929227093441,0.7939236008850941,,,,,,,
test,00724,test:00k,1,True,True,512,640,512,640,0.011461047532009161,0.055637492945436406,0.3225659292191267,0.04985994100570679,0.011707747355103493,0.051216062570481675,0.7472639631185223,,,,,,,
test,00784,test:00k,17,True,True,512,640,512,640,0.8903790661379389,-7.228339415544269,0.14895194503478706,-0.31126898527145386,-6.29886531829834,6.306551567953248,0.4924767740651923,,,,,,,
test,00844,test:00k,6,True,True,512,640,512,640,0.50037704565392,-0.10752109867127047,0.570322325458983,0.5061699748039246,-0.11369109153747559,0.5187809823885107,0.8445596655422324,,,,,,,
test,00904,test:00k,7,True,True,512,640,512,640,0,0,0.14092662315815688,-2.1675989627838135,0.5408974289894104,2.234066984704984,0.6867963543352453,,,,,,,
test,00965,test:00k,20,True,True,512,640,512,640,-0.4978404757517296,-0.23782809543723715,0.16417513503693043,-0.8955410122871399,-0.8066900968551636,1.2052977296305127,0.41649046273120943,,,,,,,
test,01025,test:01k,17,True,True,512,640,512,640,0.8367507145522382,-1.5128048322617929,0.2135752887930721,1.0243908166885376,-3.253220558166504,3.41069209184778,0.5869311649655112,,,,,,,
test,01085,test:01k,4,True,True,512,640,512,640,2.4237915667312677,-0.08427483743622588,0.2920908345608041,1.3976120948791504,-0.3625187575817108,1.4438626726081238,0.7577429902790962,,,,,,,
test,01145,test:01k,30,True,True,512,640,512,640,0,0,0.01166300531476736,-2.630747079849243,-2.9571728706359863,3.9579921153232225,0.26817643412548264,,,,,,,
test,01206,test:01k,18,True,True,512,640,512,640,0.3773197781801514,-0.1796950142070841,0.43973745345138016,0.37834298610687256,-0.10885878652334213,0.39369232979523455,0.8214383300081514,True,0.8290351835621756,0.5352906367005402,2.7540242186409554,0.9979404105109936,1.0047849308325185,0.0762399834387248
test,01266,test:01k,2,True,True,512,640,512,640,-0.14341706700543,-2.958394036310551,0.6138945122482256,0.13608714938163757,-3.1397552490234375,3.1427030938345175,0.8541844883683252,,,,,,,
test,01326,test:01k,4,True,True,512,640,512,640,0.759692647721522,-0.05809069673716749,0.474632112449035,0.572054922580719,-0.17122887074947357,0.5971316108086829,0.861209798693517,,,,,,,
test,01387,test:01k,20,True,True,512,640,512,640,0.2363961719700569,-3.6324672907884406,0.165136156976223,-0.5747852325439453,-3.8996567726135254,3.941789061801904,0.5430355508072107,,,,,,,
test,01447,test:01k,3,True,True,512,640,512,640,1.2134172902682394,3.6504159178233238,0.2092465520836413,0.8533843159675598,3.850038528442383,3.943483417136455,0.6858274872650175,,,,,,,
test,01507,test:01k,17,True,True,512,640,512,640,2.7177730638225057,1.2540438467837873,0.35349675244651735,2.311037302017212,0.8117699027061462,2.4494619381110088,0.7419248764442214,,,,,,,
test,01567,test:01k,12,True,True,512,640,512,640,0.44053309389488504,-0.5611596395853553,0.31585884355008603,0.41645821928977966,0.34903576970100403,0.5433814654041731,0.8537900730510574,,,,,,,
test,01628,test:01k,7,True,True,512,640,512,640,5.0793801837455135,2.1837774738368694,0.46508934097364546,4.902568340301514,1.8346837759017944,5.234619459796863,0.7766466838641115,,,,,,,
test,01688,test:01k,13,True,False,512,640,512,640,0,0,0.005779102514497936,,,,,,,,,,,
test,01748,test:01k,13,True,True,512,640,512,640,1.139112377704862,-1.5406757305927385,0.4959860951639712,1.1030030250549316,-1.2492555379867554,1.6665098476969489,0.8369908803530838,,,,,,,
test,01808,test:01k,9,True,True,512,640,512,640,2.0746412358183193,0.005609694808242693,0.3855769010260701,1.726606845855713,0.6134968996047974,1.8323617672229773,0.7391919591343602,True,0.7211677363926525,1.7737228121056003,2.5775090564563206,1.0011245207954482,1.005136820909448,0.030168339217207317
test,01869,test:01k,3,True,True,512,640,512,640,-0.08925617756244719,-0.2633957916627878,0.35776874599978326,-0.36783140897750854,-0.41824159026145935,0.5569793292886314,0.811874080419653,,,,,,,
test,01929,test:01k,13,True,True,512,640,512,640,-3.6544722292273377,-10.93475681727358,-0.001747163850814104,-0.3989676833152771,0.26590588688850403,0.4794592297702915,0.6914949122076929,,,,,,,
test,01989,test:01k,42,True,True,512,640,512,640,-2.0469552265925017,-0.5879516368350437,0.49822196643799543,-1.913888931274414,-0.23156829178333282,1.9278471710730003,0.8249510989314505,,,,,,,
test,02049,test:02k,7,True,True,512,640,512,640,0.4342146341679154,0.5072728703690359,0.3357397529762238,0.4070684015750885,0.7074645757675171,0.8162173788439023,0.6089578750439237,,,,,,,
test,02110,test:02k,5,True,True,512,640,512,640,-7.02334062047413,-7.791556246764458,0.10363369584083557,-1.6905714273452759,-2.884544849395752,3.343445937821009,0.47732257206215584,,,,,,,
test,02170,test:02k,4,True,True,512,640,512,640,-7.504915990655661,0.11212838017985405,0.33272579554468396,-7.890712261199951,0.3680786192417145,7.89929249103957,0.7188439088577433,,,,,,,
test,02230,test:02k,22,True,True,512,640,512,640,0.1602576762437593,0.14762679755040153,0.4151211865246296,0.01848790794610977,0.39680594205856323,0.397236401143208,0.7583813401444681,,,,,,,
test,02290,test:02k,6,True,True,512,640,512,640,0.5711162904385674,-0.12427876696216344,0.47942408081144094,0.7978206872940063,-0.12401534616947174,0.807401792888655,0.7887698428027395,,,,,,,
test,02351,test:02k,4,True,True,512,640,512,640,0,0,0.17635267740115523,24.392295837402344,-0.45719414949417114,24.396580143735054,0.7942961988669799,,,,,,,
test,02411,test:02k,22,True,True,512,640,512,640,0.357125146555461,-2.368326755956218,0.30642741797491907,0.18776537477970123,-2.2405319213867188,2.248385893639929,0.7524513207359141,True,0.7216661698375952,2.4066859604046025,4.439819830853903,0.9967226606833417,1.0068389761188692,-0.04591906126414848
test,02471,test:02k,6,True,True,512,640,512,640,0.8285993661566522,-0.984027709933855,0.44543220922350885,1.0809084177017212,-0.8678877353668213,1.3862150369472221,0.8860780140239372,,,,,,,
test,02531,test:02k,3,True,True,512,640,512,640,0.41241062450478694,-0.0981799238833787,0.4606358975172043,0.5427836775779724,0.12500305473804474,0.5569918171202436,0.8451994141128268,,,,,,,
test,02592,test:02k,6,True,True,512,640,512,640,-0.22514321950018257,-0.2605987161342682,0.20109860310330988,-2.3482611179351807,-0.09704399853944778,2.3502654776979366,0.8887833426413658,,,,,,,
test,02652,test:02k,35,True,True,512,640,512,640,15.825614417224187,1.7111609293201013,0.07565582343377172,15.594151496887207,1.2491904497146606,15.644105525325758,0.3549728618580926,,,,,,,
test,02712,test:02k,1,True,True,512,640,512,640,0.21605789267272257,0.6773091815609007,0.37724863225594163,-0.2447400689125061,0.06109655648469925,0.2522508484536499,0.8530333545014792,,,,,,,
test,02773,test:02k,20,True,True,512,640,512,640,0.3234265965198233,-2.5506254207505776,0.505970885977149,0.3457616865634918,-2.4462404251098633,2.4705552738882233,0.8638596302484447,,,,,,,
test,02833,test:02k,24,True,True,512,640,512,640,1.3305578660027209,-7.104302823822252,0.6250663517042995,1.1245232820510864,-6.9982008934021,7.087973501381682,0.8804601038817733,,,,,,,
test,02893,test:02k,3,True,True,512,640,512,640,-0.9834325214478099,0.2410156923937734,0.4440185044892132,-1.044425129890442,0.6380407810211182,1.2238953755091586,0.8552783779929797,,,,,,,
test,02953,test:02k,24,True,True,512,640,512,640,2.0146666848019095,-1.8542563229013354,0.3488465745933354,1.6382710933685303,-1.4562801122665405,2.191958927705984,0.8181662027917364,,,,,,,
test,03014,test:03k,11,True,True,512,640,512,640,0.43738241475347195,-0.3182718889440821,0.2841611012816429,0.5945627689361572,-1.7344086170196533,1.8334879702351625,0.8062701478587164,True,0.8252401158874945,1.912336862961202,4.557052957485375,0.998603214172423,1.0015331462394914,0.2556871073554525
test,03074,test:03k,12,True,True,512,640,512,640,0.06174283725329133,1.4410635641700935,0.22229854492470622,-0.237489253282547,0.7261876463890076,0.7640351059949457,0.8349883590052931,,,,,,,
test,03134,test:03k,25,True,True,512,640,512,640,0.19275696154528532,0.06380533580548331,0.4751024400815368,-0.33509835600852966,-0.08919717371463776,0.3467665554783197,0.8126249312015397,,,,,,,
test,03194,test:03k,9,True,True,512,640,512,640,0.5391686178699615,-0.30914242511130396,0.5638003905303777,0.39352306723594666,0.19157099723815918,0.4376755092869719,0.8428601368519365,,,,,,,
test,03255,test:03k,11,True,True,512,640,512,640,10.581805670328265,0.9016832465232199,0.1897306052967906,9.785417556762695,0.8364085555076599,9.821098514520969,0.7236731518721713,,,,,,,
test,03315,test:03k,21,True,True,512,640,512,640,0.10430371151471718,-1.8604134696597612,0.6214755252469331,0.21650224924087524,-2.074998140335083,2.086262329219509,0.8847286920299376,,,,,,,
test,03375,test:03k,28,True,True,512,640,512,640,0.30617613110172215,0.19683731455526754,0.362608345458284,0.1627219021320343,0.632177472114563,0.6527838644472046,0.738070981073183,,,,,,,
test,03435,test:03k,19,True,True,512,640,512,640,0.926396603574176,-5.266551552177248,0.15434123235754668,0.18250738084316254,-7.4890546798706055,7.49127819148068,0.7523789348152724,,,,,,,
test,03496,test:03k,10,True,True,512,640,512,640,0.9186417635212933,-0.08188574785685887,0.35046514759305863,0.5175269842147827,0.6258646249771118,0.812121116698851,0.7937032835173052,,,,,,,
test,03556,test:03k,8,True,True,512,640,512,640,-0.5673511672341647,-0.32341620246324965,0.2945076054893434,0.42032015323638916,0.04066016525030136,0.42228222820152334,0.7934252945793371,,,,,,,
test,03616,test:03k,116,True,True,512,640,512,640,-1.2002567108369817,-0.8076303590536895,0.07827415838837623,0.4429609775543213,-0.6788879632949829,0.8106190809145132,0.24771893434043485,True,0.1982368288712179,0.917410041354078,3.8817880190776997,0.9952975125833391,1.00599372559339,0.2390635414093031
test,03676,test:03k,18,True,True,512,640,512,640,4.736391632414552,-0.6535761380555982,0.4395592712331563,4.664623260498047,-0.4883872866630554,4.690120713175038,0.7909174848786255,,,,,,,
test,03737,test:03k,28,True,True,512,640,512,640,3.675871503998735,-5.5441670571382815,0.16929781344369985,3.2695350646972656,-5.322238922119141,6.24628583106832,0.348365737501212,,,,,,,
test,03797,test:03k,21,True,True,512,640,512,640,4.482389650980849,0.28143636288655216,0.22139353274833412,3.4431374073028564,0.37494829297065735,3.4634926631898395,0.5719430991361205,,,,,,,
test,03857,test:03k,6,True,True,512,640,512,640,1.9132150171234343,-1.8891650581567774,0.29582438226789237,0.9385217428207397,-1.886580228805542,2.1071326539796327,0.8220981137645456,,,,,,,
test,03918,test:03k,24,True,True,512,640,512,640,1.8246253312016734,-0.6037319672554418,0.4424044243991375,1.8675166368484497,-0.7086141705513,1.997436464975007,0.803625926729845,,,,,,,
test,03978,test:03k,19,True,True,512,640,512,640,0.4250265837559368,0.30661582190526815,0.43751757363788785,0.1052226722240448,-0.1623719483613968,0.19348503912355827,0.8131428812516113,,,,,,,
test,04038,test:04k,34,True,True,512,640,512,640,0.047584007305999876,0.26884948611763093,0.47439110903069376,0.04846108704805374,0.04524410143494606,0.06629860988387863,0.7870532076533892,,,,,,,
test,04098,test:04k,17,True,True,512,640,512,640,-2.664396667077142,0.08957464112424418,0.20916204135864974,-2.4027554988861084,0.013429208658635616,2.4027930270983866,0.7491205040063043,,,,,,,
test,04159,test:04k,5,True,True,512,640,512,640,-1.2885948370801543,-0.6041248174048519,0.38359286370687184,-1.7336668968200684,-0.3686840236186981,1.7724358432398615,0.8946493281917445,,,,,,,
test,04219,test:04k,27,True,True,512,640,512,640,-5.452362940075375,-4.429318501057821,0.6450165839865803,-5.655525207519531,-4.300853252410889,7.105090011510209,0.8849555216722533,True,0.8638117428107877,7.620414033999397,9.393316567331327,0.9965322934525435,0.9994078699253659,0.19369606286479843
test,04279,test:04k,5,True,True,512,640,512,640,0.5244924269222224,-1.8890452074550694,0.38275373429059983,0.38089925050735474,-2.2575461864471436,2.2894538700264535,0.8584747252465577,,,,,,,
test,04339,test:04k,10,True,True,512,640,512,640,4.448749234345257,-0.04065637556976753,0.38432281631976367,4.20711088180542,0.02072335220873356,4.207161920954832,0.759392412216297,,,,,,,
test,04400,test:04k,12,True,True,512,640,512,640,0.7638070564602231,-0.02850441728412534,0.30604053363204003,0.685728907585144,-0.1523478627204895,0.7024485788820531,0.6297868114136175,,,,,,,
test,04460,test:04k,13,True,True,512,640,512,640,0.4735530240312187,-3.4908925845035697,0.6276164701674134,0.4870096445083618,-3.542480707168579,3.5758003236346627,0.8881062690088782,,,,,,,
test,04520,test:04k,58,True,True,512,640,512,640,1.249346376285871,-0.6169562517687837,0.5212514949962497,1.1099834442138672,-0.7251665592193604,1.3258694449450614,0.819884754139329,,,,,,,
test,04580,test:04k,8,True,True,512,640,512,640,0.2638022055563738,-1.4165751421139134,0.4739998012781143,0.36443689465522766,-1.4282180070877075,1.4739813180483423,0.9227979970276883,,,,,,,
test,04641,test:04k,19,True,True,512,640,512,640,-1.1590370328296444,-1.313108135541313,0.2896788166835904,-0.508561372756958,-0.2622251808643341,0.5721859097703947,0.6917257835207798,,,,,,,
test,04701,test:04k,6,True,True,512,640,512,640,0.6537532492071136,0.010369178213238683,0.32612409694120287,0.24560591578483582,-0.22438359260559082,0.3326714031880402,0.7802393050913315,,,,,,,
test,04761,test:04k,10,True,True,512,640,512,640,0.36568222424784835,-10.411144657563398,0.4911088234744966,0.5397905111312866,-10.288172721862793,10.302323609302372,0.8307820081613747,,,,,,,
test,04821,test:04k,5,True,True,512,640,512,640,0.4702519804851022,-0.20998906550840957,0.4699349843431264,0.26589328050613403,0.07751289755105972,0.2769611631710749,0.8510128306623316,True,0.8455797455443639,0.6552686230841924,3.6991917900587614,0.9959303439568169,1.0032082690237163,0.05054411449663293
test,04882,test:04k,11,True,True,512,640,512,640,-4.787681398879329,-1.9272182202052477,0.5923544535413384,-4.853052616119385,-1.775049090385437,5.167486716780352,0.8208348688294703,,,,,,,
test,04942,test:04k,40,True,True,512,640,512,640,-0.26058447117526384,-1.4920444711684695,0.14334578334819525,0.34755271673202515,-1.2187632322311401,1.2673502701093757,0.2871324731371037,,,,,,,
test,05002,test:05k,30,True,True,512,640,512,640,0,0,-0.0005997687578201294,-4.632910251617432,-8.177451133728027,9.398646947515994,0.2151365138149436,,,,,,,
test,05062,test:05k,28,True,True,512,640,512,640,0.7669828846667883,0.6317574487208901,0.11974430121481419,0.7523689270019531,0.9204406142234802,1.1888102988408908,0.3894714410653433,,,,,,,
test,05123,test:05k,9,True,True,512,640,512,640,1.075601492352746,-3.2916494822198956,0.3961782658356242,0.6679672002792358,-3.0895962715148926,3.1609785354550586,0.8008175375744747,,,,,,,
test,05183,test:05k,14,True,True,512,640,512,640,0.40961472430723234,-0.344566432774684,0.6352582113351672,0.1854456514120102,-0.10529088228940964,0.21325163427487986,0.8591713116513113,,,,,,,
test,05243,test:05k,15,True,True,512,640,512,640,0,0,0.0033195660449564456,5.655579566955566,-7.463339328765869,9.36413445943984,0.3149458195020738,,,,,,,
test,05304,test:05k,16,True,True,512,640,512,640,0.4493870489161509,-5.805031996680725,0.031238489784300327,-2.567352771759033,-1.1530612707138062,2.8144005664934992,0.2820229891779096,,,,,,,
test,05364,test:05k,18,True,True,512,640,512,640,0.8596384841253553,-4.910854418664428,0.2814205765724182,0.801908016204834,-5.259973049163818,5.3207492841124635,0.7037784055392202,,,,,,,
test,05424,test:05k,18,True,True,512,640,512,640,0.3746646749525553,-0.383817585356951,0.44109114329330623,0.43659642338752747,-0.2012522667646408,0.48074828319265717,0.8387917106245162,True,0.8307630413531398,0.5442532294411142,3.0644425042554264,0.9974943658715218,1.0030176188456152,0.19751147465393015
test,05484,test:05k,17,True,True,512,640,512,640,2.287205231334383,-2.0827567935604634,0.271853477996774,2.893388271331787,-2.3233642578125,3.7107569528548994,0.4886015111473976,,,,,,,
test,05545,test:05k,44,True,True,512,640,512,640,0.965812022761213,-1.8639291685533408,0.23532349113374948,-0.08791973441839218,-2.0577292442321777,2.0596066426064294,0.6807588477983633,,,,,,,
test,05605,test:05k,19,True,True,512,640,512,640,-0.5248123626753909,-3.6481234794476336,0.03239414425916039,-1.9071542024612427,-4.865177631378174,5.2256282432668435,0.14063914637645272,,,,,,,
test,05665,test:05k,2,True,True,512,640,512,640,2.8317240237354895,-3.149618807012075,0.09869373824913055,3.2175865173339844,-7.238276958465576,7.921206746701105,0.28492310065295906,,,,,,,
test,05725,test:05k,17,True,True,512,640,512,640,-0.1398554712448572,-0.5686891666717884,0.4880821092054248,0.464172899723053,-0.33674517273902893,0.573457751016015,0.8435472053123765,,,,,,,
test,05786,test:05k,19,True,True,512,640,512,640,0,0,0.023000004561617972,-4.069563388824463,0.08170584589242935,4.070383522582786,0.20768766611472683,,,,,,,
test,05846,test:05k,11,True,True,512,640,512,640,0.9311747425172143,-4.878164046883967,0.23097919861320407,0.7950688004493713,-5.000792503356934,5.063601490942875,0.592240447045692,,,,,,,
test,05906,test:05k,13,True,True,512,640,512,640,0.42963042396809215,-0.5081861921343602,0.2972926465095952,0.4398292899131775,0.7381705045700073,0.8592703288736725,0.4397443698812984,,,,,,,
test,05966,test:05k,2,True,True,512,640,512,640,0.9921388312706654,-0.46960201678808744,0.2586552956141531,0.21948784589767456,-0.06043049320578575,0.22765491210579197,0.5585822142909411,,,,,,,
test,06027,test:06k,25,True,True,512,640,512,640,0.17941130007619677,-0.10008557321202716,0.5610281429253519,0.048927392810583115,-0.19035907089710236,0.1965463447638982,0.8447442253159757,True,0.8278794134836032,0.43314151416255686,2.4502875356024636,0.9941974052466572,1.0002002406876047,0.0943484034647982
test,06087,test:06k,27,True,True,512,640,512,640,0.34100875021658794,0.0891620742787893,0.29671118771657345,0.12353738397359848,0.20787018537521362,0.24180880713275515,0.5735347029647049,,,,,,,
test,06147,test:06k,59,True,True,512,640,512,640,0.2730674057370379,-0.11221312520405036,0.2860800249502063,0.2340749353170395,-0.11076410114765167,0.25895899568604186,0.712980961939482,,,,,,,
test,06207,test:06k,11,True,True,512,640,512,640,-6.551884835675139,-2.077985451942368,0.048973015963565555,-6.719823360443115,-1.9179590940475464,6.988175232633816,0.18181222990839596,,,,,,,
test,06268,test:06k,17,True,True,512,640,512,640,-0.11272842030473385,-0.8378883215154929,0.13945057932287455,-0.8559423089027405,-0.9206717014312744,1.2570893436769368,0.3773908826763565,,,,,,,
test,06328,test:06k,35,True,True,512,640,512,640,0.25160625388741664,0.07845026607805039,0.29264737106859684,-0.4822506606578827,0.23688730597496033,0.5372906991908931,0.6398967168545481,,,,,,,
test,06388,test:06k,16,True,True,512,640,512,640,0.5455503925883249,-0.03281839772745343,0.5064885188359767,0.3263114392757416,-0.1492873728275299,0.35883962307408573,0.8630010148691181,,,,,,,
test,06449,test:06k,3,True,True,512,640,512,640,2.243286237220957,-9.884426204315332,0.5700919618364424,1.4584991931915283,-9.62370491027832,9.733597284491248,0.8591157626065187,,,,,,,
test,06509,test:06k,36,True,True,512,640,512,640,-0.05239175057278089,0.4184923194161172,0.23952430156059562,-0.5475085973739624,0.15855252742767334,0.5700040071368856,0.3556647933605525,,,,,,,
test,06569,test:06k,20,True,True,512,640,512,640,-6.450050292221249,1.0481723654071118,0.08728175591677427,-6.112450122833252,0.5913863182067871,6.14099212517704,0.1840270363347412,,,,,,,
test,06629,test:06k,103,True,True,512,640,512,640,-3.971598934983035,-0.2847478941453119,0.1488589659333229,-2.237592935562134,-0.8975700736045837,2.410903188082862,0.3628189856023529,True,0.29037628927183734,2.5143891238798344,6.469176359052473,1.0123977279532834,1.0011737562314629,-0.14361811961290533
test,06690,test:06k,47,True,True,512,640,512,640,0.06908513035085662,-1.9202390589586003,0.33535713935270905,-0.004125693347305059,-1.5540802478790283,1.554085724210006,0.6426263699867951,,,,,,,
test,06750,test:06k,12,True,True,512,640,512,640,6.454590393314334,-13.46381328483335,0.3021939494879916,5.650800704956055,-12.483346939086914,13.702755175830243,0.6820612063473691,,,,,,,
test,06810,test:06k,17,True,True,512,640,512,640,0.21010000829494402,-4.701153184944644,0.20444496609270574,-0.1401202380657196,-3.698423147201538,3.701076526751605,0.6384821555526066,,,,,,,
test,06870,test:06k,29,True,True,512,640,512,640,-3.911842336488519,-2.1672112077881707,0.23911095741204919,-3.8892643451690674,-1.5015919208526611,4.16907129267099,0.28781202495226754,,,,,,,
test,06931,test:06k,24,True,True,512,640,512,640,6.923951963804029,-3.7104251461499302,0.11987846628762781,6.46074914932251,-3.6739187240600586,7.432291595562611,0.15953978160992158,,,,,,,
test,06991,test:06k,13,True,True,512,640,512,640,0.9036783894079576,-5.081962110402856,0.2999000299721956,0.7731950879096985,-4.870716571807861,4.93170463094166,0.7631751486419588,,,,,,,
test,07051,test:07k,10,True,True,512,640,512,640,-2.649040899213105,0.31896919649238953,0.262258272478357,-1.0811424255371094,0.20115011930465698,1.0996955555027683,0.5443633696999185,,,,,,,
test,07111,test:07k,12,True,True,512,640,512,640,1.8369545612994784,-6.635517671370678,0.33833528961986303,2.0966193675994873,-7.388213634490967,7.679942283733094,0.6950268296770737,,,,,,,
test,07172,test:07k,37,True,True,512,640,512,640,0.5738151529093329,-5.016329699545963,0.3783402806147933,0.1123744323849678,-4.924333572387695,4.925615610783937,0.8216786013406501,,,,,,,
test,07232,test:07k,18,True,True,512,640,512,640,0.7839064536598812,-3.5171372651314528,0.5290875978767872,0.707459568977356,-3.5060040950775146,3.5766693663851474,0.8323226075881809,True,0.7777381622525198,3.7601929569087194,5.092308533970719,0.9968758567346457,1.0004134163186837,0.10591070385769458
test,07292,test:07k,21,True,True,512,640,512,640,-8.823016719655584,-0.5170200527520592,0.34515391355380415,-8.189749717712402,-0.5031170845031738,8.205189043494936,0.7835043791518534,,,,,,,
test,07352,test:07k,34,True,True,512,640,512,640,0.44383801893940245,0.09252356502463499,0.4441344071179628,0.25373443961143494,0.4067875146865845,0.47943429993046716,0.8435128472184004,,,,,,,
test,07413,test:07k,47,True,False,512,640,512,640,0,0,0.027169065456837414,,,,,,,,,,,
test,07473,test:07k,50,True,True,512,640,512,640,0.4709344758903171,-0.9898956004234947,0.3378175813704729,-0.13967961072921753,-1.0173321962356567,1.026876424479173,0.6133018043422441,,,,,,,
test,07533,test:07k,52,True,True,512,640,512,640,0.35143821757810656,-0.05249447482981395,0.317243367433548,-0.011130868457257748,0.6704356670379639,0.6705280604637306,0.7520354075901782,,,,,,,
test,07593,test:07k,22,True,True,512,640,512,640,-0.1623843044317823,2.301802776152897,0.036022851197049024,-1.005053162574768,-0.45411577820777893,1.1028839465776987,0.2133770777858068,,,,,,,
test,07654,test:07k,41,True,True,512,640,512,640,3.2042585567546666,-1.7190904390210449,0.1639666640665382,0.5677909851074219,-1.9073289632797241,1.9900478328258753,0.37198380549243165,,,,,,,
test,07714,test:07k,29,True,True,512,640,512,640,12.118659980067378,-0.37526245392285773,0.4037735776975751,11.805134773254395,-0.5776183605194092,11.819257590268062,0.6965658075059125,,,,,,,
test,07774,test:07k,8,True,True,512,640,512,640,0.42631145155047534,-0.4271125078016098,0.322559117898345,0.04565565660595894,-0.14006903767585754,0.14732200886344865,0.6868167902547,,,,,,,
test,07835,test:07k,3,True,True,512,640,512,640,3.1449834504466025,0.4899387982628127,0.22235051412135362,1.083081603050232,0.2978682219982147,1.123294812835098,0.6034183586751568,True,0.6333254981625541,1.9842842596569041,6.159147382505808,1.0061571053180607,1.0014850540229303,0.08151981561319721
test,07895,test:07k,2,True,True,512,640,512,640,0.6313881771271781,-4.168081503189342,0.26690176911652086,0.20204739272594452,-4.061692714691162,4.066714995851395,0.7638585956397301,,,,,,,
test,07955,test:07k,127,True,True,512,640,512,640,-1.6717706165083541,-0.624186999587721,0.19736644863151015,-0.7605942487716675,-0.8529717326164246,1.1428317408556705,0.3925818035151008,,,,,,,
test,08015,test:08k,31,True,True,512,640,512,640,3.0066280059279507,-7.241410789846043,0.25687126684933903,2.680614709854126,-6.7966389656066895,7.306161540199443,0.522861780706221,,,,,,,
test,08076,test:08k,7,True,False,512,640,512,640,0,0,0.0049616038799285885,,,,,,,,,,,
test,08136,test:08k,14,True,True,512,640,512,640,0.09091110431887728,-0.03709849995948389,0.2579317950177938,-0.27541741728782654,-0.48629531264305115,0.5588719753611731,0.6899520593888576,,,,,,,
test,08196,test:08k,10,True,False,512,640,512,640,0,0,0.01635720799677074,,,,,,,,,,,
test,08256,test:08k,4,True,True,512,640,512,640,0,0,0.007057876163162291,-1.1232295036315918,-2.1847195625305176,2.45655125831561,0.19529130647471615,,,,,,,
test,08317,test:08k,19,True,True,512,640,512,640,3.727755386181286,-6.939916385642562,0.18684910368174315,3.111358880996704,-5.766910076141357,6.552694553590742,0.5158497550510043,,,,,,,
test,08377,test:08k,16,True,True,512,640,512,640,-0.8352351374127238,-6.661261553634688,0.09033845099620522,-0.01929274946451187,-3.5131747722625732,3.5132277453424625,0.31822244887595397,,,,,,,
test,08437,test:08k,3,True,True,512,640,512,640,0,0,0.021933672903105616,8.125266075134277,6.647080421447754,10.497791525884004,0.07289213984930305,True,0.03762787786088149,8.754991632274004,32.63637631281964,1.0349471648742345,0.9981738371201528,-3.366076103512131
test,08497,test:08k,10,True,True,512,640,512,640,-2.11280323483669,-3.140509121439038,0.22252828583586962,-2.367487668991089,-0.8170214891433716,2.504500344688919,0.5483938554164195,,,,,,,
test,08558,test:08k,18,True,True,512,640,512,640,2.298688390792563,-2.5358445918968755,0.19260296588763595,1.3599382638931274,-2.5311310291290283,2.8733354082355973,0.37881359496778216,,,,,,,
test,08618,test:08k,19,True,True,512,640,512,640,-1.2179107681037067,0.10824850008773979,0.33777677998878064,-1.4130406379699707,0.13219989836215973,1.4192112801417367,0.6432698588762562,,,,,,,
test,08678,test:08k,4,True,True,512,640,512,640,0,0,0.088654054235667,20.732666015625,3.0123283863067627,20.95035948193733,0.1308726807355578,,,,,,,
test,08738,test:08k,8,True,False,512,640,512,640,0,0,0.026533277588896453,,,,,,,,,,,
test,08799,test:08k,16,True,True,512,640,512,640,0.12215701437776261,0.2844238482421133,0.2807451866567135,-1.6809393167495728,0.9327419400215149,1.9223851105513745,0.6599428617006846,,,,,,,
test,08859,test:08k,15,True,True,512,640,512,640,-1.452198853093705,-5.706963034780301,0.33065187176689503,-1.84102463722229,-5.649446487426758,5.94185302150415,0.8121796824357671,,,,,,,
test,08919,test:08k,7,True,True,512,640,512,640,3.172270232021731,-2.1073089170472485,0.09180327160283923,2.6171083450317383,-0.8591063022613525,2.7545089813286032,0.34071921731398885,,,,,,,
test,08980,test:08k,22,True,True,512,640,512,640,3.463424547557679,7.956156382430379,0.13493584310635925,3.0863418579101562,4.720565319061279,5.639968350568329,0.2741480313408603,,,,,,,
