                  epoch,         train/box_loss,         train/cls_loss,         train/dfl_loss,   train/ir_prompt_loss, train/rgb_spatial_loss,  train/rgb_global_loss,   metrics/precision(B),      metrics/recall(B),       metrics/mAP50(B),    metrics/mAP50-95(B),           val/box_loss,           val/cls_loss,           val/dfl_loss,     val/ir_prompt_loss,   val/rgb_spatial_loss,    val/rgb_global_loss,                 lr/pg0,                 lr/pg1,                 lr/pg2,       p2/P3_ir_bg_mean,     p2/P3_ir_fg_bg_gap,       p2/P3_ir_fg_mean,   p2/P3_ir_prompt_mean,    p2/P3_ir_prompt_std,       p2/P4_ir_bg_mean,     p2/P4_ir_fg_bg_gap,       p2/P4_ir_fg_mean,   p2/P4_ir_prompt_mean,    p2/P4_ir_prompt_std,p2/prompt_warmup_factor
                      1,                 1.3419,                 1.4652,                 1.6111,                      0,                      0,                      0,                0.42096,                0.55196,                 0.4795,                0.35633,                 0.8883,                0.81303,                 1.5712,                      0,                      0,                      0,               0.070106,              0.0033215,              0.0033215,               0.088857,             -0.0017075,                0.08715,               0.088804,              0.0030932,                0.10223,             8.4013e-05,                0.10232,                0.10224,              0.0018974,                      0
                      2,                 1.0778,                0.89811,                 1.4279,                0.00474,                      0,                      0,                0.55543,                0.65207,                0.60745,                  0.457,                0.85497,                0.68767,                  1.473,                0.00443,                      0,                      0,                0.04004,               0.006589,               0.006589,               0.098643,             -0.0013112,               0.097332,               0.098603,              0.0027353,                0.10628,             0.00011413,                0.10639,                0.10628,              0.0019054,                    0.1
                      3,                 0.9003,                0.69514,                 1.4139,                0.00922,                      0,                      0,                0.56337,                0.61572,                0.61316,                0.45757,                0.84164,                0.66327,                 1.6012,                0.00866,                      0,                      0,              0.0099086,              0.0097904,              0.0097904,                0.13088,             0.00017728,                0.13106,                0.13089,              0.0021107,                0.11982,             0.00030188,                0.12012,                0.11983,              0.0020024,                    0.2
                      4,                0.81753,                0.60929,                 1.4329,                 0.0134,                      0,                      0,                 0.6208,                0.61093,                0.62122,                0.46934,                0.82702,                0.63494,                 1.5759,                0.01291,                      0,                      0,               0.009703,               0.009703,               0.009703,                0.20799,              0.0087384,                0.21673,                0.20826,               0.014652,                0.15754,              0.0027547,                0.16029,                0.15762,              0.0069793,                    0.3
                      5,                0.80108,                0.58541,                  1.423,                 0.0176,                      0,                      0,                0.70702,                0.73911,                0.74873,                0.58732,                0.74174,                0.52255,                 1.4936,                0.01696,                      0,                      0,               0.009604,               0.009604,               0.009604,                0.23137,               0.016988,                0.24836,                0.23188,               0.023095,                0.22451,                0.01262,                0.23713,                0.22489,               0.024177,                    0.4
                      6,                0.78547,                0.56452,                 1.4082,                0.02203,                      0,                      0,                0.69829,                0.73547,                0.75266,                0.59057,                0.75645,                0.53161,                 1.4937,                0.02112,                      0,                      0,               0.009505,               0.009505,               0.009505,                0.23327,               0.026042,                0.25931,                0.23408,               0.029142,                0.22882,               0.018275,                0.24709,                0.22939,               0.027642,                    0.5
                      7,                0.77805,                0.55178,                 1.4085,                0.02619,                      0,                      0,                0.74131,                0.74813,                0.77111,                0.61382,                0.73209,                 0.5133,                 1.4833,                0.02525,                      0,                      0,               0.009406,               0.009406,               0.009406,                0.23115,               0.038048,                 0.2692,                0.23232,               0.036734,                0.22749,               0.026509,                  0.254,                0.22831,                0.03091,                    0.6
                      8,                0.77157,                0.54858,                 1.4083,                 0.0301,                      0,                      0,                0.76663,                0.73729,                0.78332,                0.62518,                0.72855,                0.49203,                 1.4708,                0.02889,                      0,                      0,               0.009307,               0.009307,               0.009307,                0.22838,               0.056653,                0.28503,                0.23011,               0.048136,                0.22631,               0.048734,                0.27504,                 0.2278,               0.039058,                    0.7
                      9,                0.76576,                0.53829,                 1.3973,                0.03342,                      0,                      0,                0.76737,                0.76618,                 0.8032,                0.64173,                0.71906,                0.48783,                 1.4775,                0.03148,                      0,                      0,               0.009208,               0.009208,               0.009208,                0.21609,               0.094438,                0.31053,                0.21899,               0.065593,                 0.2049,                0.11958,                0.32448,                0.20858,               0.062343,                    0.8
                     10,                0.76123,                0.53534,                 1.3905,                0.03574,                      0,                      0,                0.70867,                0.74912,                 0.7664,                0.61016,                 0.7288,                0.51362,                 1.4874,                0.03377,                      0,                      0,               0.009109,               0.009109,               0.009109,                0.18355,                0.17369,                0.35723,                0.18886,               0.096896,                0.15448,                0.23276,                0.38724,                0.16163,               0.096404,                    0.9
                     11,                0.75678,                0.52874,                 1.3904,                0.03766,                      0,                      0,                0.74291,                0.74493,                 0.7854,                0.62413,                0.72885,                0.51571,                 1.5269,                0.03582,                      0,                      0,                0.00901,                0.00901,                0.00901,                0.14502,                0.25453,                0.39955,                0.15274,                0.11456,                0.11929,                0.30795,                0.42724,                0.12867,                0.11323,                      1
                     12,                0.75158,                0.52143,                 1.3888,                 0.0362,                      0,                      0,                0.75825,                0.78172,                0.80255,                 0.6437,                0.70897,                0.47796,                 1.4565,                0.03425,                      0,                      0,               0.008911,               0.008911,               0.008911,                0.10961,                  0.319,                0.42861,                 0.1194,                0.12559,                0.10031,                0.34664,                0.44696,                  0.111,                0.12214,                      1
                     13,                 0.7476,                0.52135,                 1.3873,                0.03532,                      0,                      0,                0.79585,                0.77295,                0.82683,                0.66792,                0.70409,                0.46321,                 1.4656,                0.03337,                      0,                      0,               0.008812,               0.008812,               0.008812,               0.089834,                0.35251,                0.44234,                0.10072,                0.13171,               0.086221,                0.37242,                0.45864,               0.097786,                0.12794,                      1
                     14,                 0.7448,                0.51711,                 1.3841,                0.03447,                      0,                      0,                0.77296,                 0.7578,                 0.8006,                0.64848,                0.70216,                0.46766,                 1.4563,                 0.0328,                      0,                      0,               0.008713,               0.008713,               0.008713,               0.077711,                0.37311,                0.45082,               0.089175,                0.13503,               0.075653,                0.39399,                0.46965,               0.087819,                0.13195,                      1
                     15,                0.74299,                0.51231,                 1.3871,                0.03386,                      0,                      0,                0.72569,                0.73013,                0.75372,                0.59977,                0.72825,                0.52194,                 1.4884,                0.03255,                      0,                      0,               0.008614,               0.008614,               0.008614,               0.070987,                0.38649,                0.45748,               0.082776,                0.13763,               0.067058,                0.41191,                0.47897,               0.079699,                0.13523,                      1
                     16,                0.73995,                  0.507,                 1.3822,                0.03332,                      0,                      0,                0.77048,                0.79202,                0.82671,                0.66863,                0.69219,                0.45389,                 1.4728,                0.03167,                      0,                      0,               0.008515,               0.008515,               0.008515,               0.066043,                0.39611,                0.46215,               0.078152,                0.13937,               0.060584,                0.42606,                0.48664,               0.073681,                  0.138,                      1
                     17,                0.73566,                0.50494,                 1.3844,                0.03302,                      0,                      0,                0.78573,                0.77994,                0.81203,                0.65859,                0.69691,                0.46228,                 1.4726,                0.03127,                      0,                      0,               0.008416,               0.008416,               0.008416,               0.061273,                0.40012,                0.46139,               0.073543,                 0.1398,               0.053443,                 0.4368,                0.49024,               0.066918,                0.14043,                      1
                     18,                 0.7313,                0.50154,                 1.3776,                 0.0328,                      0,                      0,                0.78573,                0.78574,                0.83066,                0.67522,                0.68855,                0.45017,                 1.4532,                0.03083,                      0,                      0,               0.008317,               0.008317,               0.008317,               0.059317,                0.40246,                0.46177,               0.071831,                0.14079,               0.047555,                0.44587,                0.49343,               0.061511,                0.14289,                      1
                     19,                0.72977,                 0.4977,                 1.3854,                0.03265,                      0,                      0,                0.78386,                0.76364,                0.81675,                 0.6627,                 0.7035,                0.46912,                 1.4695,                0.03074,                      0,                      0,               0.008218,               0.008218,               0.008218,               0.056341,                0.40334,                0.45968,               0.068812,                0.14072,               0.042946,                0.45323,                0.49617,               0.057035,                0.14368,                      1
                     20,                0.72983,                0.49905,                 1.3805,                0.03204,                      0,                      0,                0.80182,                0.79929,                0.84009,                0.68477,                0.68378,                0.44407,                 1.4517,                0.03029,                      0,                      0,               0.008119,               0.008119,               0.008119,               0.054384,                0.41271,                0.46709,               0.066917,                0.14154,               0.040148,                 0.4634,                0.50355,               0.054304,                0.14408,                      1
                     21,                0.72766,                0.49267,                 1.3827,                0.03169,                      0,                      0,                0.80012,                0.80315,                0.84085,                0.68209,                0.68876,                 0.4445,                 1.4675,                0.03019,                      0,                      0,                0.00802,                0.00802,                0.00802,               0.052731,                0.41325,                0.46598,               0.065156,                0.14036,               0.038033,                 0.4708,                0.50883,               0.052266,                0.14419,                      1
                     22,                0.72082,                0.49106,                 1.3795,                0.03172,                      0,                      0,                0.79399,                0.79779,                0.83319,                0.67878,                0.68118,                0.44377,                 1.4571,                 0.0299,                      0,                      0,               0.007921,               0.007921,               0.007921,               0.052309,                0.41758,                0.46989,               0.065136,                0.14257,               0.036944,                 0.4751,                0.51204,               0.051622,                0.14577,                      1
                     23,                0.72159,                0.48849,                 1.3894,                0.03147,                      0,                      0,                0.80405,                0.80188,                0.84384,                0.69076,                0.67826,                0.43149,                 1.4589,                0.02984,                      0,                      0,               0.007822,               0.007822,               0.007822,               0.050766,                0.41728,                0.46805,               0.063325,                0.14147,               0.035506,                 0.4758,                0.51131,               0.049901,                0.14461,                      1
                     24,                 0.7201,                0.48845,                 1.3811,                0.03149,                      0,                      0,                0.80169,                0.80598,                 0.8474,                0.69528,                0.67751,                 0.4291,                  1.463,                0.02962,                      0,                      0,               0.007723,               0.007723,               0.007723,                0.04972,                0.42021,                0.46993,               0.062629,                0.14233,                  0.035,                0.47804,                0.51304,               0.049758,                0.14551,                      1
                     25,                0.71638,                0.47951,                 1.3785,                0.03155,                      0,                      0,                0.81825,                0.79249,                0.83932,                0.68912,                0.67533,                 0.4369,                 1.4382,                0.02945,                      0,                      0,               0.007624,               0.007624,               0.007624,               0.049501,                 0.4214,                 0.4709,               0.062556,                0.14305,               0.034288,                0.47929,                0.51358,               0.049217,                0.14595,                      1
                     26,                0.71369,                0.47717,                   1.38,                0.03092,                      0,                      0,                0.81499,                0.79481,                0.84702,                0.69682,                0.67556,                0.43038,                 1.4512,                0.02941,                      0,                      0,               0.007525,               0.007525,               0.007525,               0.048255,                0.42805,                0.47631,               0.061244,                0.14307,               0.033631,                0.48683,                0.52047,               0.048487,                 0.1459,                      1
                     27,                0.70879,                0.47743,                 1.3745,                0.03128,                      0,                      0,                0.80636,                0.76276,                0.82961,                0.67726,                 0.6833,                0.44285,                  1.471,                0.02944,                      0,                      0,               0.007426,               0.007426,               0.007426,               0.048055,                0.42415,                0.47221,               0.061222,                0.14365,               0.033771,                0.48468,                0.51845,               0.048907,                0.14689,                      1
                     28,                0.70898,                0.47348,                 1.3707,                0.03092,                      0,                      0,                 0.8039,                0.80689,                 0.8481,                0.69809,                 0.6725,                0.43038,                 1.4439,                0.02909,                      0,                      0,               0.007327,               0.007327,               0.007327,                 0.0471,                0.42764,                0.47474,               0.060136,                 0.1433,               0.033296,                0.48994,                0.52323,                0.04832,                0.14675,                      1
                     29,                0.70932,                0.47343,                 1.3805,                0.03083,                      0,                      0,                0.81415,                0.80701,                0.84892,                0.69917,                0.66965,                0.42382,                 1.4613,                0.02905,                      0,                      0,               0.007228,               0.007228,               0.007228,               0.046166,                0.42863,                 0.4748,               0.059182,                0.14273,               0.032548,                0.48887,                0.52142,               0.047468,                0.14585,                      1
                     30,                0.70646,                0.47096,                 1.3751,                0.03075,                      0,                      0,                0.81088,                0.81302,                0.85188,                0.70317,                0.67152,                0.42048,                 1.4629,                0.02897,                      0,                      0,               0.007129,               0.007129,               0.007129,               0.045911,                0.43107,                0.47699,               0.059013,                0.14295,               0.032518,                0.48834,                0.52086,               0.047446,                0.14557,                      1
                     31,                0.70978,                0.47175,                 1.3794,                 0.0307,                      0,                      0,                0.82428,                0.81741,                0.85843,                0.70767,                0.66905,                0.41884,                 1.4505,                0.02883,                      0,                      0,                0.00703,                0.00703,                0.00703,               0.045229,                0.42815,                0.47338,               0.058248,                0.14279,               0.031978,                 0.4892,                0.52118,               0.046931,                0.14595,                      1
                     32,                0.70344,                0.46587,                 1.3784,                0.03066,                      0,                      0,                0.82024,                0.81218,                0.85595,                0.70627,                0.66643,                0.41762,                  1.448,                0.02882,                      0,                      0,               0.006931,               0.006931,               0.006931,               0.045841,                0.43128,                0.47712,               0.059023,                0.14379,               0.032232,                0.49193,                0.52416,               0.047365,                 0.1463,                      1
                     33,                0.70338,                0.46621,                 1.3734,                 0.0305,                      0,                      0,                 0.8197,                0.82697,                0.85738,                0.70873,                0.66592,                 0.4162,                 1.4529,                0.02874,                      0,                      0,               0.006832,               0.006832,               0.006832,               0.044579,                0.43129,                0.47587,               0.057648,                0.14272,               0.031652,                0.49179,                0.52344,               0.046623,                0.14556,                      1
                     34,                0.69835,                0.46103,                 1.3709,                0.03039,                      0,                      0,                0.83931,                0.79142,                0.85184,                0.70424,                0.66657,                0.41888,                 1.4594,                0.02864,                      0,                      0,               0.006733,               0.006733,               0.006733,               0.043675,                0.43445,                0.47813,               0.056907,                0.14311,               0.031368,                0.49488,                0.52625,               0.046516,                0.14589,                      1
                     35,                0.70162,                0.46316,                 1.3735,                0.03042,                      0,                      0,                0.80166,                0.83955,                0.85845,                0.70963,                0.66528,                0.41389,                 1.4586,                 0.0286,                      0,                      0,               0.006634,               0.006634,               0.006634,               0.044092,                0.43479,                0.47888,               0.057253,                0.14331,               0.031021,                0.49694,                0.52796,                0.04614,                0.14608,                      1
                     36,                0.69632,                0.45753,                 1.3658,                0.03046,                      0,                      0,                 0.8233,                0.81005,                0.84926,                0.70381,                0.66371,                0.41514,                 1.4531,                0.02853,                      0,                      0,               0.006535,               0.006535,               0.006535,               0.043518,                0.43348,                  0.477,               0.056823,                0.14286,               0.031424,                0.49369,                0.52511,               0.046662,                0.14614,                      1
                     37,                0.69033,                0.45426,                 1.3657,                0.03013,                      0,                      0,                0.81604,                0.81686,                0.85483,                0.70742,                0.66498,                0.41599,                 1.4407,                0.02849,                      0,                      0,               0.006436,               0.006436,               0.006436,               0.042626,                0.43753,                0.48015,               0.055965,                0.14289,               0.030352,                0.49852,                0.52887,               0.045627,                0.14588,                      1
                     38,                0.69403,                 0.4548,                 1.3727,                0.03022,                      0,                      0,                0.81972,                0.82816,                0.85856,                 0.7109,                0.66375,                0.41302,                  1.449,                0.02845,                      0,                      0,               0.006337,               0.006337,               0.006337,               0.042265,                0.43827,                0.48054,               0.055621,                0.14323,               0.030247,                0.49897,                0.52922,               0.045519,                0.14606,                      1
                     39,                0.69028,                0.45072,                 1.3725,                0.03008,                      0,                      0,                0.83166,                 0.8203,                0.86261,                 0.7147,                0.66462,                0.41121,                 1.4487,                0.02837,                      0,                      0,               0.006238,               0.006238,               0.006238,               0.042368,                  0.439,                0.48137,               0.055825,                0.14338,               0.030185,                0.49921,                0.52939,               0.045563,                0.14602,                      1
                     40,                0.68845,                0.45143,                  1.369,                0.03015,                      0,                      0,                0.82115,                0.82858,                0.86106,                0.71374,                 0.6649,                 0.4112,                 1.4499,                 0.0283,                      0,                      0,               0.006139,               0.006139,               0.006139,               0.041703,                0.43778,                0.47949,                0.05507,                0.14327,               0.029989,                0.49825,                0.52824,               0.045278,                 0.1458,                      1
                     41,                0.68783,                0.44684,                 1.3733,                0.03019,                      0,                      0,                0.83044,                0.82956,                0.86351,                0.71524,                0.66439,                0.40952,                  1.452,                0.02824,                      0,                      0,                0.00604,                0.00604,                0.00604,               0.042281,                0.43865,                0.48093,               0.055748,                0.14366,               0.030572,                0.49924,                0.52981,               0.045968,                0.14666,                      1
                     42,                0.68593,                0.44685,                 1.3674,                0.03001,                      0,                      0,                0.82853,                0.83691,                0.86604,                0.71751,                0.66338,                0.40795,                 1.4516,                0.02822,                      0,                      0,               0.005941,               0.005941,               0.005941,               0.041641,                0.44042,                0.48206,               0.055095,                0.14327,               0.030182,                0.50069,                0.53087,                0.04554,                0.14596,                      1
                     43,                 0.6802,                0.44326,                 1.3679,                0.02989,                      0,                      0,                0.83373,                0.82624,                0.86568,                0.71878,                0.66251,                0.40855,                 1.4447,                0.02816,                      0,                      0,               0.005842,               0.005842,               0.005842,               0.040771,                0.44262,                0.48339,                0.05432,                0.14301,               0.029352,                0.50057,                0.52992,               0.044755,                0.14551,                      1
                     44,                0.68312,                0.44196,                  1.366,                   0.03,                      0,                      0,                0.83149,                0.83654,                0.86762,                0.72073,                0.66171,                0.40713,                 1.4443,                0.02811,                      0,                      0,               0.005743,               0.005743,               0.005743,               0.041415,                0.44271,                0.48412,               0.055078,                0.14431,               0.029998,                0.50097,                0.53096,               0.045535,                0.14637,                      1
                     45,                0.68629,                0.44403,                 1.3713,                0.02985,                      0,                      0,                0.83036,                0.83605,                0.86654,                 0.7197,                 0.6616,                0.40746,                 1.4458,                0.02808,                      0,                      0,               0.005644,               0.005644,               0.005644,               0.041002,                0.44165,                0.48265,               0.054431,                0.14309,                0.02962,                0.50204,                0.53166,               0.044965,                0.14579,                      1
                     46,                0.68199,                0.44158,                 1.3722,                0.02988,                      0,                      0,                0.83421,                0.82997,                0.86596,                0.71952,                0.66127,                0.40701,                  1.447,                0.02804,                      0,                      0,               0.005545,               0.005545,               0.005545,               0.040891,                0.44094,                0.48183,               0.054254,                0.14317,               0.029343,                0.50085,                0.53019,               0.044589,                0.14518,                      1
                     47,                 0.6807,                0.43711,                 1.3673,                 0.0298,                      0,                      0,                0.82624,                0.83789,                0.86385,                0.71868,                0.66028,                0.40636,                 1.4476,                  0.028,                      0,                      0,               0.005446,               0.005446,               0.005446,               0.040913,                0.44358,                0.48449,               0.054411,                0.14362,               0.029526,                0.50427,                 0.5338,                0.04495,                0.14596,                      1
                     48,                0.67919,                0.43851,                   1.37,                 0.0298,                      0,                      0,                0.83243,                0.82726,                0.86177,                0.71709,                0.65967,                0.40639,                 1.4503,                0.02796,                      0,                      0,               0.005347,               0.005347,               0.005347,               0.040687,                0.44247,                0.48315,               0.054192,                0.14353,               0.029305,                0.50268,                0.53199,               0.044721,                0.14584,                      1
                     49,                0.67578,                0.43339,                 1.3622,                0.02963,                      0,                      0,                0.83017,                0.83318,                0.86325,                0.71684,                0.65986,                0.40584,                 1.4517,                0.02792,                      0,                      0,               0.005248,               0.005248,               0.005248,               0.040026,                0.44502,                0.48504,               0.053553,                0.14328,                0.02896,                0.50673,                0.53569,                0.04442,                0.14579,                      1
                     50,                0.67053,                0.42934,                  1.363,                 0.0298,                      0,                      0,                0.82615,                0.83623,                  0.863,                0.71708,                0.65998,                0.40597,                 1.4529,                 0.0279,                      0,                      0,               0.005149,               0.005149,               0.005149,               0.040071,                 0.4452,                0.48527,               0.053833,                 0.1441,                 0.0289,                0.50367,                0.53257,               0.044554,                0.14601,                      1
                     51,                0.67548,                0.43404,                 1.3656,                0.02973,                      0,                      0,                 0.8317,                0.83935,                0.86406,                0.71857,                0.65993,                0.40583,                 1.4524,                0.02788,                      0,                      0,                0.00505,                0.00505,                0.00505,               0.040644,                0.44403,                0.48468,               0.054279,                0.14412,                0.02906,                  0.504,                0.53306,               0.044616,                0.14569,                      1
                     52,                0.67025,                0.42839,                 1.3709,                0.02947,                      0,                      0,                0.82982,                0.84191,                0.86496,                0.71888,                0.65969,                0.40515,                 1.4536,                0.02785,                      0,                      0,               0.004951,               0.004951,               0.004951,               0.039401,                0.44519,                0.48459,               0.052852,                0.14231,               0.028659,                 0.5063,                0.53496,               0.044033,                0.14543,                      1
                     53,                0.66694,                 0.4247,                 1.3681,                0.02949,                      0,                      0,                 0.8265,                0.84397,                0.86518,                0.71882,                0.65984,                 0.4046,                 1.4537,                0.02783,                      0,                      0,               0.004852,               0.004852,               0.004852,               0.039697,                0.44832,                0.48802,               0.053303,                 0.1438,               0.028915,                0.50795,                0.53686,               0.044416,                0.14571,                      1
                     54,                0.66529,                0.42407,                 1.3686,                0.02938,                      0,                      0,                0.82814,                0.84178,                0.86525,                0.71907,                 0.6594,                0.40429,                 1.4535,                0.02781,                      0,                      0,               0.004753,               0.004753,               0.004753,               0.039636,                0.44879,                0.48843,               0.053253,                0.14361,               0.028612,                 0.5102,                0.53881,               0.044178,                 0.1462,                      1
                     55,                0.66766,                0.42153,                 1.3614,                0.02944,                      0,                      0,                0.83599,                0.83556,                0.86615,                0.72044,                0.65913,                0.40402,                  1.454,                 0.0278,                      0,                      0,               0.004654,               0.004654,               0.004654,               0.039866,                0.44987,                0.48974,               0.053575,                 0.1443,               0.028712,                0.51062,                0.53933,               0.044349,                0.14639,                      1
                     56,                0.66334,                0.42189,                 1.3639,                0.02956,                      0,                      0,                0.84234,                 0.8338,                0.86666,                  0.721,                0.65882,                0.40312,                 1.4557,                0.02778,                      0,                      0,               0.004555,               0.004555,               0.004555,               0.039539,                0.44799,                0.48752,               0.053333,                0.14412,                0.02873,                0.50647,                0.53521,               0.044393,                0.14605,                      1
                     57,                0.66018,                0.41678,                 1.3585,                0.02946,                      0,                      0,                0.84503,                0.83232,                0.86666,                0.72092,                0.65859,                0.40298,                 1.4556,                0.02777,                      0,                      0,               0.004456,               0.004456,               0.004456,               0.039692,                0.45031,                0.49001,               0.053571,                0.14468,               0.028735,                0.51011,                0.53884,               0.044516,                0.14651,                      1
                     58,                0.66647,                 0.4195,                 1.3554,                0.02938,                      0,                      0,                0.84562,                0.83195,                0.86648,                0.72087,                0.65824,                0.40241,                 1.4561,                0.02775,                      0,                      0,               0.004357,               0.004357,               0.004357,               0.039666,                0.44811,                0.48778,               0.053294,                0.14378,               0.029162,                 0.5093,                0.53846,               0.044729,                0.14638,                      1
                     59,                0.66544,                0.41835,                 1.3723,                0.02945,                      0,                      0,                0.84315,                0.83231,                0.86584,                0.72062,                0.65802,                0.40254,                 1.4567,                0.02773,                      0,                      0,               0.004258,               0.004258,               0.004258,               0.038835,                 0.4455,                0.48433,               0.052336,                0.14283,               0.028137,                0.50975,                0.53789,               0.043661,                0.14563,                      1
                     60,                0.66394,                0.41797,                 1.3596,                0.02943,                      0,                      0,                0.84578,                0.82883,                0.86479,                0.71994,                0.65802,                0.40267,                 1.4571,                0.02772,                      0,                      0,               0.004159,               0.004159,               0.004159,               0.039414,                0.45011,                0.48952,               0.053248,                0.14458,               0.028109,                0.50921,                0.53732,               0.043832,                0.14611,                      1
                     61,                0.65757,                0.41172,                 1.3604,                0.02928,                      0,                      0,                0.84436,                0.83111,                0.86528,                0.72026,                0.65774,                0.40262,                 1.4578,                0.02771,                      0,                      0,                0.00406,                0.00406,                0.00406,               0.039122,                0.45127,                 0.4904,               0.052941,                0.14401,               0.028042,                0.51197,                0.54001,               0.043801,                0.14617,                      1
                     62,                0.65541,                0.41114,                 1.3604,                0.02932,                      0,                      0,                 0.8477,                0.82552,                0.86442,                0.71949,                 0.6577,                0.40279,                  1.458,                0.02769,                      0,                      0,               0.003961,               0.003961,               0.003961,               0.038922,                0.44958,                 0.4885,               0.052675,                0.14368,               0.028306,                0.51053,                0.53883,               0.043997,                 0.1461,                      1
                     63,                0.65786,                0.41194,                 1.3639,                0.02929,                      0,                      0,                0.84882,                0.82337,                0.86396,                0.71906,                0.65752,                0.40271,                  1.459,                0.02768,                      0,                      0,               0.003862,               0.003862,               0.003862,               0.038621,                0.45059,                0.48921,               0.052247,                0.14343,               0.028081,                0.51098,                0.53906,               0.043607,                0.14554,                      1
                     64,                0.65927,                0.41452,                 1.3602,                0.02903,                      0,                      0,                0.84536,                 0.8257,                0.86362,                0.71905,                0.65744,                0.40248,                 1.4593,                0.02767,                      0,                      0,               0.003763,               0.003763,               0.003763,               0.038175,                0.45099,                0.48916,               0.051595,                0.14256,               0.027882,                0.51343,                0.54132,               0.043228,                0.14492,                      1
                     65,                0.65172,                0.40613,                   1.36,                0.02936,                      0,                      0,                0.84725,                0.82549,                0.86344,                0.71914,                0.65737,                0.40231,                 1.4598,                0.02766,                      0,                      0,               0.003664,               0.003664,               0.003664,               0.039009,                0.45337,                0.49238,                0.05304,                0.14515,                0.02809,                0.51063,                0.53872,               0.043969,                0.14635,                      1
                     66,                0.65048,                0.40647,                 1.3596,                0.02917,                      0,                      0,                0.84818,                0.82565,                0.86268,                0.71856,                 0.6574,                0.40264,                 1.4603,                0.02765,                      0,                      0,               0.003565,               0.003565,               0.003565,               0.038261,                0.45128,                0.48954,               0.051987,                0.14335,                0.02776,                0.51295,                0.54071,               0.043444,                0.14571,                      1
                     67,                0.65621,                0.40613,                 1.3511,                0.02933,                      0,                      0,                0.84744,                0.82681,                0.86278,                0.71878,                0.65747,                0.40265,                 1.4605,                0.02764,                      0,                      0,               0.003466,               0.003466,               0.003466,               0.038527,                0.44809,                0.48662,               0.052202,                0.14347,               0.027729,                0.51011,                0.53784,               0.043365,                0.14573,                      1
                     68,                0.64843,                0.40107,                 1.3581,                0.02906,                      0,                      0,                0.84655,                0.82649,                0.86275,                0.71844,                0.65754,                0.40267,                 1.4607,                0.02763,                      0,                      0,               0.003367,               0.003367,               0.003367,               0.038863,                 0.4551,                0.49396,               0.052725,                 0.1446,               0.027945,                0.51479,                0.54273,               0.043711,                0.14616,                      1
                     69,                0.64962,                0.40215,                 1.3559,                0.02906,                      0,                      0,                0.84775,                0.82612,                0.86226,                  0.718,                0.65758,                0.40261,                 1.4612,                0.02763,                      0,                      0,               0.003268,               0.003268,               0.003268,               0.038271,                0.45496,                0.49323,               0.052286,                0.14436,               0.027732,                0.51447,                0.54221,               0.043653,                0.14634,                      1
                     70,                0.64701,                0.40009,                 1.3425,                0.02905,                      0,                      0,                0.84866,                0.82524,                0.86194,                0.71809,                0.65734,                0.40263,                 1.4612,                0.02762,                      0,                      0,               0.003169,               0.003169,               0.003169,               0.038417,                0.45471,                0.49313,               0.052409,                0.14398,               0.028139,                0.51523,                0.54337,               0.044065,                0.14665,                      1
                     71,                0.64622,                0.40121,                  1.351,                0.02896,                      0,                      0,                0.84963,                0.82535,                0.86186,                0.71796,                0.65733,                0.40267,                 1.4614,                0.02761,                      0,                      0,                0.00307,                0.00307,                0.00307,               0.037927,                0.45156,                0.48949,               0.051544,                0.14295,               0.027226,                0.51383,                0.54106,               0.042792,                0.14501,                      1
                     72,                0.64387,                0.39655,                 1.3479,                0.02917,                      0,                      0,                0.84741,                0.82571,                 0.8618,                0.71799,                0.65743,                0.40261,                 1.4618,                 0.0276,                      0,                      0,               0.002971,               0.002971,               0.002971,               0.037892,                0.45224,                0.49013,               0.051831,                0.14407,               0.027567,                0.51357,                0.54114,               0.043475,                 0.1462,                      1
                     73,                0.64124,                0.39349,                 1.3552,                0.02891,                      0,                      0,                0.84811,                0.82625,                0.86178,                0.71797,                0.65736,                0.40256,                  1.462,                0.02759,                      0,                      0,               0.002872,               0.002872,               0.002872,               0.037559,                0.45509,                0.49265,               0.051472,                0.14369,               0.027428,                0.51817,                 0.5456,               0.043338,                0.14617,                      1
                     74,                0.63944,                0.39133,                 1.3527,                0.02895,                      0,                      0,                0.84799,                0.82597,                0.86119,                0.71761,                0.65724,                0.40255,                 1.4624,                0.02758,                      0,                      0,               0.002773,               0.002773,               0.002773,               0.037975,                0.45577,                0.49375,               0.051824,                0.14395,               0.027258,                0.51697,                0.54423,               0.043047,                0.14596,                      1
                     75,                0.63928,                 0.3914,                 1.3487,                0.02894,                      0,                      0,                0.84777,                0.82653,                 0.8611,                0.71743,                0.65715,                0.40249,                 1.4626,                0.02757,                      0,                      0,               0.002674,               0.002674,               0.002674,               0.038239,                 0.4552,                0.49344,               0.052062,                0.14402,               0.027413,                0.51732,                0.54473,               0.043197,                0.14597,                      1
                     76,                0.63727,                0.38947,                 1.3447,                 0.0288,                      0,                      0,                 0.8474,                0.82668,                0.86094,                0.71736,                0.65715,                0.40233,                 1.4629,                0.02756,                      0,                      0,               0.002575,               0.002575,               0.002575,               0.037206,                0.45597,                0.49317,               0.050996,                0.14335,                0.02708,                0.51738,                0.54446,               0.042804,                0.14542,                      1
                     77,                0.63671,                0.38884,                 1.3419,                0.02889,                      0,                      0,                0.84741,                0.82737,                0.86089,                0.71747,                0.65703,                0.40241,                 1.4632,                0.02756,                      0,                      0,               0.002476,               0.002476,               0.002476,               0.037751,                0.45806,                0.49582,               0.051726,                0.14451,               0.027188,                0.51859,                0.54577,               0.043084,                0.14621,                      1
                     78,                0.63519,                0.38643,                 1.3429,                0.02874,                      0,                      0,                0.84586,                0.82834,                0.86054,                0.71692,                0.65695,                0.40248,                 1.4635,                0.02755,                      0,                      0,               0.002377,               0.002377,               0.002377,               0.037938,                0.45813,                0.49606,               0.051849,                0.14425,               0.027374,                0.51958,                0.54695,                0.04323,                0.14612,                      1
                     79,                0.63686,                0.38664,                  1.345,                0.02877,                      0,                      0,                0.84258,                0.82961,                0.86052,                0.71702,                0.65691,                0.40263,                 1.4635,                0.02754,                      0,                      0,               0.002278,               0.002278,               0.002278,               0.037716,                0.45709,                0.49481,               0.051505,                0.14395,               0.027397,                0.51984,                0.54724,               0.043162,                0.14603,                      1
                     80,                0.63071,                0.38406,                 1.3416,                0.02869,                      0,                      0,                0.84379,                0.82934,                0.86049,                0.71662,                0.65695,                 0.4028,                 1.4637,                0.02753,                      0,                      0,               0.002179,               0.002179,               0.002179,                0.03734,                 0.4574,                0.49474,               0.051234,                0.14367,               0.027143,                0.51789,                0.54503,                0.04296,                 0.1458,                      1
                     81,                0.63067,                0.38135,                 1.3474,                0.02897,                      0,                      0,                 0.8445,                0.82964,                0.86041,                0.71631,                0.65696,                0.40293,                 1.4638,                0.02752,                      0,                      0,                0.00208,                0.00208,                0.00208,                0.03739,                0.45714,                0.49453,               0.051443,                0.14455,               0.027026,                0.51751,                0.54453,               0.043023,                0.14645,                      1
                     82,                0.63258,                0.38266,                 1.3361,                0.02888,                      0,                      0,                0.84322,                0.82972,                0.86027,                0.71639,                0.65698,                0.40311,                 1.4639,                0.02752,                      0,                      0,               0.001981,               0.001981,               0.001981,               0.037521,                0.45662,                0.49414,               0.051429,                0.14415,               0.026938,                 0.5174,                0.54434,               0.042783,                0.14581,                      1
                     83,                0.62722,                0.37807,                 1.3342,                 0.0289,                      0,                      0,                0.84166,                0.83049,                0.86013,                0.71622,                 0.6569,                0.40318,                 1.4638,                0.02751,                      0,                      0,               0.001882,               0.001882,               0.001882,                 0.0369,                0.45668,                0.49358,               0.051108,                 0.1442,               0.026779,                0.51955,                0.54633,                0.04302,                0.14674,                      1
                     84,                0.62833,                0.38006,                 1.3415,                0.02875,                      0,                      0,                0.84277,                0.83046,                0.85968,                0.71589,                0.65692,                 0.4034,                  1.464,                 0.0275,                      0,                      0,               0.001783,               0.001783,               0.001783,                0.03731,                0.45443,                0.49174,               0.051017,                0.14334,               0.027091,                0.51847,                0.54556,               0.042813,                0.14555,                      1
                     85,                0.62906,                 0.3779,                 1.3382,                0.02883,                      0,                      0,                0.84232,                0.83076,                0.85952,                0.71599,                0.65689,                0.40353,                 1.4639,                0.02749,                      0,                      0,               0.001684,               0.001684,               0.001684,               0.037256,                0.45696,                0.49421,               0.051158,                 0.1442,               0.026855,                0.51834,                 0.5452,               0.042687,                0.14577,                      1
                     86,                0.62295,                0.37415,                 1.3398,                0.02867,                      0,                      0,                0.84156,                0.83015,                0.85906,                0.71572,                0.65691,                0.40365,                 1.4644,                0.02749,                      0,                      0,               0.001585,               0.001585,               0.001585,               0.037591,                0.46158,                0.49917,               0.051714,                0.14508,               0.027128,                0.52321,                0.55034,               0.043201,                0.14682,                      1
                     87,                0.62099,                0.37182,                 1.3341,                0.02877,                      0,                      0,                 0.8409,                0.83184,                0.85888,                0.71551,                0.65705,                0.40387,                 1.4649,                0.02748,                      0,                      0,               0.001486,               0.001486,               0.001486,               0.037067,                0.45906,                0.49613,               0.051217,                0.14438,                0.02681,                0.52121,                0.54802,                0.04296,                0.14649,                      1
                     88,                 0.6215,                0.37325,                 1.3389,                0.02885,                      0,                      0,                0.84223,                  0.832,                0.85853,                 0.7152,                0.65708,                0.40401,                 1.4652,                0.02747,                      0,                      0,               0.001387,               0.001387,               0.001387,               0.037508,                  0.457,                0.49451,               0.051442,                0.14435,               0.027105,                0.51994,                0.54704,               0.043029,                0.14634,                      1
                     89,                0.61889,                0.36984,                 1.3367,                0.02879,                      0,                      0,                0.84045,                0.83301,                0.85813,                0.71497,                0.65705,                0.40418,                 1.4655,                0.02746,                      0,                      0,               0.001288,               0.001288,               0.001288,                0.03702,                0.45936,                0.49638,               0.051236,                0.14466,               0.026927,                0.51997,                 0.5469,               0.043084,                0.14652,                      1
                     90,                0.61568,                0.36836,                 1.3288,                0.02858,                      0,                      0,                 0.8408,                0.83206,                0.85788,                0.71483,                0.65711,                0.40428,                 1.4658,                0.02746,                      0,                      0,               0.001189,               0.001189,               0.001189,               0.037442,                0.46106,                 0.4985,                0.05146,                 0.1447,               0.026807,                 0.5233,                 0.5501,               0.042794,                0.14641,                      1
                     91,                0.61631,                0.36646,                 1.3286,                0.02873,                      0,                      0,                0.84012,                0.83311,                0.85742,                0.71436,                0.65712,                0.40444,                 1.4661,                0.02745,                      0,                      0,                0.00109,                0.00109,                0.00109,               0.036854,                0.46078,                0.49764,               0.051041,                0.14464,               0.026711,                0.52206,                0.54877,               0.042861,                0.14629,                      1
                     92,                0.61508,                0.36301,                 1.3325,                0.02852,                      0,                      0,                0.83898,                0.83445,                 0.8572,                0.71424,                0.65719,                0.40466,                 1.4665,                0.02744,                      0,                      0,               0.000991,               0.000991,               0.000991,               0.036539,                0.46246,                  0.499,               0.050665,                0.14419,               0.026387,                0.52401,                0.55039,                0.04246,                  0.146,                      1
                     93,                0.61249,                0.36172,                 1.3309,                0.02855,                      0,                      0,                0.83722,                0.83639,                0.85711,                 0.7143,                0.65723,                0.40487,                 1.4667,                0.02744,                      0,                      0,               0.000892,               0.000892,               0.000892,               0.036537,                0.46119,                0.49772,               0.050628,                0.14409,               0.026339,                0.52442,                0.55076,               0.042429,                0.14619,                      1
                     94,                0.61269,                0.36314,                 1.3273,                0.02865,                      0,                      0,                0.83861,                0.83497,                0.85658,                 0.7138,                0.65732,                0.40513,                 1.4671,                0.02743,                      0,                      0,               0.000793,               0.000793,               0.000793,               0.036775,                 0.4615,                0.49827,               0.051031,                0.14476,               0.026257,                0.52324,                0.54949,               0.042476,                0.14631,                      1
                     95,                0.61086,                0.36338,                 1.3245,                0.02838,                      0,                      0,                0.83752,                0.83571,                0.85625,                0.71355,                0.65728,                0.40521,                 1.4675,                0.02743,                      0,                      0,               0.000694,               0.000694,               0.000694,               0.036023,                 0.4647,                0.50073,               0.050165,                0.14404,               0.026373,                0.52454,                0.55091,               0.042406,                0.14582,                      1
                     96,                0.60675,                0.35793,                 1.3213,                0.02828,                      0,                      0,                 0.8379,                0.83535,                0.85591,                0.71317,                0.65738,                 0.4053,                 1.4678,                0.02742,                      0,                      0,               0.000595,               0.000595,               0.000595,                0.03628,                0.46121,                0.49749,               0.050088,                0.14306,               0.026239,                0.52599,                0.55223,               0.042071,                0.14542,                      1
                     97,                0.60431,                0.35622,                 1.3204,                0.02855,                      0,                      0,                0.83735,                0.83521,                0.85567,                0.71286,                0.65732,                0.40515,                 1.4683,                0.02741,                      0,                      0,               0.000496,               0.000496,               0.000496,               0.036707,                 0.4625,                0.49921,               0.051019,                0.14474,               0.026096,                0.52342,                0.54951,               0.042351,                0.14607,                      1
                     98,                 0.6065,                0.35725,                 1.3282,                0.02833,                      0,                      0,                0.83821,                0.83503,                0.85504,                0.71285,                0.65733,                0.40519,                 1.4686,                 0.0274,                      0,                      0,               0.000397,               0.000397,               0.000397,               0.036303,                 0.4607,                  0.497,               0.050224,                0.14309,               0.026415,                0.52354,                0.54996,               0.042308,                0.14523,                      1
                     99,                0.60493,                0.35534,                 1.3221,                0.02845,                      0,                      0,                0.83896,                0.83465,                0.85497,                 0.7128,                0.65743,                0.40526,                 1.4691,                 0.0274,                      0,                      0,               0.000298,               0.000298,               0.000298,                 0.0364,                0.46176,                0.49816,               0.050349,                0.14368,               0.026426,                0.52381,                0.55024,                 0.0423,                0.14547,                      1
                    100,                0.60439,                 0.3556,                  1.321,                 0.0287,                      0,                      0,                0.83938,                0.83415,                0.85465,                0.71282,                0.65744,                0.40543,                 1.4694,                0.02739,                      0,                      0,               0.000199,               0.000199,               0.000199,               0.036895,                0.46012,                0.49701,               0.051032,                0.14476,               0.026502,                0.52237,                0.54887,               0.042637,                0.14622,                      1
