                  epoch,         train/box_loss,         train/cls_loss,         train/dfl_loss,   train/ir_prompt_loss,  train/rgb_prompt_loss,   metrics/precision(B),      metrics/recall(B),       metrics/mAP50(B),    metrics/mAP50-95(B),           val/box_loss,           val/cls_loss,           val/dfl_loss,     val/ir_prompt_loss,    val/rgb_prompt_loss,                 lr/pg0,                 lr/pg1,                 lr/pg2,       p2/P3_ir_bg_mean,     p2/P3_ir_fg_bg_gap,       p2/P3_ir_fg_mean,   p2/P3_ir_prompt_mean,    p2/P3_ir_prompt_std,  p2/P3_rgb_prompt_mean,   p2/P3_rgb_prompt_mse,   p2/P3_rgb_prompt_std,p2/P4_gder_attention_weight,p2/P4_gder_modality_weight,       p2/P4_ir_bg_mean,     p2/P4_ir_fg_bg_gap,       p2/P4_ir_fg_mean,   p2/P4_ir_prompt_mean,    p2/P4_ir_prompt_std,  p2/P4_rgb_prompt_mean,   p2/P4_rgb_prompt_mse,   p2/P4_rgb_prompt_std,p2/prompt_warmup_factor
                      1,                 1.3269,                 1.4665,                 1.6021,                      0,                      0,                0.52459,                0.55337,                0.49375,                0.36593,                0.91167,                0.77474,                 1.5255,                      0,                      0,               0.070106,              0.0033215,              0.0033215,                0.10768,              0.0010608,                0.10874,                0.10771,              0.0033343,                0.49469,               0.045625,              0.0057941,                    0.5,                    0.5,                0.10298,              0.0006443,                0.10362,                  0.103,              0.0065305,                0.51974,               0.045221,               0.013966,                      0
                      2,                  1.064,                0.88923,                 1.4197,                0.00466,                  5e-05,                0.56607,                0.66752,                0.61699,                0.46806,                0.82296,                0.65041,                 1.4673,                0.00437,                  4e-05,                0.04004,               0.006589,               0.006589,                0.11599,              0.0011837,                0.11717,                0.11603,              0.0034565,                0.49528,                0.04558,              0.0058539,                    0.5,                    0.5,                0.11094,              0.0011043,                0.11204,                0.11097,              0.0072739,                0.51968,               0.045093,               0.013931,                    0.1
                      3,                0.88647,                0.69112,                 1.4106,                0.00904,                  9e-05,                0.54836,                0.54311,                0.53856,                0.40764,                0.86192,                 0.7323,                 1.6333,                 0.0086,                  8e-05,              0.0099086,              0.0097904,              0.0097904,                0.14903,              0.0031921,                0.15223,                0.14913,              0.0062715,                0.49707,               0.045407,              0.0055805,                    0.5,                    0.5,                0.16392,              0.0054131,                0.16933,                0.16409,               0.017848,                0.51945,               0.045028,               0.013609,                    0.2
                      4,                0.80371,                0.60544,                  1.427,                0.01322,                0.00014,                0.65341,                 0.6841,                0.69344,                0.54274,                0.76159,                 0.5755,                 1.5065,                0.01283,                0.00012,               0.009703,               0.009703,               0.009703,                0.22734,               0.017457,                0.24479,                0.22787,               0.025104,                0.49987,               0.045192,              0.0049719,                0.50001,                0.49999,                0.22436,               0.014684,                0.23904,                0.22481,               0.033748,                0.51893,               0.044932,               0.012706,                    0.3
                      5,                0.78882,                0.58203,                 1.4167,                0.01752,                0.00018,                0.71792,                0.73456,                0.75224,                0.59578,                 0.7385,                0.52458,                 1.4926,                0.01686,                0.00016,               0.009604,               0.009604,               0.009604,                 0.2303,               0.024207,                 0.2545,                0.23103,               0.030781,                0.50311,               0.044872,              0.0043772,                0.50001,                0.49999,                0.22483,               0.020132,                0.24497,                0.22545,               0.035247,                0.51828,               0.044738,               0.011904,                    0.4
                      6,                 0.7727,                0.56045,                 1.4039,                0.02192,                0.00023,                0.72056,                 0.7483,                0.76563,                0.61119,                0.73542,                0.51715,                  1.499,                0.02102,                 0.0002,               0.009505,               0.009505,               0.009505,                0.23144,               0.034572,                0.26602,                0.23252,               0.037467,                 0.5059,               0.045524,              0.0038791,                0.50001,                0.49999,                0.22611,               0.024473,                0.25058,                0.22688,               0.036695,                0.51741,               0.045554,               0.011088,                    0.5
                      7,                 0.7638,                0.54601,                 1.4079,                0.02606,                0.00027,                 0.7722,                0.74306,                0.78894,                0.63937,                0.71235,                 0.4898,                 1.4989,                0.02502,                0.00024,               0.009406,               0.009406,               0.009406,                0.22873,               0.047135,                0.27587,                0.23019,               0.044704,                0.50873,               0.045138,              0.0035232,                0.50001,                0.49999,                0.22446,               0.033398,                0.25786,                 0.2255,               0.039571,                0.51684,                0.04515,               0.010318,                    0.6
                      8,                0.75813,                0.54345,                 1.4062,                0.02997,                0.00032,                0.73692,                0.72765,                0.76126,                0.61112,                0.72719,                0.51624,                 1.4998,                0.02877,                0.00028,               0.009307,               0.009307,               0.009307,                0.22487,               0.066611,                0.29148,                0.22691,               0.054715,                0.51101,               0.045104,              0.0031955,                0.50001,                0.49999,                0.22317,               0.052155,                0.27533,                0.22478,               0.045844,                0.51626,               0.045116,              0.0096673,                    0.7
                      9,                0.75354,                0.53333,                 1.3914,                0.03334,                0.00036,                0.78834,                0.73768,                0.80444,                0.65037,                0.70813,                0.48469,                 1.4772,                0.03148,                0.00032,               0.009208,               0.009208,               0.009208,                 0.2098,                  0.112,                 0.3218,                0.21324,               0.072314,                0.51319,               0.045102,              0.0029276,                0.50001,                0.49999,                0.21317,               0.093351,                0.30653,                0.21605,               0.057785,                0.51593,               0.045142,              0.0090372,                    0.8
                     10,                0.74933,                0.53078,                 1.3852,                0.03554,                 0.0004,                0.70318,                0.66207,                0.70609,                0.55786,                0.75451,                0.56529,                 1.5492,                0.03407,                0.00036,               0.009109,               0.009109,               0.009109,                0.16605,                 0.2109,                0.37695,                0.17251,                 0.1021,                0.51464,                0.04485,              0.0026826,                0.50001,                0.49999,                0.18041,                0.18091,                0.36132,                0.18597,               0.083616,                0.51551,               0.044853,              0.0083973,                    0.9
                     11,                0.74453,                0.52377,                 1.3889,                0.03726,                0.00045,                0.76093,                0.75704,                0.79997,                 0.6458,                 0.7088,                 0.4975,                 1.5052,                0.03534,                 0.0004,                0.00901,                0.00901,                0.00901,                0.11999,                0.29977,                0.41977,                0.12908,                0.12016,                0.51604,                0.04506,              0.0024845,                0.50001,                0.49999,                 0.1375,                0.27518,                0.41268,                0.14589,                0.10812,                 0.5154,               0.045086,               0.007845,                      1
                     12,                0.73968,                0.51643,                 1.3846,                0.03585,                0.00045,                0.76129,                0.77741,                0.79669,                0.65135,                0.69513,                0.47556,                  1.435,                0.03388,                 0.0004,               0.008911,               0.008911,               0.008911,               0.091904,                0.35118,                0.44308,                0.10269,                 0.1299,                0.51708,               0.045215,              0.0023003,                0.50001,                0.49999,                0.11126,                0.32463,                0.43589,                0.12128,                0.12063,                0.51529,               0.045251,               0.007329,                      1
                     13,                0.73571,                0.51645,                 1.3821,                0.03511,                0.00045,                0.77596,                0.77724,                0.81576,                0.66665,                0.69264,                0.46453,                 1.4532,                0.03331,                 0.0004,               0.008812,               0.008812,               0.008812,               0.078383,                0.37232,                 0.4507,               0.089888,                0.13458,                0.51737,               0.045005,              0.0021257,                0.50001,                0.49999,               0.094567,                0.35376,                0.44833,                0.10555,                0.12583,                0.51493,               0.045057,              0.0068821,                      1
                     14,                0.73109,                0.51218,                 1.3809,                0.03435,                0.00045,                0.74454,                0.77211,                0.79433,                0.64857,                 0.6916,                0.46683,                 1.4795,                0.03286,                 0.0004,               0.008713,               0.008713,               0.008713,               0.070081,                0.38717,                0.45725,               0.081976,                0.13717,                0.51791,               0.045069,              0.0019623,                0.50001,                0.49999,               0.081999,                0.37853,                0.46053,               0.093689,                0.13055,                0.51489,               0.045103,              0.0064138,                      1
                     15,                0.73038,                0.50782,                 1.3824,                0.03383,                0.00045,                0.76859,                0.76626,                0.80816,                0.66191,                0.69127,                0.47414,                 1.4741,                0.03225,                 0.0004,               0.008614,               0.008614,               0.008614,               0.065699,                 0.3959,                 0.4616,               0.077784,                0.13904,                0.51802,               0.044706,              0.0018224,                0.50001,                0.49999,               0.072573,                0.39763,                 0.4702,               0.084783,                0.13422,                0.51475,               0.044745,              0.0059913,                      1
                     16,                0.72615,                0.50151,                 1.3776,                0.03329,                0.00045,                0.81759,                0.77483,                0.83913,                0.68974,                0.67906,                0.44709,                 1.4629,                0.03161,                 0.0004,               0.008515,               0.008515,               0.008515,               0.061902,                0.40314,                0.46504,               0.074232,                0.14021,                0.51827,               0.044704,              0.0016841,                0.50001,                0.49999,               0.063882,                0.41585,                0.47973,               0.076663,                0.13746,                0.51475,               0.044761,              0.0056113,                      1
                     17,                0.72326,                  0.499,                 1.3836,                0.03302,                0.00045,                0.79171,                 0.7822,                0.82645,                0.68071,                0.68095,                0.45374,                 1.4694,                0.03123,                 0.0004,               0.008416,               0.008416,               0.008416,               0.058432,                0.40534,                0.46377,               0.070875,                0.14055,                0.51872,               0.044655,              0.0015783,                0.50001,                0.49999,               0.055259,                 0.4276,                0.48285,               0.068456,                0.13975,                0.51492,               0.044691,              0.0052958,                      1
                     18,                0.71921,                0.49516,                 1.3747,                0.03285,                0.00045,                0.78493,                0.77039,                0.82028,                0.67076,                0.68591,                0.45788,                 1.4715,                0.03098,                 0.0004,               0.008317,               0.008317,               0.008317,               0.057066,                0.40537,                0.46244,               0.069677,                0.14096,                0.51862,               0.045313,              0.0014633,                0.50001,                0.49999,               0.048721,                0.43665,                0.48537,               0.062389,                0.14178,                0.51485,               0.045295,              0.0049445,                      1
                     19,                 0.7176,                0.49339,                 1.3806,                0.03264,                0.00045,                0.80352,                0.77462,                0.83094,                0.68589,                0.67954,                0.45014,                 1.4689,                0.03066,                 0.0004,               0.008218,               0.008218,               0.008218,               0.054952,                0.40762,                0.46257,               0.067566,                0.14189,                 0.5187,               0.045096,              0.0013722,                0.50001,                0.49999,               0.043724,                0.44775,                0.49147,               0.057656,                0.14332,                 0.5148,               0.045088,              0.0046253,                      1
                     20,                0.71749,                0.49314,                 1.3757,                0.03206,                0.00045,                 0.8032,                0.78971,                0.83611,                0.69003,                0.67457,                0.44448,                 1.4466,                0.03037,                 0.0004,               0.008119,               0.008119,               0.008119,               0.053103,                0.41494,                0.46804,               0.065716,                0.14159,                0.51897,               0.044678,                0.00129,                0.50001,                0.49999,               0.040496,                0.45823,                0.49872,               0.054507,                0.14395,                  0.515,               0.044685,              0.0043549,                      1
                     21,                0.71672,                0.48857,                 1.3814,                0.03171,                0.00045,                0.79938,                0.79439,                 0.8376,                0.68888,                0.67675,                0.44204,                 1.4623,                0.03022,                 0.0004,                0.00802,                0.00802,                0.00802,               0.051634,                0.41682,                0.46846,               0.064172,                  0.141,                0.51897,               0.044849,              0.0011993,                0.50002,                0.49998,               0.038826,                0.46563,                0.50445,               0.052917,                0.14421,                0.51506,               0.044873,              0.0040935,                      1
                     22,                0.70854,                 0.4856,                 1.3788,                0.03172,                0.00045,                0.80742,                0.81208,                0.84843,                0.70211,                0.66766,                0.42919,                 1.4454,                0.02982,                 0.0004,               0.007921,               0.007921,               0.007921,               0.051241,                0.42011,                0.47135,               0.064154,                0.14269,                0.51905,               0.044876,              0.0011302,                0.50002,                0.49998,               0.037542,                0.47034,                0.50788,               0.052077,                0.14557,                0.51509,               0.044889,              0.0038369,                      1
                     23,                0.71083,                0.48429,                  1.382,                0.03147,                0.00045,                0.80757,                 0.8042,                0.84813,                0.70295,                0.66816,                0.43196,                 1.4369,                0.02992,                 0.0004,               0.007822,               0.007822,               0.007822,               0.049967,                0.42023,                0.47019,               0.062623,                0.14196,                 0.5187,               0.044784,              0.0010571,                0.50002,                0.49998,               0.036455,                0.47129,                0.50775,               0.050728,                 0.1449,                0.51491,               0.044793,              0.0036371,                      1
                     24,                0.70733,                0.48182,                 1.3774,                0.03147,                0.00045,                0.82194,                 0.7916,                 0.8547,                0.70974,                0.66823,                0.42742,                 1.4385,                0.02958,                 0.0004,               0.007723,               0.007723,               0.007723,               0.048716,                0.42306,                0.47178,               0.061719,                0.14261,                0.51853,               0.044999,             0.00099923,                0.50002,                0.49998,               0.035412,                0.47514,                0.51055,               0.050085,                 0.1458,                0.51493,               0.045009,              0.0034137,                      1
                     25,                0.70374,                0.47303,                 1.3774,                0.03153,                0.00045,                0.81291,                0.83118,                0.85892,                0.71295,                0.66255,                0.42416,                 1.4439,                0.02949,                 0.0004,               0.007624,               0.007624,               0.007624,               0.048598,                0.42388,                0.47247,               0.061733,                0.14327,                0.51863,               0.044681,             0.00093672,                0.50002,                0.49998,               0.035182,                0.47559,                0.51077,               0.050014,                0.14651,                0.51501,               0.044687,              0.0032275,                      1
                     26,                0.70152,                0.47194,                 1.3749,                0.03096,                0.00045,                0.80273,                0.80802,                0.84667,                 0.7045,                0.66379,                0.42421,                 1.4431,                0.02941,                 0.0004,               0.007525,               0.007525,               0.007525,               0.047953,                 0.4297,                0.47765,               0.060994,                0.14316,                0.51856,               0.044723,             0.00087901,                0.50002,                0.49998,               0.034579,                0.48235,                0.51693,               0.049306,                0.14635,                0.51503,               0.044709,              0.0030489,                      1
                     27,                0.69742,                0.47237,                 1.3701,                0.03132,                0.00045,                0.81583,                0.79407,                0.84905,                0.70675,                0.66056,                0.42362,                 1.4476,                0.02928,                 0.0004,               0.007426,               0.007426,               0.007426,               0.047989,                0.42532,                0.47331,                 0.0612,                0.14394,                0.51847,               0.044824,             0.00081858,                0.50002,                0.49998,               0.034437,                0.48033,                0.51477,               0.049445,                0.14719,                0.51505,               0.044819,              0.0028572,                      1
                     28,                0.69833,                0.46912,                 1.3704,                0.03096,                0.00045,                0.81443,                0.79338,                0.84131,                0.69986,                0.66275,                0.42436,                 1.4507,                0.02924,                 0.0004,               0.007327,               0.007327,               0.007327,               0.047023,                0.42817,                0.47519,               0.060086,                0.14338,                0.51846,               0.044975,             0.00077359,                0.50003,                0.49997,               0.033892,                0.48577,                0.51966,               0.048808,                 0.1467,                0.51511,                0.04497,              0.0026571,                      1
                     29,                0.69837,                0.46857,                 1.3778,                0.03083,                0.00045,                0.80159,                0.81661,                0.84864,                 0.7072,                0.65943,                 0.4177,                 1.4476,                0.02908,                 0.0004,               0.007228,               0.007228,               0.007228,               0.046209,                0.43145,                0.47766,               0.059317,                0.14318,                0.51826,               0.045005,             0.00073048,                0.50003,                0.49997,                0.03335,                0.48579,                0.51914,               0.048184,                0.14604,                0.51504,                  0.045,               0.002511,                      1
                     30,                0.69523,                0.46513,                 1.3707,                0.03075,                0.00045,                0.81317,                0.81929,                0.85628,                0.71238,                0.65864,                0.41484,                 1.4529,                0.02903,                 0.0004,               0.007129,               0.007129,               0.007129,               0.045966,                0.43255,                0.47851,                0.05912,                0.14331,                0.51809,                0.04511,             0.00068052,                0.50003,                0.49997,               0.033032,                 0.4868,                0.51984,               0.047922,                0.14596,                0.51498,               0.045119,               0.002366,                      1
                     31,                0.69829,                0.46701,                 1.3756,                0.03075,                0.00045,                0.82527,                 0.8135,                0.85609,                0.71408,                 0.6562,                 0.4151,                 1.4418,                0.02888,                 0.0004,                0.00703,                0.00703,                0.00703,               0.045054,                0.42961,                0.47467,               0.058124,                0.14316,                0.51845,               0.044937,             0.00064312,                0.50003,                0.49997,               0.032469,                0.48611,                0.51858,               0.047335,                0.14582,                0.51522,               0.044961,              0.0022472,                      1
                     32,                0.69183,                0.46097,                 1.3741,                0.03068,                0.00045,                0.81426,                0.81679,                0.85847,                0.71608,                0.65857,                0.41151,                 1.4468,                0.02884,                 0.0004,               0.006931,               0.006931,               0.006931,               0.045596,                0.43178,                0.47738,               0.058801,                0.14368,                0.51854,               0.044822,             0.00060537,                0.50003,                0.49997,               0.032928,                 0.4889,                0.52183,                0.04798,                0.14646,                 0.5153,                0.04483,              0.0021202,                      1
                     33,                0.69286,                0.46123,                 1.3713,                0.03055,                0.00045,                0.81354,                0.82169,                0.85686,                0.71537,                0.65487,                0.41065,                 1.4567,                0.02877,                 0.0004,               0.006832,               0.006832,               0.006832,               0.044542,                0.43258,                0.47712,               0.057657,                 0.1431,                 0.5187,               0.044733,             0.00057331,                0.50004,                0.49996,               0.032036,                0.48907,                0.52111,               0.046934,                0.14585,                0.51551,               0.044737,              0.0019799,                      1
                     34,                0.68836,                0.45599,                 1.3689,                0.03044,                0.00044,                0.81407,                0.81737,                0.85818,                 0.7174,                0.65492,                0.41262,                 1.4485,                0.02866,                 0.0004,               0.006733,               0.006733,               0.006733,               0.043837,                0.43506,                 0.4789,               0.057097,                 0.1433,                0.51876,               0.044475,             0.00054072,                0.50004,                0.49996,               0.031626,                0.49261,                0.52424,               0.046718,                 0.1461,                0.51571,               0.044492,              0.0018764,                      1
                     35,                0.69042,                0.45741,                 1.3716,                0.03045,                0.00045,                0.83411,                 0.8153,                0.86322,                 0.7216,                0.65577,                0.40896,                 1.4471,                 0.0286,                 0.0004,               0.006634,               0.006634,               0.006634,               0.044063,                0.43503,                0.47909,               0.057231,                0.14328,                0.51869,               0.044765,             0.00051037,                0.50004,                0.49996,                0.03182,                0.49424,                0.52606,               0.046876,                0.14657,                0.51581,               0.044776,               0.001787,                      1
                     36,                0.68447,                0.45249,                 1.3595,                0.03049,                0.00045,                0.84232,                0.79943,                0.86477,                0.72418,                0.65346,                0.40785,                 1.4422,                0.02852,                0.00039,               0.006535,               0.006535,               0.006535,               0.043661,                0.43408,                0.47774,               0.056986,                0.14326,                0.51886,               0.045142,             0.00048625,                0.50004,                0.49996,               0.031519,                0.49153,                0.52305,               0.046699,                0.14623,                0.51598,               0.045152,              0.0016819,                      1
                     37,                0.67952,                0.44877,                  1.364,                0.03018,                0.00045,                0.83579,                0.81171,                0.86689,                0.72572,                0.65186,                0.40646,                 1.4455,                0.02845,                 0.0004,               0.006436,               0.006436,               0.006436,                0.04261,                0.43791,                0.48052,               0.055964,                 0.1432,                0.51873,               0.045148,             0.00046301,                0.50005,                0.49995,               0.030874,                0.49583,                0.52671,               0.046076,                0.14608,                0.51601,               0.045137,              0.0015953,                      1
                     38,                0.68293,                0.44882,                 1.3714,                0.03023,                0.00045,                0.83619,                0.81268,                0.86579,                0.72512,                0.65197,                0.40392,                 1.4487,                0.02841,                 0.0004,               0.006337,               0.006337,               0.006337,               0.042363,                 0.4393,                0.48167,               0.055748,                0.14343,                0.51845,               0.044573,             0.00043977,                0.50005,                0.49995,               0.030622,                0.49772,                0.52834,               0.045869,                0.14643,                0.51599,               0.044589,              0.0015028,                      1
                     39,                0.67897,                0.44397,                 1.3726,                 0.0301,                0.00045,                0.82765,                0.82351,                0.86456,                0.72327,                0.65342,                0.40397,                 1.4449,                0.02833,                 0.0004,               0.006238,               0.006238,               0.006238,               0.042644,                0.43944,                0.48208,               0.056118,                0.14358,                0.51843,               0.044704,             0.00041786,                0.50005,                0.49995,               0.030773,                0.49798,                0.52875,               0.046125,                0.14644,                0.51605,               0.044709,              0.0014234,                      1
                     40,                0.67763,                 0.4451,                 1.3666,                0.03013,                0.00045,                0.83036,                0.82634,                0.86633,                0.72545,                0.65282,                0.40326,                 1.4473,                0.02829,                 0.0004,               0.006139,               0.006139,               0.006139,               0.041834,                0.43875,                0.48059,               0.055239,                0.14353,                0.51863,               0.044815,             0.00039585,                0.50005,                0.49995,               0.030242,                0.49904,                0.52929,                0.04557,                0.14635,                0.51622,               0.044825,              0.0013398,                      1
                     41,                0.67767,                0.44131,                 1.3721,                0.03019,                0.00045,                0.82376,                0.84008,                0.86918,                0.72766,                0.65268,                0.40249,                 1.4466,                0.02826,                0.00039,                0.00604,                0.00604,                0.00604,               0.042685,                 0.4401,                0.48279,               0.056199,                0.14416,                0.51876,               0.045138,             0.00037974,                0.50006,                0.49994,               0.030803,                0.49811,                0.52891,               0.046171,                 0.1468,                0.51644,                0.04512,               0.001271,                      1
                     42,                0.67504,                0.44141,                 1.3636,                0.03004,                0.00045,                 0.8302,                0.83014,                0.86836,                0.72721,                0.65168,                0.40235,                 1.4459,                0.02819,                0.00039,               0.005941,               0.005941,               0.005941,               0.042189,                 0.4406,                0.48279,               0.055654,                0.14393,                0.51843,               0.045135,             0.00035708,                0.50006,                0.49994,               0.030295,                0.49873,                0.52902,               0.045608,                0.14613,                0.51646,               0.045151,              0.0012135,                      1
                     43,                0.66971,                0.43723,                 1.3697,                0.02988,                0.00045,                 0.8302,                0.82487,                0.86515,                0.72512,                0.65054,                0.40232,                 1.4517,                0.02817,                0.00039,               0.005842,               0.005842,               0.005842,               0.040941,                0.44374,                0.48468,               0.054526,                0.14341,                0.51866,               0.045035,             0.00033783,                0.50006,                0.49994,               0.029378,                0.49994,                0.52932,               0.044775,                0.14573,                0.51676,               0.045031,              0.0011566,                      1
                     44,                0.67163,                0.43575,                  1.363,                   0.03,                0.00045,                0.83286,                0.82319,                0.86561,                 0.7253,                0.65059,                 0.4025,                 1.4472,                0.02813,                0.00039,               0.005743,               0.005743,               0.005743,               0.041783,                0.44389,                0.48567,               0.055488,                0.14476,                0.51881,                0.04514,             0.00032146,                0.50007,                0.49993,               0.030354,                0.49968,                0.53003,               0.045859,                0.14667,                0.51694,               0.045128,               0.001096,                      1
                     45,                0.67492,                0.43788,                  1.366,                0.02987,                0.00045,                0.82665,                0.82744,                0.86392,                 0.7248,                0.65025,                0.40303,                 1.4449,                0.02809,                0.00039,               0.005644,               0.005644,               0.005644,               0.041078,                0.44216,                0.48323,               0.054531,                0.14325,                0.51897,               0.044885,             0.00030767,                0.50007,                0.49993,               0.030021,                0.50046,                0.53048,               0.045327,                0.14611,                0.51702,               0.044891,              0.0010449,                      1
                     46,                0.67102,                0.43561,                  1.372,                0.02986,                0.00045,                0.82713,                0.82915,                0.86331,                0.72469,                0.65053,                0.40308,                 1.4465,                0.02805,                0.00039,               0.005545,               0.005545,               0.005545,                0.04107,                0.44171,                0.48278,               0.054457,                0.14335,                0.51896,               0.044942,             0.00029257,                0.50007,                0.49993,               0.029555,                 0.5001,                0.52965,               0.044795,                0.14564,                0.51716,               0.044937,              0.0010016,                      1
                     47,                0.67085,                0.43269,                 1.3616,                0.02979,                0.00045,                0.82157,                0.83234,                0.86127,                0.72286,                0.64932,                0.40322,                 1.4444,                0.02802,                0.00039,               0.005446,               0.005446,               0.005446,               0.040996,                0.44605,                0.48704,               0.054578,                0.14444,                0.51885,               0.044722,             0.00028096,                0.50008,                0.49992,               0.029782,                 0.5029,                0.53268,               0.045173,                0.14621,                 0.5173,               0.044725,              0.0009471,                      1
                     48,                0.66879,                0.43287,                 1.3681,                0.02981,                0.00045,                0.82162,                0.82997,                0.85972,                0.72155,                 0.6488,                0.40226,                 1.4471,                0.02798,                0.00039,               0.005347,               0.005347,               0.005347,                0.04047,                 0.4423,                0.48277,               0.053971,                0.14341,                0.51867,               0.045013,             0.00026764,                0.50008,                0.49992,               0.029777,                0.50237,                0.53215,               0.045191,                0.14632,                0.51725,                0.04498,             0.00090578,                      1
                     49,                0.66564,                0.42816,                 1.3631,                0.02963,                0.00045,                0.83007,                0.82657,                0.86142,                0.72341,                0.64926,                 0.4012,                 1.4508,                0.02795,                0.00039,               0.005248,               0.005248,               0.005248,               0.040162,                0.44675,                0.48691,                0.05375,                0.14387,                0.51853,               0.044871,             0.00025649,                0.50009,                0.49991,               0.029152,                0.50528,                0.53444,               0.044584,                0.14631,                0.51722,               0.044864,              0.0008576,                      1
                     50,                0.65967,                0.42349,                 1.3618,                0.02977,                0.00045,                 0.8239,                0.83169,                0.86287,                0.72449,                0.64888,                0.39995,                 1.4512,                0.02793,                0.00039,               0.005149,               0.005149,               0.005149,               0.039912,                0.44589,                 0.4858,               0.053704,                 0.1441,                0.51857,               0.044859,             0.00024499,                0.50009,                0.49991,               0.029342,                0.50365,                0.53299,               0.045001,                 0.1467,                0.51729,               0.044834,             0.00082116,                      1
                     51,                0.66338,                0.42797,                 1.3619,                0.02966,                0.00045,                0.82772,                 0.8295,                0.86251,                0.72455,                0.64837,                0.39994,                 1.4498,                0.02789,                0.00039,                0.00505,                0.00505,                0.00505,               0.040416,                0.44657,                0.48699,               0.054134,                0.14456,                0.51847,               0.044815,             0.00023541,                 0.5001,                 0.4999,               0.028969,                0.50339,                0.53236,               0.044517,                0.14596,                0.51732,               0.044812,             0.00078385,                      1
                     52,                0.65956,                0.42357,                 1.3655,                0.02946,                0.00045,                 0.8345,                0.82394,                0.86321,                0.72499,                0.64831,                0.39948,                 1.4502,                0.02786,                0.00039,               0.004951,               0.004951,               0.004951,               0.039355,                0.44672,                0.48607,               0.052853,                0.14284,                0.51878,               0.045238,             0.00022547,                 0.5001,                 0.4999,               0.028908,                0.50425,                0.53316,               0.044229,                 0.1456,                0.51757,               0.045271,             0.00075187,                      1
                     53,                 0.6569,                0.42032,                 1.3646,                0.02949,                0.00045,                0.83539,                0.82272,                0.86272,                0.72427,                0.64827,                0.39943,                 1.4504,                0.02784,                0.00039,               0.004852,               0.004852,               0.004852,               0.039705,                0.45009,                0.48979,               0.053364,                0.14396,                0.51876,                0.04478,             0.00021645,                0.50011,                0.49989,               0.028942,                0.50714,                0.53608,               0.044427,                0.14612,                0.51758,               0.044795,             0.00071568,                      1
                     54,                 0.6552,                0.41925,                 1.3678,                0.02938,                0.00045,                0.83456,                0.82319,                0.86091,                0.72315,                 0.6479,                0.39992,                 1.4523,                0.02782,                0.00039,               0.004753,               0.004753,               0.004753,               0.039473,                0.44987,                0.48934,               0.053127,                0.14387,                0.51858,               0.044672,             0.00020707,                0.50011,                0.49989,                0.02856,                 0.5085,                0.53706,               0.044081,                0.14632,                0.51766,                0.04467,             0.00068736,                      1
                     55,                0.65634,                 0.4162,                  1.358,                0.02943,                0.00045,                0.83416,                0.82278,                 0.8597,                0.72191,                 0.6477,                0.39974,                 1.4521,                 0.0278,                0.00039,               0.004654,               0.004654,               0.004654,               0.039916,                0.45113,                0.49104,               0.053671,                0.14461,                 0.5186,               0.044609,             0.00019946,                0.50012,                0.49988,               0.028954,                0.50939,                0.53835,               0.044573,                0.14673,                0.51763,               0.044617,             0.00065854,                      1
                     56,                0.65224,                0.41632,                 1.3593,                0.02952,                0.00045,                0.82972,                0.82829,                0.86081,                0.72292,                0.64765,                0.39931,                 1.4532,                0.02778,                0.00039,               0.004555,               0.004555,               0.004555,                0.03921,                0.44939,                 0.4886,               0.053043,                0.14407,                0.51873,               0.045061,             0.00019238,                0.50012,                0.49988,               0.028874,                0.50569,                0.53456,               0.044526,                0.14621,                0.51775,               0.045081,             0.00063565,                      1
                     57,                0.64902,                0.41256,                 1.3563,                0.02942,                0.00045,                0.83165,                0.82539,                0.86084,                0.72336,                 0.6477,                0.39933,                 1.4533,                0.02776,                0.00039,               0.004456,               0.004456,               0.004456,               0.039445,                0.45274,                0.49218,               0.053401,                0.14501,                0.51864,               0.044671,             0.00018438,                0.50013,                0.49987,               0.028594,                0.50965,                0.53824,               0.044377,                0.14655,                0.51777,               0.044682,             0.00061158,                      1
                     58,                0.65515,                0.41355,                 1.3527,                0.02933,                0.00045,                0.83298,                0.82255,                0.86014,                0.72209,                0.64745,                0.39954,                 1.4537,                0.02774,                0.00039,               0.004357,               0.004357,               0.004357,               0.039285,                0.44997,                0.48925,               0.052976,                0.14389,                0.51881,               0.044834,             0.00017764,                0.50013,                0.49987,               0.028888,                0.50839,                0.53728,               0.044439,                0.14603,                 0.5179,               0.044842,             0.00058181,                      1
                     59,                0.65589,                0.41402,                 1.3658,                0.02939,                0.00045,                0.83468,                0.82038,                0.85907,                0.72167,                0.64736,                0.39987,                 1.4533,                0.02772,                0.00039,               0.004258,               0.004258,               0.004258,               0.038347,                0.44744,                0.48579,               0.051915,                0.14281,                0.51859,               0.044537,             0.00017161,                0.50014,                0.49986,                0.02833,                0.51003,                0.53836,                0.04388,                0.14615,                0.51789,               0.044532,             0.00056108,                      1
                     60,                0.65373,                0.41133,                 1.3576,                0.02939,                0.00045,                0.83229,                0.82146,                 0.8591,                0.72175,                0.64723,                0.39938,                  1.454,                 0.0277,                0.00039,               0.004159,               0.004159,               0.004159,               0.039153,                0.45129,                0.49044,               0.053027,                0.14455,                0.51864,               0.044844,             0.00016379,                0.50015,                0.49985,               0.028542,                0.50855,                0.53709,                0.04426,                0.14669,                0.51801,               0.044843,             0.00054597,                      1
                     61,                0.64818,                0.40727,                 1.3536,                0.02928,                0.00045,                0.83149,                0.82431,                0.85902,                0.72148,                0.64717,                0.39905,                  1.454,                0.02768,                0.00039,                0.00406,                0.00406,                0.00406,               0.039055,                0.45159,                0.49064,               0.052888,                0.14411,                0.51876,               0.045146,             0.00015808,                0.50015,                0.49985,               0.028133,                0.51169,                0.53982,               0.043899,                0.14657,                0.51814,                0.04515,             0.00052468,                      1
                     62,                0.64514,                0.40603,                 1.3563,                0.02926,                0.00045,                0.83009,                0.82656,                0.85842,                0.72141,                0.64708,                 0.3992,                 1.4538,                0.02767,                0.00039,               0.003961,               0.003961,               0.003961,               0.038549,                0.45164,                0.49019,               0.052371,                0.14392,                0.51856,               0.045009,             0.00015285,                0.50016,                0.49984,               0.028099,                0.51081,                0.53891,               0.043813,                0.14637,                0.51817,               0.045009,             0.00050371,                      1
                     63,                0.64825,                0.40785,                 1.3581,                0.02923,                0.00045,                 0.8297,                0.82785,                0.85839,                0.72144,                0.64705,                0.39928,                 1.4533,                0.02766,                0.00039,               0.003862,               0.003862,               0.003862,               0.038294,                0.45245,                0.49074,               0.051981,                0.14326,                0.51843,               0.044761,             0.00014846,                0.50016,                0.49984,               0.027955,                0.51027,                0.53823,               0.043465,                0.14541,                0.51809,               0.044755,              0.0004858,                      1
                     64,                0.64782,                0.40804,                 1.3574,                0.02896,                0.00045,                 0.8268,                0.83146,                0.85802,                0.72126,                0.64695,                0.39941,                 1.4534,                0.02764,                0.00039,               0.003763,               0.003763,               0.003763,               0.037885,                0.45387,                0.49176,               0.051399,                0.14289,                0.51844,               0.044512,              0.0001443,                0.50017,                0.49983,               0.028036,                0.51217,                0.54021,               0.043354,                0.14498,                0.51815,               0.044519,             0.00046754,                      1
                     65,                0.64085,                0.40047,                 1.3568,                0.02927,                0.00045,                 0.8247,                0.83028,                0.85785,                0.72099,                0.64688,                0.39942,                 1.4541,                0.02763,                0.00039,               0.003664,               0.003664,               0.003664,               0.038372,                0.45511,                0.49349,                0.05246,                0.14479,                0.51847,               0.044941,             0.00014042,                0.50017,                0.49983,               0.028286,                0.51036,                0.53864,               0.044167,                0.14657,                0.51817,               0.044952,             0.00045451,                      1
                     66,                0.64033,                0.40057,                 1.3591,                0.02913,                0.00045,                0.82213,                0.83057,                0.85736,                0.72036,                0.64694,                0.39941,                 1.4543,                0.02762,                0.00039,               0.003565,               0.003565,               0.003565,               0.037857,                0.45287,                0.49073,               0.051638,                0.14324,                0.51833,               0.045144,             0.00013521,                0.50018,                0.49982,               0.027868,                0.51137,                0.53924,               0.043512,                0.14579,                0.51816,               0.045136,             0.00043947,                      1
                     67,                 0.6459,                0.40022,                 1.3484,                0.02925,                0.00045,                0.82287,                0.82989,                 0.8572,                0.72037,                 0.6469,                0.39929,                 1.4546,                0.02761,                0.00039,               0.003466,               0.003466,               0.003466,               0.038175,                0.45058,                0.48876,               0.051935,                0.14379,                0.51837,               0.044803,             0.00013179,                0.50018,                0.49982,               0.027642,                0.50977,                0.53741,               0.043282,                0.14579,                 0.5182,               0.044801,             0.00042704,                      1
                     68,                0.63787,                 0.3958,                 1.3541,                  0.029,                0.00045,                 0.8236,                0.83037,                0.85711,                0.72052,                0.64696,                0.39921,                 1.4547,                 0.0276,                0.00039,               0.003367,               0.003367,               0.003367,               0.038174,                0.45669,                0.49487,                0.05209,                0.14443,                0.51823,                0.04509,             0.00012766,                0.50019,                0.49981,               0.027862,                0.51428,                0.54214,               0.043624,                0.14618,                0.51816,               0.045074,             0.00041169,                      1
                     69,                0.63829,                0.39544,                 1.3544,                0.02898,                0.00045,                0.82506,                0.82897,                  0.857,                0.72059,                0.64691,                0.39904,                 1.4546,                0.02759,                0.00039,               0.003268,               0.003268,               0.003268,               0.037832,                0.45639,                0.49422,               0.051899,                0.14431,                0.51822,               0.044808,             0.00012348,                 0.5002,                 0.4998,               0.027563,                0.51495,                0.54252,               0.043512,                 0.1467,                0.51826,                 0.0448,             0.00040204,                      1
                     70,                0.63672,                0.39302,                 1.3478,                0.02898,                0.00045,                 0.8252,                0.82811,                0.85685,                0.72054,                0.64686,                0.39911,                 1.4551,                0.02757,                0.00039,               0.003169,               0.003169,               0.003169,               0.038234,                0.45621,                0.49444,               0.052267,                0.14433,                0.51814,               0.045004,             0.00012145,                 0.5002,                 0.4998,                0.02799,                0.51343,                0.54142,               0.043876,                0.14627,                0.51826,               0.045024,             0.00039103,                      1
                     71,                0.63595,                0.39466,                 1.3477,                 0.0289,                0.00045,                0.82661,                0.82705,                0.85673,                0.72026,                 0.6468,                0.39907,                 1.4553,                0.02756,                0.00039,                0.00307,                0.00307,                0.00307,               0.037548,                 0.4541,                0.49165,               0.051257,                0.14323,                0.51814,                0.04514,             0.00011879,                0.50021,                0.49979,               0.027596,                  0.513,                0.54059,               0.043147,                0.14538,                0.51834,               0.045147,             0.00037858,                      1
                     72,                0.63324,                0.39026,                 1.3459,                0.02912,                0.00045,                0.82848,                0.82634,                0.85617,                0.71949,                0.64672,                0.39901,                 1.4557,                0.02755,                0.00039,               0.002971,               0.002971,               0.002971,               0.037781,                0.45365,                0.49143,               0.051769,                  0.144,                0.51818,               0.044882,             0.00011527,                0.50021,                0.49979,               0.027719,                0.51228,                   0.54,                 0.0436,                 0.1463,                0.51839,               0.044883,             0.00036874,                      1
                     73,                0.63082,                0.38832,                 1.3523,                0.02885,                0.00045,                0.82881,                0.82595,                0.85606,                0.71941,                0.64676,                 0.3989,                  1.456,                0.02754,                0.00039,               0.002872,               0.002872,               0.002872,               0.037038,                0.45609,                0.49313,               0.050984,                0.14329,                0.51819,               0.045081,             0.00011245,                0.50022,                0.49978,               0.027162,                0.51652,                0.54368,               0.043032,                0.14612,                0.51842,               0.045058,             0.00035576,                      1
                     74,                0.62905,                0.38637,                 1.3475,                0.02889,                0.00045,                0.83098,                0.82399,                0.85582,                0.71953,                0.64688,                0.39898,                 1.4562,                0.02753,                0.00039,               0.002773,               0.002773,               0.002773,               0.037664,                0.45772,                0.49539,                0.05158,                0.14419,                0.51821,                0.04468,             0.00010915,                0.50022,                0.49978,               0.027404,                0.51613,                0.54354,               0.043183,                0.14602,                0.51847,                0.04468,             0.00034564,                      1
                     75,                0.62904,                0.38664,                 1.3417,                0.02885,                0.00045,                0.83295,                0.82109,                0.85575,                0.71935,                0.64685,                0.39909,                 1.4561,                0.02752,                0.00039,               0.002674,               0.002674,               0.002674,               0.037436,                0.45666,                 0.4941,               0.051311,                0.14364,                0.51822,               0.044822,             0.00010701,                0.50023,                0.49977,                0.02729,                0.51751,                 0.5448,               0.043087,                0.14614,                0.51848,               0.044846,             0.00033669,                      1
                     76,                0.62698,                0.38454,                 1.3418,                0.02874,                0.00045,                0.83435,                0.82025,                0.85542,                0.71916,                0.64677,                  0.399,                 1.4563,                0.02751,                0.00039,               0.002575,               0.002575,               0.002575,               0.037008,                0.45722,                0.49423,               0.050847,                0.14326,                0.51826,               0.045008,             0.00010513,                0.50023,                0.49977,               0.026903,                0.51758,                0.54448,                0.04264,                0.14577,                0.51848,               0.045022,             0.00032995,                      1
                     77,                0.62589,                 0.3822,                 1.3402,                0.02879,                0.00045,                0.83408,                 0.8204,                0.85475,                0.71868,                0.64672,                0.39905,                 1.4567,                 0.0275,                0.00039,               0.002476,               0.002476,               0.002476,               0.037372,                0.46033,                 0.4977,               0.051418,                0.14454,                0.51831,               0.044746,             0.00010253,                0.50024,                0.49976,               0.027452,                0.51686,                0.54431,               0.043308,                0.14621,                0.51855,               0.044755,             0.00032062,                      1
                     78,                0.62503,                0.38019,                 1.3426,                0.02866,                0.00045,                0.83243,                0.82145,                0.85441,                 0.7184,                0.64662,                0.39908,                 1.4569,                0.02749,                0.00039,               0.002377,               0.002377,               0.002377,               0.037504,                0.46051,                0.49801,                0.05149,                0.14445,                0.51826,               0.045005,             0.00010062,                0.50024,                0.49976,               0.027343,                0.51858,                0.54593,               0.043178,                 0.1462,                0.51857,               0.045005,             0.00031572,                      1
                     79,                0.62629,                0.38133,                 1.3463,                0.02872,                0.00045,                0.83251,                0.82093,                0.85389,                 0.7178,                0.64668,                0.39916,                 1.4572,                0.02748,                0.00039,               0.002278,               0.002278,               0.002278,               0.037267,                0.45793,                 0.4952,               0.051084,                0.14372,                0.51821,               0.044835,              9.822e-05,                0.50025,                0.49975,               0.027268,                0.51961,                0.54688,               0.043042,                0.14617,                0.51857,               0.044822,             0.00030979,                      1
                     80,                0.62061,                0.37895,                  1.339,                0.02862,                0.00045,                0.83317,                0.82184,                0.85337,                0.71755,                0.64666,                0.39934,                 1.4572,                0.02748,                0.00039,               0.002179,               0.002179,               0.002179,               0.036986,                   0.46,                0.49698,               0.050969,                 0.1439,                0.51832,               0.044754,             9.6326e-05,                0.50025,                0.49975,               0.027045,                0.51682,                0.54386,               0.042844,                0.14571,                0.51863,               0.044737,             0.00030296,                      1
                     81,                0.62025,                0.37536,                  1.344,                 0.0289,                0.00045,                0.83359,                0.82099,                0.85335,                0.71732,                0.64665,                0.39938,                 1.4574,                0.02747,                0.00039,                0.00208,                0.00208,                0.00208,               0.036925,                0.45863,                0.49556,               0.051027,                0.14439,                0.51834,               0.045126,             9.4113e-05,                0.50025,                0.49975,               0.026971,                0.51768,                0.54465,               0.042987,                0.14652,                 0.5187,               0.045139,             0.00029631,                      1
                     82,                 0.6225,                0.37647,                  1.335,                 0.0288,                0.00045,                0.83297,                0.82141,                 0.8528,                0.71715,                0.64664,                0.39947,                 1.4574,                0.02746,                0.00039,               0.001981,               0.001981,               0.001981,               0.037047,                0.45759,                0.49463,               0.050992,                 0.1439,                0.51825,               0.044865,             9.2927e-05,                0.50026,                0.49974,               0.027122,                0.51654,                0.54366,               0.042957,                0.14594,                0.51868,               0.044865,             0.00029214,                      1
                     83,                0.61571,                0.37113,                 1.3338,                0.02881,                0.00045,                0.83266,                0.82158,                0.85271,                0.71706,                0.64654,                0.39971,                 1.4576,                0.02745,                0.00039,               0.001882,               0.001882,               0.001882,               0.036812,                 0.4586,                0.49542,               0.051085,                0.14436,                0.51818,               0.044981,              9.146e-05,                0.50026,                0.49974,               0.026926,                0.51874,                0.54567,               0.043149,                0.14697,                0.51865,               0.044967,             0.00028789,                      1
                     84,                 0.6175,                0.37479,                 1.3387,                0.02867,                0.00045,                0.83238,                0.82076,                0.85241,                0.71698,                0.64662,                0.39992,                 1.4579,                0.02744,                0.00039,               0.001783,               0.001783,               0.001783,               0.037053,                0.45766,                0.49471,               0.050863,                0.14368,                 0.5182,               0.044704,             8.9833e-05,                0.50026,                0.49974,               0.026963,                0.51849,                0.54545,               0.042693,                0.14591,                0.51871,               0.044712,             0.00028249,                      1
                     85,                0.61877,                0.37222,                  1.336,                0.02875,                0.00045,                 0.8318,                  0.821,                0.85187,                0.71639,                0.64679,                0.40019,                 1.4581,                0.02743,                0.00039,               0.001684,               0.001684,               0.001684,               0.036612,                0.45931,                0.49593,                0.05059,                0.14425,                0.51815,                0.04472,             8.8368e-05,                0.50027,                0.49973,               0.026995,                0.51814,                0.54514,               0.042835,                0.14613,                 0.5187,               0.044727,             0.00027855,                      1
                     86,                0.61357,                0.36888,                 1.3366,                 0.0286,                0.00044,                0.83067,                0.82131,                 0.8514,                0.71607,                0.64679,                0.40038,                 1.4583,                0.02742,                0.00039,               0.001585,               0.001585,               0.001585,               0.037196,                0.46387,                0.50106,               0.051389,                0.14537,                0.51818,               0.044402,              8.682e-05,                0.50027,                0.49973,               0.027001,                0.52208,                0.54908,               0.043044,                0.14674,                0.51872,               0.044409,             0.00027475,                      1
                     87,                0.61118,                0.36597,                   1.33,                0.02871,                0.00045,                0.82957,                 0.8202,                0.85115,                0.71604,                0.64686,                0.40048,                 1.4589,                0.02741,                0.00039,               0.001486,               0.001486,               0.001486,               0.036488,                0.46042,                0.49691,               0.050683,                0.14433,                0.51818,               0.044689,             8.5702e-05,                0.50027,                0.49973,               0.026615,                0.52033,                0.54694,               0.042749,                0.14638,                0.51872,               0.044694,             0.00027023,                      1
                     88,                0.61154,                0.36845,                 1.3345,                 0.0288,                0.00045,                0.83008,                0.82058,                 0.8508,                 0.7155,                0.64687,                0.40067,                 1.4592,                0.02741,                0.00039,               0.001387,               0.001387,               0.001387,               0.037215,                0.45895,                0.49617,                0.05121,                0.14469,                0.51821,               0.044508,             8.4764e-05,                0.50027,                0.49973,               0.027236,                0.51799,                0.54522,               0.043113,                0.14636,                0.51873,               0.044533,             0.00026615,                      1
                     89,                0.60928,                0.36538,                 1.3313,                0.02873,                0.00045,                0.82986,                0.82011,                0.85033,                0.71526,                0.64687,                0.40097,                 1.4593,                 0.0274,                0.00039,               0.001288,               0.001288,               0.001288,               0.036724,                0.45999,                0.49671,               0.050964,                0.14442,                0.51821,               0.044722,             8.3957e-05,                0.50028,                0.49972,               0.026772,                0.51902,                0.54579,               0.042916,                0.14644,                0.51875,               0.044719,             0.00026272,                      1
                     90,                0.60659,                 0.3639,                 1.3268,                 0.0285,                0.00045,                0.82957,                0.82095,                 0.8501,                0.71504,                0.64689,                0.40115,                 1.4596,                0.02739,                0.00039,               0.001189,               0.001189,               0.001189,               0.036984,                0.46204,                0.49903,               0.051036,                0.14444,                0.51817,                0.04475,             8.2596e-05,                0.50028,                0.49972,               0.026894,                0.52214,                0.54903,               0.042859,                0.14638,                0.51874,               0.044753,             0.00025977,                      1
                     91,                0.60677,                0.36057,                 1.3248,                0.02864,                0.00045,                0.82815,                0.82201,                0.84978,                0.71487,                0.64697,                0.40146,                   1.46,                0.02738,                0.00039,                0.00109,                0.00109,                0.00109,               0.036646,                0.46267,                0.49932,               0.050895,                0.14465,                0.51819,               0.044647,             8.1774e-05,                0.50028,                0.49972,               0.026382,                0.52243,                0.54881,               0.042558,                0.14653,                0.51874,               0.044647,             0.00025841,                      1
                     92,                0.60515,                0.35791,                 1.3288,                0.02845,                0.00045,                0.82708,                0.82271,                0.84919,                0.71441,                0.64697,                0.40165,                 1.4604,                0.02737,                0.00039,               0.000991,               0.000991,               0.000991,               0.036101,                0.46356,                0.49967,               0.050264,                0.14393,                0.51822,               0.044862,             8.0961e-05,                0.50029,                0.49971,               0.026126,                0.52299,                0.54911,               0.042179,                0.14597,                0.51875,               0.044844,             0.00025487,                      1
                     93,                0.60292,                0.35573,                 1.3289,                0.02848,                0.00045,                0.82923,                 0.8217,                0.84888,                0.71407,                0.64706,                0.40191,                 1.4606,                0.02736,                0.00039,               0.000892,               0.000892,               0.000892,                0.03595,                0.46337,                0.49932,               0.050111,                0.14407,                0.51818,               0.045071,             8.0236e-05,                0.50029,                0.49971,               0.026301,                0.52345,                0.54975,               0.042371,                0.14621,                0.51875,               0.045074,             0.00025295,                      1
                     94,                0.60261,                0.35768,                 1.3267,                0.02857,                0.00045,                0.83109,                 0.8203,                0.84869,                0.71406,                0.64717,                0.40198,                 1.4611,                0.02736,                0.00039,               0.000793,               0.000793,               0.000793,               0.036107,                0.46332,                0.49943,               0.050421,                0.14451,                0.51816,               0.045165,             7.9771e-05,                0.50029,                0.49971,               0.026382,                0.52118,                0.54756,               0.042549,                0.14616,                0.51874,               0.045155,             0.00025178,                      1
                     95,                0.60053,                0.35737,                 1.3212,                 0.0283,                0.00045,                0.83149,                0.81993,                0.84827,                0.71401,                0.64733,                 0.4023,                 1.4614,                0.02735,                0.00039,               0.000694,               0.000694,               0.000694,               0.035746,                0.46635,                0.50209,               0.049943,                0.14403,                0.51815,               0.044751,             7.9295e-05,                0.50029,                0.49971,               0.026264,                 0.5238,                0.55007,               0.042283,                0.14591,                0.51874,               0.044739,              0.0002498,                      1
                     96,                0.59829,                0.35347,                 1.3183,                0.02822,                0.00045,                0.83058,                0.82005,                0.84815,                0.71398,                0.64746,                0.40248,                 1.4616,                0.02734,                0.00039,               0.000595,               0.000595,               0.000595,               0.035877,                 0.4636,                0.49947,               0.049759,                0.14321,                0.51814,               0.044978,             7.9044e-05,                0.50029,                0.49971,               0.026252,                0.52465,                 0.5509,               0.042053,                0.14541,                0.51875,               0.045001,             0.00024868,                      1
                     97,                 0.5957,                0.35226,                 1.3151,                0.02846,                0.00045,                0.82804,                0.82141,                0.84754,                0.71342,                0.64751,                 0.4026,                  1.462,                0.02733,                0.00039,               0.000496,               0.000496,               0.000496,               0.035998,                0.46494,                0.50093,               0.050383,                0.14462,                0.51812,               0.044716,             7.8411e-05,                 0.5003,                 0.4997,               0.026218,                0.52303,                0.54925,               0.042474,                0.14648,                0.51875,                0.04473,             0.00024756,                      1
                     98,                0.59724,                0.35177,                 1.3272,                0.02827,                0.00045,                0.82597,                0.82261,                0.84732,                 0.7133,                0.64755,                0.40281,                 1.4624,                0.02733,                0.00039,               0.000397,               0.000397,               0.000397,               0.035977,                0.46345,                0.49943,               0.049981,                0.14348,                 0.5181,               0.044947,             7.8249e-05,                 0.5003,                 0.4997,                0.02618,                 0.5233,                0.54948,               0.042082,                0.14554,                0.51875,               0.044955,             0.00024644,                      1
                     99,                 0.5958,                0.35024,                 1.3204,                0.02837,                0.00045,                0.82569,                0.82203,                0.84704,                0.71326,                0.64765,                0.40303,                 1.4629,                0.02732,                0.00039,               0.000298,               0.000298,               0.000298,               0.035889,                0.46395,                0.49984,               0.049908,                0.14375,                0.51809,               0.044966,             7.8034e-05,                 0.5003,                 0.4997,               0.025967,                0.52373,                 0.5497,               0.041853,                0.14549,                0.51875,               0.044953,             0.00024524,                      1
                    100,                0.59467,                0.35118,                 1.3183,                0.02864,                0.00045,                0.82524,                0.82137,                0.84672,                0.71287,                0.64773,                0.40314,                 1.4634,                0.02731,                0.00039,               0.000199,               0.000199,               0.000199,               0.036344,                0.46279,                0.49913,               0.050568,                0.14503,                0.51809,               0.045014,             7.7886e-05,                 0.5003,                 0.4997,               0.026303,                0.52193,                0.54823,               0.042437,                0.14634,                0.51875,               0.045024,             0.00024458,                      1
