                  epoch,         train/box_loss,         train/cls_loss,         train/dfl_loss,   train/ir_prompt_loss, train/rgb_spatial_loss,  train/rgb_global_loss,   metrics/precision(B),      metrics/recall(B),       metrics/mAP50(B),    metrics/mAP50-95(B),           val/box_loss,           val/cls_loss,           val/dfl_loss,     val/ir_prompt_loss,   val/rgb_spatial_loss,    val/rgb_global_loss,                 lr/pg0,                 lr/pg1,                 lr/pg2,       p2/P3_ir_bg_mean,     p2/P3_ir_fg_bg_gap,       p2/P3_ir_fg_mean,   p2/P3_ir_prompt_mean,    p2/P3_ir_prompt_std,p2/P4_gder_attention_weight,    p2/P4_gder_gate_std,p2/P4_gder_modality_weight,p2/P4_gder_modality_weight_std,       p2/P4_ir_bg_mean,     p2/P4_ir_fg_bg_gap,       p2/P4_ir_fg_mean,   p2/P4_ir_prompt_mean,    p2/P4_ir_prompt_std,p2/prompt_warmup_factor
                      1,                 1.3076,                 1.4058,                 1.5508,                      0,                      0,                      0,                0.42411,                0.56019,                0.43817,                 0.3198,                0.93144,                0.83404,                 1.5359,                      0,                      0,                      0,               0.070106,              0.0033215,              0.0033215,               0.093479,            -8.3757e-05,               0.093395,               0.093477,             0.00087107,                0.50032,             0.00040618,                0.49968,             0.00024768,                0.10895,             0.00086682,                0.10982,                0.10898,              0.0035392,                      0
                      2,                 1.0642,                0.88584,                 1.4402,                0.00471,                      0,                      0,                0.53307,                0.65726,                0.58254,                0.43852,                0.88556,                0.70567,                 1.4546,                0.00442,                      0,                      0,                0.04004,               0.006589,               0.006589,                0.10086,            -5.6847e-05,                0.10081,                0.10086,             0.00091849,                0.50094,              0.0011463,                0.49906,             0.00064899,                0.11314,             0.00076749,                0.11391,                0.11317,              0.0037239,                    0.1
                      3,                 0.9211,                0.73075,                 1.4301,                0.00923,                      0,                      0,                0.59761,                0.65991,                0.63273,                 0.4843,                0.82729,                0.63797,                 1.6263,                0.00868,                      0,                      0,              0.0099086,              0.0097904,              0.0097904,                0.12189,            -1.7089e-05,                0.12187,                0.12189,              0.0010257,                0.50115,              0.0014027,                0.49885,             0.00079744,                 0.1288,              0.0013888,                0.13019,                0.12884,              0.0052441,                    0.2
                      4,                0.85036,                0.65977,                 1.4436,                0.01351,                      0,                      0,                0.58762,                0.63193,                0.62157,                 0.4713,                0.82027,                0.68922,                 1.5561,                0.01288,                      0,                      0,               0.009703,               0.009703,               0.009703,                0.15167,             0.00057838,                0.15225,                0.15169,              0.0013985,                0.50099,              0.0012978,                0.49901,             0.00083781,                0.19593,              0.0083698,                 0.2043,                0.19619,               0.020555,                    0.3
                      5,                0.83362,                0.63466,                 1.4338,                0.01769,                      0,                      0,                0.70267,                0.71217,                 0.7253,                0.56651,                0.77094,                0.56408,                 1.5339,                0.01697,                      0,                      0,               0.009604,               0.009604,               0.009604,                0.20458,              0.0067785,                0.21135,                0.20478,              0.0082219,                0.50091,              0.0012602,                0.49909,             0.00087312,                0.22515,                0.01707,                0.24222,                0.22567,               0.028599,                    0.4
                      6,                0.81612,                0.61227,                 1.4187,                0.02205,                      0,                      0,                0.69426,                0.71344,                0.72007,                0.56307,                0.76446,                0.57088,                 1.5065,                0.02107,                      0,                      0,               0.009505,               0.009505,               0.009505,                0.23822,               0.019595,                0.25782,                0.23883,               0.020182,                 0.5009,              0.0012731,                 0.4991,             0.00089724,                0.22816,               0.028411,                0.25657,                0.22905,               0.033837,                    0.5
                      7,                0.80786,                0.59797,                 1.4177,                0.02615,                      0,                      0,                0.68237,                0.69459,                0.71698,                0.55795,                0.76794,                0.57151,                  1.547,                0.02508,                      0,                      0,               0.009406,               0.009406,               0.009406,                0.23611,               0.033107,                0.26921,                0.23713,               0.030048,                 0.5009,               0.001297,                 0.4991,             0.00093726,                0.22548,               0.046567,                0.27205,                0.22693,               0.040443,                    0.6
                      8,                0.80199,                0.59238,                 1.4203,                0.02991,                      0,                      0,                0.70755,                0.71598,                0.72135,                0.57264,                0.75468,                0.54173,                 1.4522,                0.02855,                      0,                      0,               0.009307,               0.009307,               0.009307,                 0.2324,               0.054338,                0.28674,                0.23406,               0.044414,                0.50087,              0.0013201,                0.49913,             0.00098944,                0.21555,                0.09133,                0.30688,                0.21835,               0.056767,                    0.7
                      9,                0.79695,                0.58209,                 1.4066,                0.03341,                      0,                      0,                0.74184,                0.73833,                0.77291,                0.61591,                0.73791,                0.51345,                 1.4689,                0.03184,                      0,                      0,               0.009208,               0.009208,               0.009208,                0.22358,               0.081858,                0.30544,                0.22609,               0.061069,                0.50086,              0.0013327,                0.49914,              0.0010221,                0.18703,                0.16362,                0.35065,                0.19207,               0.083657,                    0.8
                     10,                0.79221,                0.57924,                 1.4009,                0.03659,                      0,                      0,                0.70641,                 0.7188,                0.73937,                0.59138,                0.74423,                0.53255,                  1.485,                0.03477,                      0,                      0,               0.009109,               0.009109,               0.009109,                0.20907,                0.11827,                0.32734,                0.21269,               0.080518,                0.50085,              0.0013645,                0.49915,               0.001068,                0.15873,                0.22503,                0.38376,                0.16565,                    0.1,                    0.9
                     11,                0.78856,                0.57212,                 1.4029,                0.03913,                      0,                      0,                0.72881,                 0.7401,                0.75743,                0.60119,                0.74981,                0.53603,                 1.4512,                0.03708,                      0,                      0,                0.00901,                0.00901,                0.00901,                0.18527,                0.17253,                 0.3578,                 0.1905,                 0.1038,                0.50083,              0.0013867,                0.49917,              0.0011102,                0.13403,                0.28418,                0.41821,                0.14269,                0.11295,                      1
                     12,                0.78274,                0.56514,                 1.4013,                0.03774,                      0,                      0,                0.75601,                0.74072,                0.77649,                0.62278,                 0.7229,                0.51443,                 1.4698,                0.03585,                      0,                      0,               0.008911,               0.008911,               0.008911,                0.15036,                0.24116,                0.39152,                0.15776,                0.12521,                0.50079,              0.0014242,                0.49921,              0.0011882,                0.11575,                0.32098,                0.43673,                0.12566,                0.12196,                      1
                     13,                 0.7774,                  0.563,                 1.3996,                0.03676,                      0,                      0,                0.73172,                 0.7541,                0.78182,                0.63031,                0.72132,                0.50059,                 1.4613,                0.03487,                      0,                      0,               0.008812,               0.008812,               0.008812,                0.12381,                 0.2872,                0.41101,                0.13268,                0.13507,                0.50078,              0.0014887,                0.49922,              0.0012662,                0.10289,                0.34338,                0.44627,                0.11356,                0.12676,                      1
                     14,                0.77417,                0.56082,                 1.3962,                0.03589,                      0,                      0,                0.73888,                0.74473,                0.77328,                0.62496,                0.71597,                  0.503,                 1.4931,                0.03436,                      0,                      0,               0.008713,               0.008713,               0.008713,                0.10559,                0.31853,                0.42412,                0.11538,                0.13822,                0.50079,              0.0015858,                0.49921,              0.0013768,               0.093236,                0.36298,                0.45621,                0.10445,                0.13072,                      1
                     15,                0.77283,                0.55549,                 1.3986,                0.03527,                      0,                      0,                 0.7608,                0.75753,                0.79376,                 0.6414,                0.71554,                 0.4996,                 1.4387,                0.03358,                      0,                      0,               0.008614,               0.008614,               0.008614,               0.093468,                0.33915,                0.43262,                0.10382,                0.14028,                0.50077,              0.0016538,                0.49923,              0.0014642,               0.084459,                0.38075,                0.46521,               0.096152,                  0.134,                      1
                     16,                0.76851,                0.54823,                  1.392,                0.03467,                      0,                      0,                0.76396,                0.77575,                0.81351,                0.66196,                0.70695,                0.48156,                 1.4707,                0.03316,                      0,                      0,               0.008515,               0.008515,               0.008515,               0.083783,                0.35731,                 0.4411,               0.094712,                0.14015,                0.50072,              0.0017111,                0.49928,                0.00155,               0.077368,                0.39561,                0.47298,               0.089531,                0.13657,                      1
                     17,                0.76594,                0.54691,                  1.397,                0.03442,                      0,                      0,                 0.7499,                0.75195,                0.78728,                0.63675,                 0.7065,                 0.4867,                 1.4741,                0.03279,                      0,                      0,               0.008416,               0.008416,               0.008416,               0.076895,                0.36486,                0.44176,               0.088091,                0.14046,                0.50072,              0.0018074,                0.49928,              0.0016596,               0.071498,                0.40391,                0.47541,               0.083974,                0.13833,                      1
                     18,                0.75995,                0.54101,                 1.3908,                0.03426,                      0,                      0,                0.78979,                0.74901,                0.81363,                0.66202,                0.69885,                 0.4786,                 1.4552,                0.03249,                      0,                      0,               0.008317,               0.008317,               0.008317,               0.072341,                0.37101,                0.44335,                0.08388,                0.14053,                 0.5007,              0.0019187,                 0.4993,              0.0017868,                0.06702,                0.41045,                0.47747,               0.079875,                 0.1398,                      1
                     19,                0.75951,                0.54022,                  1.398,                0.03411,                      0,                      0,                0.77325,                0.77821,                0.82091,                0.67049,                0.69696,                0.47182,                 1.4467,                0.03213,                      0,                      0,               0.008218,               0.008218,               0.008218,               0.068304,                0.37433,                0.44263,                0.07989,                0.14099,                0.50071,              0.0020453,                0.49929,              0.0019188,               0.062423,                0.41727,                0.47969,                0.07541,                0.14071,                      1
                     20,                0.76131,                0.54179,                  1.392,                0.03356,                      0,                      0,                0.76903,                0.77815,                 0.8159,                0.66147,                0.70569,                0.47852,                 1.4541,                0.03195,                      0,                      0,               0.008119,               0.008119,               0.008119,               0.065333,                0.38422,                0.44955,               0.077006,                0.14112,                0.50073,              0.0021792,                0.49927,              0.0020529,               0.058747,                0.42852,                0.48727,               0.071852,                0.14169,                      1
                     21,                0.75864,                0.53492,                 1.3974,                0.03327,                      0,                      0,                 0.7804,                0.78442,                0.82055,                0.66689,                0.69828,                0.47375,                 1.4648,                0.03176,                      0,                      0,                0.00802,                0.00802,                0.00802,                0.06332,                0.38569,                0.44901,               0.074924,                 0.1401,                0.50076,              0.0023445,                0.49924,              0.0022191,               0.055995,                0.43413,                0.49013,               0.069132,                0.14232,                      1
                     22,                0.75093,                0.53541,                 1.3914,                 0.0333,                      0,                      0,                0.79202,                0.77643,                0.82774,                0.67845,                0.69069,                 0.4638,                 1.4568,                0.03155,                      0,                      0,               0.007921,               0.007921,               0.007921,               0.062281,                 0.3897,                0.45198,               0.074268,                0.14185,                0.50081,              0.0025762,                0.49919,              0.0024453,               0.053793,                0.43845,                0.49224,               0.067348,                0.14354,                      1
                     23,                0.75421,                0.53522,                 1.3958,                0.03306,                      0,                      0,                0.77094,                0.76135,                0.81009,                0.66256,                0.69812,                0.46472,                 1.5022,                0.03154,                      0,                      0,               0.007822,               0.007822,               0.007822,                0.06074,                0.38882,                0.44956,               0.072451,                0.14085,                0.50083,              0.0027634,                0.49917,              0.0026354,               0.051987,                0.44219,                0.49418,               0.065374,                0.14424,                      1
                     24,                0.75086,                 0.5314,                 1.3925,                0.03308,                      0,                      0,                0.78073,                0.77242,                0.82163,                0.67283,                0.69125,                0.46485,                 1.4693,                0.03128,                      0,                      0,               0.007723,               0.007723,               0.007723,               0.059476,                0.39256,                0.45203,               0.071546,                0.14182,                0.50091,              0.0030082,                0.49909,              0.0028686,               0.049858,                0.44666,                0.49652,               0.063655,                0.14468,                      1
                     25,                0.74719,                0.52291,                 1.3908,                0.03307,                      0,                      0,                0.78433,                0.79284,                0.83206,                 0.6818,                0.69018,                0.46352,                 1.4343,                0.03112,                      0,                      0,               0.007624,               0.007624,               0.007624,                  0.059,                0.39475,                0.45375,               0.071231,                0.14206,                0.50098,              0.0032968,                0.49902,              0.0031486,               0.048485,                0.44912,                 0.4976,               0.062485,                0.14538,                      1
                     26,                0.74425,                 0.5201,                 1.3938,                0.03245,                      0,                      0,                0.77343,                0.79914,                0.82935,                0.68174,                0.68625,                0.45687,                 1.4551,                  0.031,                      0,                      0,               0.007525,               0.007525,               0.007525,               0.057914,                0.40137,                0.45928,                 0.0701,                0.14208,                0.50101,              0.0035098,                0.49899,              0.0033604,               0.046937,                0.45787,                0.50481,               0.060917,                0.14537,                      1
                     27,                0.73964,                0.51955,                  1.387,                0.03283,                      0,                      0,                0.78351,                0.78493,                  0.827,                0.67973,                0.68497,                0.45474,                 1.4594,                0.03089,                      0,                      0,               0.007426,               0.007426,               0.007426,               0.057677,                0.39648,                0.45416,                0.06999,                0.14254,                0.50108,              0.0037316,                0.49892,              0.0035712,               0.045886,                0.45747,                0.50336,               0.060175,                0.14654,                      1
                     28,                0.74003,                0.51862,                 1.3856,                0.03254,                      0,                      0,                0.79191,                0.77798,                0.82775,                0.68062,                0.68264,                0.45454,                  1.432,                 0.0308,                      0,                      0,               0.007327,               0.007327,               0.007327,                0.05739,                 0.3988,                0.45619,                0.06955,                0.14284,                0.50114,              0.0039549,                0.49886,               0.003786,               0.044689,                0.46263,                0.50732,               0.058886,                0.14621,                      1
                     29,                0.74106,                0.51859,                 1.3924,                0.03242,                      0,                      0,                0.78836,                 0.7925,                0.83793,                0.69002,                 0.6817,                0.44742,                 1.4447,                0.03071,                      0,                      0,               0.007228,               0.007228,               0.007228,               0.055628,                0.39994,                0.45556,               0.067773,                0.14193,                0.50118,              0.0042139,                0.49882,              0.0040455,               0.043422,                0.46468,                 0.5081,                0.05761,                0.14629,                      1
                     30,                 0.7391,                 0.5166,                 1.3844,                 0.0323,                      0,                      0,                0.80138,                0.78772,                0.84049,                 0.6925,                0.68083,                0.44919,                 1.4335,                 0.0306,                      0,                      0,               0.007129,               0.007129,               0.007129,               0.055823,                0.40151,                0.45734,               0.068027,                0.14188,                0.50126,               0.004457,                0.49874,              0.0042738,               0.042912,                0.46545,                0.50836,               0.057153,                0.14641,                      1
                     31,                 0.7416,                0.51704,                 1.3928,                0.03226,                      0,                      0,                0.81514,                0.79084,                0.84364,                0.69554,                0.67866,                0.44369,                 1.4441,                 0.0305,                      0,                      0,                0.00703,                0.00703,                0.00703,               0.054857,                0.39853,                0.45339,               0.066973,                0.14151,                0.50135,              0.0047113,                0.49865,               0.004515,               0.041896,                0.46578,                0.50767,               0.056149,                0.14653,                      1
                     32,                0.73541,                 0.5109,                 1.3894,                0.03225,                      0,                      0,                0.79616,                0.80561,                0.84509,                0.69641,                0.67936,                0.44095,                 1.4434,                0.03044,                      0,                      0,               0.006931,               0.006931,               0.006931,               0.055455,                0.40175,                0.45721,               0.067745,                0.14283,                0.50148,                0.00508,                0.49852,              0.0048582,               0.041854,                0.46824,                0.51009,               0.056275,                0.14687,                      1
                     33,                0.73621,                0.51282,                   1.38,                0.03211,                      0,                      0,                0.80819,                0.80524,                0.85121,                0.70355,                 0.6759,                0.44225,                 1.4374,                0.03038,                      0,                      0,               0.006832,               0.006832,               0.006832,               0.054621,                0.40253,                0.45715,               0.066824,                0.14258,                0.50159,              0.0054063,                0.49841,               0.005168,               0.040687,                0.46813,                0.50881,               0.054955,                0.14639,                      1
                     34,                0.73123,                0.50712,                 1.3823,                0.03205,                      0,                      0,                0.78646,                0.79839,                0.83611,                0.69207,                0.67702,                0.44436,                  1.439,                0.03033,                      0,                      0,               0.006733,               0.006733,               0.006733,               0.053746,                0.40427,                0.45801,               0.066063,                0.14256,                0.50173,              0.0057178,                0.49827,              0.0054514,               0.039546,                0.47195,                 0.5115,               0.053999,                0.14638,                      1
                     35,                 0.7341,                0.50862,                 1.3842,                0.03207,                      0,                      0,                0.79624,                0.80664,                0.84441,                0.69929,                0.67595,                0.44086,                 1.4286,                0.03023,                      0,                      0,               0.006634,               0.006634,               0.006634,               0.053994,                0.40476,                0.45875,               0.066241,                0.14265,                0.50184,              0.0060446,                0.49816,              0.0057568,               0.039572,                0.47553,                 0.5151,               0.054054,                0.14732,                      1
                     36,                  0.729,                0.50278,                 1.3769,                0.03212,                      0,                      0,                0.81277,                0.78538,                0.84165,                0.69774,                0.67598,                0.44089,                 1.4306,                 0.0302,                      0,                      0,               0.006535,               0.006535,               0.006535,               0.053074,                0.40214,                0.45521,               0.065421,                0.14192,                 0.5019,              0.0062449,                 0.4981,              0.0059497,               0.039128,                0.47359,                0.51272,                0.05375,                0.14706,                      1
                     37,                0.72286,                0.49846,                 1.3794,                0.03184,                      0,                      0,                0.80086,                0.79081,                0.84116,                 0.6954,                0.67353,                0.43836,                 1.4409,                0.03015,                      0,                      0,               0.006436,               0.006436,               0.006436,               0.052371,                0.40775,                0.46012,                 0.0648,                0.14239,                0.50202,              0.0065613,                0.49798,              0.0062437,               0.037983,                0.47648,                0.51446,               0.052606,                0.14669,                      1
                     38,                0.72682,                0.50073,                 1.3833,                0.03188,                      0,                      0,                 0.8084,                0.79838,                0.84641,                0.70062,                0.67212,                 0.4367,                 1.4458,                 0.0301,                      0,                      0,               0.006337,               0.006337,               0.006337,               0.052322,                0.40761,                0.45993,               0.064744,                0.14253,                0.50213,               0.006815,                0.49787,               0.006473,               0.037819,                0.47752,                0.51534,               0.052454,                0.14689,                      1
                     39,                0.72341,                0.49615,                 1.3841,                0.03176,                      0,                      0,                0.83258,                0.78458,                0.84918,                0.70329,                0.67228,                0.43424,                 1.4402,                0.03002,                      0,                      0,               0.006238,               0.006238,               0.006238,               0.052085,                0.40723,                0.45932,               0.064568,                0.14257,                0.50224,              0.0070666,                0.49776,              0.0067012,               0.037085,                0.48002,                0.51711,                0.05188,                0.14692,                      1
                     40,                0.72097,                0.49706,                 1.3802,                0.03188,                      0,                      0,                0.81672,                0.78887,                0.84977,                0.70388,                0.67168,                0.43365,                 1.4427,                0.02997,                      0,                      0,               0.006139,               0.006139,               0.006139,                0.05207,                0.40521,                0.45728,               0.064449,                0.14234,                0.50238,              0.0073599,                0.49762,              0.0069658,               0.036806,                 0.4766,                 0.5134,               0.051451,                0.14634,                      1
                     41,                0.72242,                0.49354,                 1.3858,                 0.0319,                      0,                      0,                 0.8106,                0.80676,                0.85379,                0.70771,                0.67123,                0.43206,                 1.4424,                0.02994,                      0,                      0,                0.00604,                0.00604,                0.00604,               0.052796,                0.40919,                0.46199,               0.065358,                0.14358,                 0.5025,              0.0076081,                 0.4975,              0.0071863,               0.037395,                0.47898,                0.51637,               0.052171,                0.14747,                      1
                     42,                 0.7205,                0.49275,                 1.3815,                0.03172,                      0,                      0,                0.80916,                0.79973,                0.85182,                0.70672,                0.67048,                0.43193,                 1.4461,                0.02987,                      0,                      0,               0.005941,               0.005941,               0.005941,               0.051516,                0.40978,                0.46129,               0.064039,                0.14289,                0.50255,              0.0078372,                0.49745,              0.0074092,               0.037079,                 0.4795,                0.51658,               0.051804,                0.14714,                      1
                     43,                0.71536,                0.49154,                 1.3835,                0.03165,                      0,                      0,                0.82138,                0.78087,                0.84618,                0.70163,                0.67042,                0.43277,                 1.4424,                0.02983,                      0,                      0,               0.005842,               0.005842,               0.005842,               0.050659,                0.41051,                0.46117,                0.06322,                 0.1422,                0.50266,              0.0081173,                0.49734,              0.0076696,               0.035733,                0.48173,                0.51746,               0.050571,                 0.1467,                      1
                     44,                0.71642,                0.48733,                 1.3823,                0.03173,                      0,                      0,                 0.8259,                0.78728,                0.85102,                0.70555,                0.66987,                0.43093,                 1.4476,                0.02979,                      0,                      0,               0.005743,               0.005743,               0.005743,               0.052114,                 0.4098,                0.46191,               0.064773,                0.14344,                0.50278,              0.0084256,                0.49722,              0.0079525,               0.036595,                 0.4811,                0.51769,               0.051528,                0.14743,                      1
                     45,                 0.7192,                0.49029,                  1.383,                 0.0316,                      0,                      0,                0.81572,                0.79656,                0.85221,                0.70722,                0.66868,                0.43043,                 1.4442,                0.02977,                      0,                      0,               0.005644,               0.005644,               0.005644,               0.050923,                0.40998,                0.46091,               0.063406,                0.14254,                0.50295,              0.0088025,                0.49705,              0.0082939,               0.036047,                0.48139,                0.51744,               0.050772,                0.14636,                      1
                     46,                0.71696,                0.48895,                  1.387,                0.03159,                      0,                      0,                0.81916,                0.79913,                0.85331,                0.70856,                0.66817,                0.42986,                 1.4439,                0.02974,                      0,                      0,               0.005545,               0.005545,               0.005545,               0.050443,                0.40917,                0.45962,               0.062844,                0.14208,                0.50301,              0.0089695,                0.49699,              0.0084502,               0.035548,                0.48188,                0.51743,               0.050226,                0.14635,                      1
                     47,                0.71456,                0.48565,                 1.3762,                0.03157,                      0,                      0,                0.82884,                0.79569,                0.85451,                0.70946,                0.66803,                0.42924,                 1.4404,                 0.0297,                      0,                      0,               0.005446,               0.005446,               0.005446,               0.050452,                  0.412,                0.46245,               0.062997,                0.14315,                0.50312,              0.0092256,                0.49688,              0.0086808,               0.035278,                  0.484,                0.51928,               0.050092,                0.14679,                      1
                     48,                0.71385,                0.48751,                 1.3802,                0.03158,                      0,                      0,                0.81751,                 0.8037,                0.85463,                0.70961,                0.66782,                0.42809,                  1.442,                0.02969,                      0,                      0,               0.005347,               0.005347,               0.005347,                0.05081,                0.40899,                 0.4598,               0.063292,                0.14267,                0.50321,              0.0094501,                0.49679,              0.0088878,               0.035348,                0.48223,                0.51758,               0.050148,                0.14633,                      1
                     49,                0.71044,                 0.4822,                 1.3719,                0.03145,                      0,                      0,                0.82025,                0.79908,                0.85414,                0.70932,                0.66745,                0.42784,                 1.4411,                0.02967,                      0,                      0,               0.005248,               0.005248,               0.005248,               0.049558,                0.41082,                0.46038,               0.062056,                0.14205,                0.50332,              0.0097393,                0.49668,              0.0091543,               0.034836,                0.48688,                0.52171,               0.049718,                0.14697,                      1
                     50,                0.70512,                0.47771,                 1.3738,                0.03156,                      0,                      0,                0.81885,                0.79699,                0.85286,                 0.7079,                0.66704,                0.42748,                 1.4408,                0.02965,                      0,                      0,               0.005149,               0.005149,               0.005149,               0.049817,                0.41268,                 0.4625,               0.062576,                0.14318,                0.50343,              0.0099385,                0.49657,              0.0093269,               0.034327,                0.48396,                0.51829,               0.049374,                0.14672,                      1
                     51,                0.71003,                0.48241,                 1.3775,                0.03148,                      0,                      0,                0.81873,                0.80067,                0.85437,                0.70921,                0.66712,                0.42674,                 1.4409,                0.02962,                      0,                      0,                0.00505,                0.00505,                0.00505,                0.05013,                0.41127,                 0.4614,               0.062769,                0.14288,                0.50351,               0.010165,                0.49649,              0.0095392,               0.034605,                0.48544,                0.52005,               0.049604,                0.14674,                      1
                     52,                 0.7059,                0.47871,                 1.3803,                0.03127,                      0,                      0,                0.82244,                0.79951,                0.85517,                0.71001,                 0.6673,                0.42633,                 1.4399,                 0.0296,                      0,                      0,               0.004951,               0.004951,               0.004951,               0.049058,                0.41205,                 0.4611,               0.061511,                0.14165,                0.50361,               0.010358,                0.49639,              0.0097104,               0.034434,                0.48571,                0.52014,               0.049194,                0.14634,                      1
                     53,                0.70336,                0.47336,                  1.381,                0.03125,                      0,                      0,                0.81636,                0.80428,                0.85481,                0.70995,                0.66713,                0.42567,                 1.4402,                0.02957,                      0,                      0,               0.004852,               0.004852,               0.004852,               0.049372,                0.41676,                0.46613,                0.06202,                0.14324,                 0.5037,               0.010558,                 0.4963,              0.0098884,               0.034197,                0.48762,                0.52182,               0.049086,                0.14643,                      1
                     54,                0.69978,                0.47212,                 1.3816,                0.03115,                      0,                      0,                0.81663,                0.80463,                 0.8545,                 0.7105,                0.66698,                0.42563,                 1.4409,                0.02956,                      0,                      0,               0.004753,               0.004753,               0.004753,               0.048739,                0.41654,                0.46528,               0.061377,                 0.1428,                0.50384,               0.010821,                0.49616,               0.010116,               0.034408,                0.49015,                0.52456,                0.04937,                0.14693,                      1
                     55,                0.70349,                0.47165,                 1.3719,                0.03125,                      0,                      0,                0.81928,                0.80233,                0.85411,                0.70985,                0.66699,                0.42575,                 1.4407,                0.02954,                      0,                      0,               0.004654,               0.004654,               0.004654,               0.049783,                0.41673,                0.46651,               0.062486,                 0.1434,                0.50391,                0.01099,                0.49609,               0.010271,               0.034483,                0.48907,                0.52356,               0.049474,                 0.1469,                      1
                     56,                0.69927,                 0.4712,                 1.3752,                0.03134,                      0,                      0,                0.81939,                0.80258,                 0.8552,                0.71106,                0.66686,                0.42507,                 1.4407,                0.02953,                      0,                      0,               0.004555,               0.004555,               0.004555,               0.048943,                0.41543,                0.46437,                0.06173,                0.14287,                0.50397,               0.011132,                0.49603,               0.010398,               0.034194,                0.48643,                0.52062,               0.049262,                0.14686,                      1
                     57,                0.69611,                0.46529,                 1.3702,                0.03126,                      0,                      0,                0.81735,                0.80727,                0.85556,                 0.7116,                0.66625,                 0.4247,                 1.4409,                0.02951,                      0,                      0,               0.004456,               0.004456,               0.004456,                0.04916,                0.41794,                 0.4671,               0.062038,                0.14389,                0.50407,               0.011328,                0.49593,                0.01057,               0.034054,                0.49198,                0.52604,               0.049286,                 0.1475,                      1
                     58,                0.70333,                  0.469,                  1.368,                0.03119,                      0,                      0,                0.81237,                0.81224,                0.85576,                0.71202,                0.66587,                0.42412,                 1.4411,                 0.0295,                      0,                      0,               0.004357,               0.004357,               0.004357,                0.04936,                0.41495,                0.46431,               0.061976,                0.14279,                0.50419,               0.011497,                0.49581,               0.010708,               0.033721,                0.48982,                0.52354,               0.048708,                 0.1469,                      1
                     59,                0.70303,                0.46914,                 1.3831,                0.03123,                      0,                      0,                0.81142,                0.81579,                 0.8567,                0.71256,                 0.6657,                0.42367,                 1.4406,                0.02948,                      0,                      0,               0.004258,               0.004258,               0.004258,               0.048276,                0.41386,                0.46214,               0.060821,                0.14217,                0.50428,               0.011675,                0.49572,               0.010861,               0.033405,                0.48857,                0.52197,               0.048301,                 0.1464,                      1
                     60,                0.70167,                0.46829,                 1.3696,                0.03125,                      0,                      0,                0.80951,                0.81816,                 0.8568,                0.71274,                0.66546,                0.42344,                 1.4406,                0.02946,                      0,                      0,               0.004159,               0.004159,               0.004159,               0.049395,                0.41774,                0.46713,               0.062242,                0.14419,                0.50434,               0.011854,                0.49566,                0.01103,               0.033051,                0.48946,                0.52251,               0.048179,                0.14666,                      1
                     61,                0.69441,                0.46224,                 1.3705,                0.03115,                      0,                      0,                0.81334,                 0.8164,                 0.8572,                0.71327,                0.66526,                0.42296,                 1.4405,                0.02944,                      0,                      0,                0.00406,                0.00406,                0.00406,               0.049085,                0.41702,                0.46611,               0.061858,                0.14334,                0.50439,               0.011996,                0.49561,               0.011164,               0.033353,                0.49267,                0.52603,               0.048526,                0.14728,                      1
                     62,                0.69309,                0.46149,                 1.3744,                0.03113,                      0,                      0,                0.81579,                0.81469,                0.85751,                0.71357,                0.66497,                0.42268,                 1.4407,                0.02943,                      0,                      0,               0.003961,               0.003961,               0.003961,               0.048184,                 0.4182,                0.46638,               0.060984,                0.14323,                0.50452,               0.012176,                0.49548,               0.011307,               0.033297,                0.49154,                0.52484,               0.048414,                0.14689,                      1
                     63,                0.69597,                0.46222,                 1.3807,                0.03108,                      0,                      0,                0.81691,                0.81738,                 0.8584,                0.71394,                0.66469,                0.42231,                 1.4413,                0.02941,                      0,                      0,               0.003862,               0.003862,               0.003862,               0.048235,                0.41781,                0.46605,               0.060874,                0.14289,                0.50465,               0.012419,                0.49535,               0.011517,               0.032472,                0.49141,                0.52388,               0.047409,                0.14597,                      1
                     64,                0.69648,                 0.4648,                 1.3743,                0.03083,                      0,                      0,                0.82074,                0.81425,                0.85874,                0.71479,                0.66462,                0.42193,                 1.4412,                 0.0294,                      0,                      0,               0.003763,               0.003763,               0.003763,               0.048633,                0.41828,                0.46691,               0.061086,                0.14245,                0.50473,               0.012611,                0.49527,               0.011692,               0.032989,                0.49409,                0.52707,               0.047766,                0.14577,                      1
                     65,                0.69011,                0.45859,                 1.3715,                0.03115,                      0,                      0,                0.81973,                0.81494,                0.85903,                0.71514,                0.66454,                0.42166,                 1.4413,                0.02939,                      0,                      0,               0.003664,               0.003664,               0.003664,               0.047858,                0.41998,                0.46783,               0.060861,                0.14406,                0.50482,                0.01272,                0.49518,               0.011772,               0.033043,                0.49192,                0.52496,               0.048353,                0.14721,                      1
                     66,                0.68977,                0.45866,                 1.3737,                0.03101,                      0,                      0,                0.81762,                0.81614,                0.85849,                0.71484,                0.66441,                0.42149,                 1.4415,                0.02938,                      0,                      0,               0.003565,               0.003565,               0.003565,               0.047321,                 0.4175,                0.46482,               0.060017,                0.14249,                0.50494,               0.012919,                0.49506,               0.011936,               0.032337,                0.49434,                0.52668,               0.047444,                0.14635,                      1
                     67,                0.69662,                0.45951,                 1.3643,                0.03117,                      0,                      0,                0.81681,                0.81612,                0.85786,                0.71446,                0.66417,                0.42143,                 1.4413,                0.02937,                      0,                      0,               0.003466,               0.003466,               0.003466,               0.047718,                0.41491,                0.46262,               0.060382,                0.14274,                0.50502,               0.013055,                0.49498,                0.01205,               0.032599,                0.49118,                0.52378,               0.047671,                0.14663,                      1
                     68,                0.68696,                0.45139,                 1.3713,                0.03091,                      0,                      0,                  0.816,                0.81797,                0.85785,                0.71467,                0.66394,                0.42123,                 1.4411,                0.02936,                      0,                      0,               0.003367,               0.003367,               0.003367,               0.048541,                0.42128,                0.46982,               0.061369,                0.14377,                0.50513,                0.01322,                0.49487,               0.012185,               0.032896,                 0.4961,                  0.529,               0.048099,                0.14715,                      1
                     69,                0.68798,                0.45176,                 1.3725,                 0.0309,                      0,                      0,                0.81563,                0.81885,                0.85818,                0.71481,                0.66382,                0.42117,                 1.4413,                0.02934,                      0,                      0,               0.003268,               0.003268,               0.003268,               0.047473,                0.42202,                 0.4695,                0.06048,                0.14391,                0.50518,               0.013337,                0.49482,                0.01229,               0.032414,                0.49664,                0.52906,               0.047804,                0.14719,                      1
                     70,                0.68672,                0.45117,                  1.363,                0.03086,                      0,                      0,                0.81694,                0.81808,                 0.8581,                0.71473,                0.66358,                0.42088,                 1.4414,                0.02934,                      0,                      0,               0.003169,               0.003169,               0.003169,               0.048348,                0.42173,                0.47008,               0.061328,                0.14382,                0.50524,               0.013429,                0.49476,               0.012364,               0.032457,                 0.4963,                0.52875,               0.047812,                0.14728,                      1
                     71,                 0.6862,                0.45449,                 1.3666,                0.03088,                      0,                      0,                0.81864,                0.81758,                0.85808,                0.71481,                0.66346,                 0.4208,                 1.4413,                0.02933,                      0,                      0,                0.00307,                0.00307,                0.00307,               0.047529,                0.41851,                0.46604,               0.060148,                0.14332,                0.50531,               0.013531,                0.49469,               0.012445,               0.031968,                0.49502,                0.52699,               0.046986,                0.14612,                      1
                     72,                0.68387,                0.44856,                 1.3642,                0.03106,                      0,                      0,                0.81756,                0.81854,                0.85814,                0.71475,                0.66325,                 0.4206,                 1.4415,                0.02932,                      0,                      0,               0.002971,               0.002971,               0.002971,               0.047651,                0.41932,                0.46697,               0.060577,                0.14368,                0.50541,               0.013659,                0.49459,               0.012541,               0.032469,                0.49278,                0.52525,               0.047735,                 0.1467,                      1
                     73,                 0.6811,                0.44572,                 1.3723,                0.03079,                      0,                      0,                0.81937,                0.81799,                 0.8585,                0.71484,                0.66316,                0.42037,                 1.4416,                0.02931,                      0,                      0,               0.002872,               0.002872,               0.002872,               0.047274,                0.42173,                  0.469,               0.060165,                0.14343,                 0.5055,                0.01377,                 0.4945,               0.012624,               0.031993,                0.49812,                0.53012,               0.047293,                0.14671,                      1
                     74,                0.68047,                0.44479,                 1.3654,                0.03086,                      0,                      0,                0.81778,                0.81968,                0.85864,                0.71541,                0.66305,                0.42027,                 1.4415,                 0.0293,                      0,                      0,               0.002773,               0.002773,               0.002773,               0.047361,                0.42142,                0.46878,               0.060165,                0.14321,                 0.5056,               0.013912,                 0.4944,               0.012733,               0.032138,                0.49679,                0.52893,               0.047318,                0.14668,                      1
                     75,                0.67988,                0.44421,                 1.3648,                0.03081,                      0,                      0,                0.82379,                0.81401,                 0.8585,                0.71553,                 0.6629,                0.41998,                 1.4418,                0.02929,                      0,                      0,               0.002674,               0.002674,               0.002674,               0.046935,                0.42306,                0.46999,               0.059775,                0.14367,                0.50563,                0.01392,                0.49437,                0.01273,               0.031893,                0.49857,                0.53046,               0.047115,                0.14667,                      1
                     76,                0.67862,                0.44398,                 1.3621,                 0.0307,                      0,                      0,                0.82341,                0.81447,                0.85867,                0.71564,                 0.6629,                0.41982,                 1.4419,                0.02928,                      0,                      0,               0.002575,               0.002575,               0.002575,               0.046941,                0.42178,                0.46873,                 0.0597,                0.14319,                0.50572,                0.01405,                0.49428,               0.012833,               0.031726,                0.49697,                0.52869,               0.046832,                0.14597,                      1
                     77,                0.67868,                0.44232,                 1.3575,                0.03072,                      0,                      0,                0.82369,                0.81589,                0.85864,                0.71587,                0.66288,                 0.4195,                 1.4417,                0.02927,                      0,                      0,               0.002476,               0.002476,               0.002476,               0.047173,                0.42685,                0.47402,               0.060198,                0.14478,                 0.5058,               0.014156,                 0.4942,               0.012912,               0.031654,                0.49726,                0.52891,               0.046906,                0.14648,                      1
                     78,                0.67773,                0.44057,                 1.3594,                0.03062,                      0,                      0,                0.82384,                0.81629,                0.85882,                0.71607,                 0.6628,                0.41929,                 1.4417,                0.02926,                      0,                      0,               0.002377,               0.002377,               0.002377,               0.046927,                0.42434,                0.47127,               0.059809,                0.14354,                0.50588,                0.01423,                0.49412,               0.012957,               0.031605,                0.49954,                0.53114,               0.046859,                0.14664,                      1
                     79,                0.67934,                0.44153,                 1.3645,                0.03068,                      0,                      0,                0.82509,                0.81523,                0.85875,                0.71568,                0.66261,                0.41919,                 1.4418,                0.02926,                      0,                      0,               0.002278,               0.002278,               0.002278,                 0.0471,                0.42131,                0.46841,               0.059807,                0.14316,                0.50594,               0.014317,                0.49406,               0.013025,               0.031972,                0.49901,                0.53098,               0.047116,                0.14643,                      1
                     80,                0.67396,                0.43938,                 1.3595,                0.03059,                      0,                      0,                0.82637,                0.81284,                0.85862,                0.71615,                0.66253,                0.41904,                 1.4417,                0.02925,                      0,                      0,               0.002179,               0.002179,               0.002179,               0.046781,                0.42375,                0.47053,               0.059659,                0.14337,                0.50604,               0.014427,                0.49396,                 0.0131,               0.031428,                0.49774,                0.52917,               0.046637,                 0.1461,                      1
                     81,                0.67442,                0.43584,                 1.3646,                0.03085,                      0,                      0,                0.81894,                0.82051,                 0.8587,                0.71616,                0.66241,                0.41883,                 1.4419,                0.02924,                      0,                      0,                0.00208,                0.00208,                0.00208,               0.046704,                0.42426,                0.47097,               0.059746,                0.14416,                0.50612,               0.014558,                0.49388,                0.01321,                0.03115,                0.49789,                0.52904,               0.046549,                0.14666,                      1
                     82,                0.67594,                0.43826,                 1.3562,                0.03079,                      0,                      0,                0.81819,                0.82168,                0.85861,                0.71634,                0.66237,                0.41869,                  1.442,                0.02923,                      0,                      0,               0.001981,               0.001981,               0.001981,                 0.0467,                0.42213,                0.46883,               0.059559,                0.14322,                0.50617,               0.014628,                0.49383,               0.013261,               0.031834,                0.49756,                 0.5294,               0.047086,                0.14672,                      1
                     83,                0.66978,                0.43134,                 1.3558,                0.03079,                      0,                      0,                0.81839,                0.82293,                0.85879,                0.71635,                0.66225,                 0.4186,                 1.4421,                0.02922,                      0,                      0,               0.001882,               0.001882,               0.001882,                 0.0467,                0.42288,                0.46958,                0.05986,                  0.144,                0.50625,               0.014725,                0.49375,               0.013334,               0.031624,                0.49867,                 0.5303,               0.047215,                0.14731,                      1
                     84,                0.67233,                0.43584,                 1.3623,                0.03064,                      0,                      0,                0.81822,                0.82313,                0.85897,                0.71673,                0.66209,                0.41829,                 1.4422,                0.02922,                      0,                      0,               0.001783,               0.001783,               0.001783,               0.047291,                0.42129,                0.46858,               0.060005,                0.14365,                0.50631,               0.014798,                0.49369,               0.013385,               0.031614,                0.49797,                0.52958,               0.046725,                0.14608,                      1
                     85,                0.67311,                0.43223,                 1.3641,                0.03074,                      0,                      0,                0.81772,                0.82336,                0.85911,                0.71683,                0.66202,                0.41801,                 1.4422,                0.02921,                      0,                      0,               0.001684,               0.001684,               0.001684,               0.046243,                0.42295,                 0.4692,               0.059106,                0.14369,                0.50637,               0.014855,                0.49363,               0.013422,               0.031613,                0.49789,                 0.5295,               0.046831,                0.14648,                      1
                     86,                0.66788,                0.42958,                 1.3598,                0.03061,                      0,                      0,                0.81729,                0.82365,                0.85888,                0.71682,                0.66189,                0.41793,                 1.4422,                 0.0292,                      0,                      0,               0.001585,               0.001585,               0.001585,               0.046754,                0.42782,                0.47457,               0.059844,                0.14499,                0.50639,               0.014889,                0.49361,               0.013447,               0.031346,                0.50314,                0.53449,               0.046809,                0.14727,                      1
                     87,                0.66627,                0.42701,                 1.3527,                0.03068,                      0,                      0,                0.81751,                0.82291,                0.85872,                 0.7168,                0.66184,                0.41783,                 1.4422,                0.02919,                      0,                      0,               0.001486,               0.001486,               0.001486,               0.046446,                0.42535,                 0.4718,                0.05956,                0.14428,                0.50644,               0.014932,                0.49356,               0.013471,               0.030775,                0.50191,                0.53268,               0.046333,                0.14692,                      1
                     88,                0.66701,                0.42811,                 1.3625,                0.03079,                      0,                      0,                0.81856,                0.82205,                0.85875,                0.71662,                0.66178,                0.41767,                 1.4425,                0.02918,                      0,                      0,               0.001387,               0.001387,               0.001387,               0.046868,                0.42237,                0.46924,               0.059745,                0.14396,                0.50649,               0.014981,                0.49351,               0.013501,               0.031409,                0.50033,                0.53174,               0.046744,                0.14706,                      1
                     89,                0.66241,                0.42363,                 1.3609,                0.03074,                      0,                      0,                0.81707,                0.82298,                0.85865,                0.71646,                 0.6617,                0.41756,                 1.4425,                0.02918,                      0,                      0,               0.001288,               0.001288,               0.001288,               0.046644,                0.42399,                0.47064,               0.059767,                0.14424,                0.50653,               0.015049,                0.49347,               0.013557,                0.03098,                0.49948,                0.53046,               0.046511,                0.14673,                      1
                     90,                0.66209,                0.42485,                 1.3543,                0.03052,                      0,                      0,                0.81811,                0.82055,                0.85855,                0.71649,                0.66154,                 0.4176,                 1.4427,                0.02917,                      0,                      0,               0.001189,               0.001189,               0.001189,               0.046638,                 0.4268,                0.47343,               0.059616,                0.14438,                0.50657,                0.01508,                0.49343,               0.013575,               0.031072,                0.50315,                0.53422,               0.046453,                0.14693,                      1
                     91,                0.66204,                0.42088,                 1.3529,                0.03065,                      0,                      0,                  0.819,                0.82053,                 0.8583,                0.71652,                 0.6615,                0.41747,                  1.443,                0.02916,                      0,                      0,                0.00109,                0.00109,                0.00109,               0.046622,                0.42795,                0.47457,               0.059801,                0.14498,                0.50662,               0.015111,                0.49338,               0.013585,               0.030861,                 0.5048,                0.53566,               0.046483,                0.14721,                      1
                     92,                0.66019,                0.41726,                 1.3554,                0.03045,                      0,                      0,                0.81804,                0.82161,                0.85824,                0.71645,                0.66142,                0.41747,                 1.4431,                0.02915,                      0,                      0,               0.000991,               0.000991,               0.000991,               0.045751,                0.42783,                0.47358,               0.058813,                0.14365,                0.50667,               0.015158,                0.49333,               0.013613,               0.030698,                0.50411,                0.53481,                0.04617,                0.14641,                      1
                     93,                0.65908,                0.41579,                 1.3577,                0.03049,                      0,                      0,                0.81743,                0.82131,                0.85787,                 0.7166,                0.66133,                0.41735,                 1.4431,                0.02915,                      0,                      0,               0.000892,               0.000892,               0.000892,               0.046106,                0.42847,                0.47457,               0.059194,                0.14426,                0.50669,               0.015198,                0.49331,               0.013645,               0.030677,                0.50426,                0.53494,               0.046153,                0.14657,                      1
                     94,                0.65825,                0.41799,                 1.3565,                0.03059,                      0,                      0,                0.82007,                0.81948,                0.85799,                0.71659,                0.66127,                0.41723,                 1.4431,                0.02914,                      0,                      0,               0.000793,               0.000793,               0.000793,               0.046024,                0.42728,                 0.4733,               0.059219,                0.14435,                0.50674,               0.015235,                0.49326,               0.013663,               0.030589,                0.50224,                0.53283,               0.046164,                0.14628,                      1
                     95,                0.65714,                0.41856,                 1.3506,                0.03032,                      0,                      0,                0.81932,                0.82006,                0.85801,                 0.7166,                0.66126,                0.41713,                 1.4432,                0.02913,                      0,                      0,               0.000694,               0.000694,               0.000694,               0.045419,                0.42957,                0.47499,               0.058487,                0.14374,                0.50679,               0.015288,                0.49321,               0.013699,                0.03044,                0.50448,                0.53492,               0.045867,                  0.146,                      1
                     96,                0.65486,                0.41432,                 1.3464,                0.03023,                      0,                      0,                0.81873,                0.82125,                0.85786,                0.71652,                0.66115,                0.41715,                 1.4432,                0.02913,                      0,                      0,               0.000595,               0.000595,               0.000595,               0.045772,                0.42818,                0.47395,               0.058588,                0.14356,                0.50681,               0.015311,                0.49319,               0.013712,               0.030401,                0.50642,                0.53682,               0.045653,                0.14608,                      1
                     97,                0.65228,                0.41213,                 1.3471,                0.03046,                      0,                      0,                0.81878,                 0.8201,                0.85805,                 0.7168,                0.66106,                0.41693,                 1.4435,                0.02912,                      0,                      0,               0.000496,               0.000496,               0.000496,                0.04554,                0.42862,                0.47416,               0.058798,                0.14442,                0.50684,                0.01534,                0.49316,               0.013729,               0.030449,                0.50518,                0.53563,               0.046147,                0.14705,                      1
                     98,                0.65462,                0.41236,                 1.3585,                0.03028,                      0,                      0,                0.81974,                0.82048,                0.85789,                0.71665,                0.66088,                0.41675,                 1.4434,                0.02911,                      0,                      0,               0.000397,               0.000397,               0.000397,               0.045457,                0.42638,                0.47184,               0.058336,                0.14298,                0.50686,               0.015356,                0.49314,               0.013739,               0.030371,                0.50568,                0.53605,               0.045731,                0.14613,                      1
                     99,                0.65239,                0.41091,                 1.3521,                0.03041,                      0,                      0,                0.82036,                 0.8206,                0.85803,                0.71713,                0.66074,                 0.4166,                 1.4436,                 0.0291,                      0,                      0,               0.000298,               0.000298,               0.000298,               0.045554,                 0.4284,                0.47396,               0.058495,                0.14385,                0.50688,               0.015371,                0.49312,               0.013744,               0.030372,                0.50412,                0.53449,               0.045664,                0.14587,                      1
                    100,                0.65176,                0.41154,                 1.3499,                 0.0307,                      0,                      0,                0.82162,                0.81985,                 0.8579,                0.71676,                0.66065,                0.41644,                  1.444,                 0.0291,                      0,                      0,               0.000199,               0.000199,               0.000199,               0.045739,                0.42591,                0.47165,               0.058823,                0.14456,                 0.5069,               0.015376,                 0.4931,               0.013743,               0.030444,                0.50305,                 0.5335,               0.045989,                0.14673,                      1
