                  epoch,         train/box_loss,         train/cls_loss,         train/dfl_loss,   train/ir_prompt_loss, train/rgb_spatial_loss,  train/rgb_global_loss,   metrics/precision(B),      metrics/recall(B),       metrics/mAP50(B),    metrics/mAP50-95(B),           val/box_loss,           val/cls_loss,           val/dfl_loss,     val/ir_prompt_loss,   val/rgb_spatial_loss,    val/rgb_global_loss,                 lr/pg0,                 lr/pg1,                 lr/pg2,       p2/P3_ir_bg_mean,     p2/P3_ir_fg_bg_gap,       p2/P3_ir_fg_mean,   p2/P3_ir_prompt_mean,    p2/P3_ir_prompt_std,p2/P4_gder_attention_weight,    p2/P4_gder_gate_std,p2/P4_gder_modality_weight,p2/P4_gder_modality_weight_std,       p2/P4_ir_bg_mean,     p2/P4_ir_fg_bg_gap,       p2/P4_ir_fg_mean,   p2/P4_ir_prompt_mean,    p2/P4_ir_prompt_std,p2/P5_gder_attention_weight,    p2/P5_gder_gate_std,p2/P5_gder_modality_weight,p2/P5_gder_modality_weight_std,p2/prompt_warmup_factor
                      1,                 1.3423,                 1.4815,                 1.6094,                      0,                      0,                      0,                0.46032,                0.54179,                0.48504,                0.36301,                0.88051,                0.80386,                 1.5309,                      0,                      0,                      0,               0.070106,              0.0033215,              0.0033215,               0.079886,             -0.0029073,               0.076978,               0.079796,              0.0056003,                0.50007,             0.00010759,                0.49993,               8.27e-05,               0.092613,            -0.00063293,                0.09198,               0.092593,              0.0020731,                0.50001,             1.8128e-05,                0.49999,             1.3038e-05,                      0
                      2,                 1.0669,                0.88976,                 1.4211,                0.00479,                      0,                      0,                0.56746,                0.65378,                0.61739,                0.46621,                0.85975,                  0.682,                 1.4715,                0.00445,                      0,                      0,                0.04004,               0.006589,               0.006589,               0.093348,             -0.0022275,               0.091121,                0.09328,              0.0045619,                0.50024,             0.00033876,                0.49976,             0.00024032,               0.096834,            -0.00049133,               0.096342,               0.096818,              0.0020563,                0.50004,             5.5989e-05,                0.49996,             3.5363e-05,                    0.1
                      3,                0.88624,                0.69635,                 1.4089,                0.00924,                      0,                      0,                0.55566,                 0.6181,                0.60961,                0.46313,                0.83044,                0.66055,                  1.629,                0.00868,                      0,                      0,              0.0099086,              0.0097904,              0.0097904,                0.13299,             0.00022956,                0.13322,                  0.133,              0.0031826,                0.50033,             0.00044128,                0.49967,             0.00029101,                 0.1103,            -0.00030599,                0.10999,                0.11029,              0.0019468,                0.50007,             8.2241e-05,                0.49993,               4.88e-05,                    0.2
                      4,                0.80375,                0.60531,                 1.4286,                0.01347,                      0,                      0,                0.60353,                0.68715,                0.67715,                0.52671,                0.76772,                0.59879,                 1.5321,                0.01286,                      0,                      0,               0.009703,               0.009703,               0.009703,                0.21027,               0.008859,                0.21913,                0.21054,               0.014842,                0.50031,             0.00042617,                0.49969,             0.00029022,                 0.1312,             8.0064e-05,                0.13128,                0.13121,               0.002169,                0.50007,             8.7418e-05,                0.49993,             5.2777e-05,                    0.3
                      5,                0.78921,                0.58148,                 1.4171,                0.01772,                      0,                      0,                 0.6881,                0.69478,                0.71592,                0.56337,                0.75592,                0.55106,                 1.5215,                0.01716,                      0,                      0,               0.009604,               0.009604,               0.009604,                0.23231,               0.017696,                0.25001,                0.23285,               0.023407,                 0.5003,              0.0004201,                 0.4997,             0.00029023,                0.16103,             0.00077382,                0.16181,                0.16106,              0.0043666,                0.50007,             8.6587e-05,                0.49993,             5.5236e-05,                    0.4
                      6,                 0.7731,                0.56105,                  1.404,                0.02209,                      0,                      0,                0.70439,                0.68299,                0.72209,                0.56449,                0.75888,                0.57051,                 1.5009,                0.02139,                      0,                      0,               0.009505,               0.009505,               0.009505,                 0.2342,               0.027516,                0.26172,                0.23506,               0.029797,                 0.5003,             0.00041612,                 0.4997,              0.0002859,                0.21404,              0.0045527,                 0.2186,                0.21419,               0.014506,                0.50007,             9.0018e-05,                0.49993,             5.9951e-05,                    0.5
                      7,                0.76468,                 0.5476,                 1.4053,                0.02629,                      0,                      0,                0.72769,                0.74594,                0.76448,                 0.6196,                0.72161,                  0.504,                 1.4986,                0.02529,                      0,                      0,               0.009406,               0.009406,               0.009406,                0.23201,               0.039831,                0.27184,                0.23323,                0.03753,                 0.5003,             0.00041457,                 0.4997,             0.00028506,                0.22792,              0.0077014,                0.23562,                0.22816,               0.018813,                0.50007,             9.4149e-05,                0.49993,             6.4305e-05,                    0.6
                      8,                0.75895,                0.54443,                 1.4036,                0.03034,                      0,                      0,                 0.7622,                0.74517,                0.77416,                0.62424,                0.71923,                0.49334,                 1.4417,                0.02917,                      0,                      0,               0.009307,               0.009307,               0.009307,                0.22937,               0.058358,                0.28772,                0.23115,               0.048702,                 0.5003,             0.00041636,                 0.4997,             0.00028734,                0.23128,               0.011509,                0.24279,                0.23163,               0.021711,                0.50007,              9.696e-05,                0.49993,             6.7301e-05,                    0.7
                      9,                0.75386,                0.53422,                 1.3909,                0.03416,                      0,                      0,                0.74491,                0.74281,                0.76836,                0.61974,                0.71721,                0.49269,                 1.4894,                0.03269,                      0,                      0,               0.009208,               0.009208,               0.009208,                0.21889,                0.09285,                0.31173,                0.22174,               0.063837,                 0.5003,             0.00041705,                 0.4997,             0.00028696,                0.23134,               0.015755,                 0.2471,                0.23183,               0.024301,                0.50007,             0.00010052,                0.49993,             7.0568e-05,                    0.8
                     10,                0.74861,                0.53093,                 1.3858,                0.03707,                      0,                      0,                0.69136,                0.71637,                0.74317,                0.58843,                0.74138,                 0.5372,                 1.5175,                0.03524,                      0,                      0,               0.009109,               0.009109,               0.009109,                0.18356,                0.18213,                0.36569,                0.18914,               0.093723,                 0.5003,             0.00041792,                 0.4997,             0.00028753,                0.23183,               0.023548,                0.25538,                0.23256,               0.028367,                0.50007,             0.00010333,                0.49993,             7.3307e-05,                    0.9
                     11,                0.74445,                0.52449,                 1.3861,                0.03955,                      0,                      0,                0.71949,                0.73523,                0.75731,                0.60314,                0.72824,                0.52719,                  1.518,                0.03803,                      0,                      0,                0.00901,                0.00901,                0.00901,                0.13497,                0.27418,                0.40915,                0.14329,                0.11697,                0.50031,             0.00041832,                0.49969,             0.00028559,                0.23144,               0.041949,                0.27339,                0.23273,               0.036175,                0.50007,             0.00010698,                0.49993,             7.6838e-05,                      1
                     12,                0.73927,                0.51713,                 1.3862,                0.03829,                      0,                      0,                0.77469,                0.77348,                 0.8112,                0.66512,                0.68945,                0.46774,                 1.4465,                0.03596,                      0,                      0,               0.008911,               0.008911,               0.008911,                0.10397,                0.32795,                0.43192,                0.11404,                0.12643,                0.50031,             0.00042127,                0.49969,             0.00028912,                0.22102,               0.085689,                0.30671,                0.22367,                0.05147,                0.50008,             0.00010983,                0.49992,             7.9398e-05,                      1
                     13,                0.73591,                0.51633,                 1.3843,                 0.0369,                      0,                      0,                0.76267,                0.75488,                0.79985,                0.65165,                0.69859,                0.47495,                 1.4772,                0.03486,                      0,                      0,               0.008812,               0.008812,               0.008812,               0.085837,                0.35851,                0.44435,               0.096919,                0.13187,                0.50031,             0.00042352,                0.49969,             0.00029197,                 0.1816,                0.19069,                0.37229,                0.18753,               0.085308,                0.50008,             0.00011296,                0.49992,             8.2449e-05,                      1
                     14,                0.73159,                0.51181,                 1.3812,                0.03568,                      0,                      0,                 0.7555,                0.77851,                0.80003,                0.65713,                0.68439,                0.46232,                 1.4697,                0.03384,                      0,                      0,               0.008713,               0.008713,               0.008713,               0.074361,                0.37884,                 0.4532,               0.086003,                0.13538,                0.50031,             0.00042587,                0.49969,             0.00029467,                0.14005,                0.27852,                0.41858,                0.14866,                 0.1081,                0.50008,             0.00011637,                0.49992,             8.5483e-05,                      1
                     15,                0.73073,                0.50806,                 1.3818,                0.03487,                      0,                      0,                0.77731,                0.76339,                0.80523,                0.65845,                0.69125,                0.46882,                 1.4674,                0.03322,                      0,                      0,               0.008614,               0.008614,               0.008614,               0.067926,                0.39055,                0.45848,               0.079847,                0.13756,                0.50031,             0.00043063,                0.49969,             0.00029869,                 0.1171,                0.32534,                0.44244,                0.12709,                0.11721,                0.50008,             0.00011937,                0.49992,             8.8181e-05,                      1
                     16,                0.72684,                0.50178,                 1.3787,                 0.0342,                      0,                      0,                0.79567,                0.78312,                0.82684,                0.67538,                0.68899,                0.45538,                 1.4557,                0.03267,                      0,                      0,               0.008515,               0.008515,               0.008515,               0.063316,                0.39985,                0.46316,               0.075545,                0.13948,                0.50031,             0.00043697,                0.49969,             0.00030384,                0.10097,                0.35809,                0.45906,                0.11197,                0.12415,                0.50008,              0.0001228,                0.49992,             9.0988e-05,                      1
                     17,                0.72355,                0.49926,                 1.3852,                0.03386,                      0,                      0,                0.79449,                0.77508,                0.82836,                0.68289,                0.68162,                0.45322,                  1.468,                0.03213,                      0,                      0,               0.008416,               0.008416,               0.008416,               0.058894,                0.40328,                0.46217,                0.07127,                0.13994,                0.50031,             0.00043928,                0.49969,             0.00030637,               0.088358,                0.37839,                0.46675,                0.10004,                0.12867,                0.50009,             0.00012665,                0.49991,             9.3773e-05,                      1
                     18,                0.71939,                0.49573,                 1.3755,                0.03367,                      0,                      0,                0.75109,                0.77296,                  0.805,                0.65392,                0.69598,                0.47117,                 1.4836,                  0.032,                      0,                      0,               0.008317,               0.008317,               0.008317,               0.057305,                0.40372,                0.46102,               0.069865,                0.14055,                0.50032,             0.00044374,                0.49968,             0.00030946,               0.078883,                0.39335,                0.47223,               0.091195,                0.13295,                0.50009,             0.00012976,                0.49991,             9.6521e-05,                      1
                     19,                0.71742,                0.49268,                 1.3842,                 0.0334,                      0,                      0,                0.80967,                0.79607,                0.84387,                0.69644,                 0.6788,                0.44271,                  1.455,                0.03149,                      0,                      0,               0.008218,               0.008218,               0.008218,               0.054299,                0.40666,                0.46096,               0.066881,                0.14127,                0.50032,             0.00045025,                0.49968,             0.00031558,               0.069282,                0.40878,                0.47806,               0.082002,                0.13586,                0.50009,             0.00013268,                0.49991,             9.8871e-05,                      1
                     20,                0.71816,                0.49388,                  1.374,                0.03275,                      0,                      0,                0.80231,                0.79256,                0.83725,                  0.691,                0.67309,                0.44242,                 1.4478,                0.03092,                      0,                      0,               0.008119,               0.008119,               0.008119,               0.052409,                0.41387,                0.46627,               0.064984,                0.14135,                0.50032,             0.00045353,                0.49968,             0.00031741,               0.060287,                0.42449,                0.48477,               0.073267,                0.13847,                0.50009,             0.00013531,                0.49991,             0.00010076,                      1
                     21,                0.71676,                0.48893,                 1.3782,                0.03222,                      0,                      0,                0.80305,                0.80874,                0.84836,                0.70262,                0.67002,                0.43362,                 1.4492,                0.03051,                      0,                      0,                0.00802,                0.00802,                0.00802,               0.049826,                0.41717,                0.46699,               0.062368,                0.14096,                0.50033,             0.00045762,                0.49967,             0.00031981,               0.051241,                 0.4402,                0.49144,               0.064552,                0.14121,                0.50009,             0.00013845,                0.49991,             0.00010325,                      1
                     22,                0.70854,                0.48661,                 1.3742,                0.03212,                      0,                      0,                0.80044,                0.81539,                0.85029,                0.70701,                0.66579,                0.43009,                 1.4399,                 0.0302,                      0,                      0,               0.007921,               0.007921,               0.007921,                0.04944,                0.42162,                0.47106,               0.062396,                0.14335,                0.50033,             0.00046284,                0.49967,             0.00032456,               0.046148,                0.45012,                0.49627,               0.060061,                0.14419,                0.50009,             0.00014125,                0.49991,             0.00010581,                      1
                     23,                0.71077,                0.48419,                 1.3858,                0.03183,                      0,                      0,                0.80974,                0.82294,                0.85409,                0.70713,                0.66877,                0.42698,                 1.4446,                0.03006,                      0,                      0,               0.007822,               0.007822,               0.007822,                0.04771,                 0.4198,                0.46751,               0.060357,                0.14167,                0.50033,             0.00047352,                0.49967,             0.00033702,               0.042654,                0.45438,                0.49703,               0.056406,                0.14362,                 0.5001,             0.00014311,                 0.4999,             0.00010682,                      1
                     24,                0.70794,                0.48301,                 1.3786,                0.03179,                      0,                      0,                 0.8156,                0.77594,                0.84697,                 0.7031,                0.66326,                 0.4286,                 1.4443,                0.02984,                      0,                      0,               0.007723,               0.007723,               0.007723,               0.046835,                0.42377,                 0.4706,               0.059865,                0.14267,                0.50034,             0.00048009,                0.49966,             0.00034266,                0.04061,                0.46123,                0.50185,               0.054851,                0.14531,                 0.5001,             0.00014609,                 0.4999,             0.00010894,                      1
                     25,                0.70416,                0.47389,                 1.3768,                0.03177,                      0,                      0,                0.81082,                0.80846,                0.85121,                0.70789,                 0.6641,                0.42996,                 1.4386,                0.02962,                      0,                      0,               0.007624,               0.007624,               0.007624,               0.046573,                0.42578,                0.47235,               0.059766,                0.14345,                0.50034,              0.0004918,                0.49966,             0.00035254,               0.039295,                0.46453,                0.50382,               0.053774,                0.14599,                 0.5001,              0.0001486,                 0.4999,              0.0001107,                      1
                     26,                0.70203,                0.47268,                 1.3771,                0.03116,                      0,                      0,                0.83324,                 0.8041,                0.85479,                 0.7093,                 0.6656,                 0.4259,                 1.4402,                0.02958,                      0,                      0,               0.007525,               0.007525,               0.007525,               0.045962,                0.43167,                0.47763,               0.059067,                0.14337,                0.50035,             0.00050468,                0.49965,             0.00036407,               0.038053,                  0.473,                0.51105,               0.052491,                0.14614,                 0.5001,             0.00015154,                 0.4999,             0.00011271,                      1
                     27,                  0.697,                0.47119,                 1.3706,                0.03148,                      0,                      0,                0.81544,                0.78727,                0.84698,                0.70414,                0.66404,                0.42709,                 1.4591,                 0.0294,                      0,                      0,               0.007426,               0.007426,               0.007426,               0.045648,                0.42784,                0.47348,               0.058928,                0.14379,                0.50036,             0.00051484,                0.49964,             0.00037098,               0.037499,                0.47148,                0.50898,               0.052227,                0.14659,                 0.5001,             0.00015438,                 0.4999,             0.00011474,                      1
                     28,                0.69699,                0.46874,                 1.3674,                0.03111,                      0,                      0,                0.80309,                 0.8176,                0.85592,                0.71271,                 0.6619,                0.42257,                 1.4386,                0.02925,                      0,                      0,               0.007327,               0.007327,               0.007327,               0.045132,                0.43065,                0.47578,                0.05827,                 0.1433,                0.50036,              0.0005262,                0.49964,             0.00038054,               0.036495,                0.47865,                0.51514,               0.051182,                0.14684,                 0.5001,             0.00015709,                 0.4999,               0.000117,                      1
                     29,                0.69768,                0.46793,                 1.3789,                0.03103,                      0,                      0,                 0.8025,                0.81249,                0.84857,                0.70615,                0.65996,                0.42041,                  1.461,                0.02923,                      0,                      0,               0.007228,               0.007228,               0.007228,                 0.0442,                0.43052,                0.47472,               0.057278,                0.14243,                0.50037,             0.00054421,                0.49963,             0.00039869,                0.03566,                 0.4783,                0.51396,               0.050263,                0.14601,                0.50011,             0.00015968,                0.49989,             0.00011886,                      1
                     30,                0.69495,                0.46552,                 1.3696,                0.03089,                      0,                      0,                0.80988,                0.81081,                0.85548,                0.71504,                0.65986,                0.41675,                 1.4501,                0.02906,                      0,                      0,               0.007129,               0.007129,               0.007129,               0.044308,                0.43379,                 0.4781,               0.057498,                0.14303,                0.50038,             0.00056652,                0.49962,             0.00041849,               0.035217,                0.48053,                0.51575,               0.049908,                0.14594,                0.50011,              0.0001635,                0.49989,             0.00012151,                      1
                     31,                0.69813,                0.46688,                 1.3761,                0.03087,                      0,                      0,                0.82901,                0.82348,                0.86667,                0.72334,                 0.6571,                0.41237,                 1.4478,                0.02899,                      0,                      0,                0.00703,                0.00703,                0.00703,               0.043667,                0.43113,                 0.4748,                0.05677,                0.14296,                0.50039,             0.00058225,                0.49961,             0.00043189,               0.034462,                0.48065,                0.51512,               0.049155,                0.14598,                0.50011,             0.00016685,                0.49989,             0.00012392,                      1
                     32,                0.69275,                0.46071,                 1.3746,                0.03078,                      0,                      0,                0.81887,                0.81524,                0.85761,                0.71627,                0.65756,                0.41333,                 1.4454,                 0.0289,                      0,                      0,               0.006931,               0.006931,               0.006931,               0.044526,                0.43453,                0.47905,               0.057807,                0.14381,                 0.5004,             0.00059438,                 0.4996,             0.00044243,               0.034629,                0.48453,                0.51916,               0.049537,                0.14661,                0.50011,             0.00016948,                0.49989,             0.00012552,                      1
                     33,                0.69222,                0.46181,                 1.3692,                0.03062,                      0,                      0,                0.82268,                0.81426,                0.85336,                0.71231,                0.65457,                0.41266,                  1.456,                 0.0288,                      0,                      0,               0.006832,               0.006832,               0.006832,                0.04313,                 0.4344,                0.47753,               0.056297,                0.14293,                 0.5004,             0.00060837,                 0.4996,             0.00045562,               0.033721,                0.48504,                0.51876,               0.048489,                0.14597,                0.50012,             0.00017169,                0.49988,             0.00012644,                      1
                     34,                0.68769,                0.45541,                 1.3685,                0.03051,                      0,                      0,                0.82624,                0.80634,                0.85418,                0.71426,                0.65457,                0.41293,                  1.451,                0.02865,                      0,                      0,               0.006733,               0.006733,               0.006733,               0.042507,                0.43747,                0.47998,               0.055839,                0.14339,                0.50041,               0.000625,                0.49959,             0.00046941,               0.033051,                0.48752,                0.52057,               0.047983,                0.14595,                0.50012,             0.00017415,                0.49988,             0.00012839,                      1
                     35,                0.69112,                0.45701,                  1.373,                 0.0305,                      0,                      0,                 0.8323,                 0.8088,                0.85867,                0.71796,                0.65611,                0.41139,                 1.4524,                0.02859,                      0,                      0,               0.006634,               0.006634,               0.006634,               0.042914,                 0.4367,                0.47961,               0.056137,                 0.1431,                0.50042,             0.00064592,                0.49958,             0.00049189,               0.033104,                 0.4905,                0.52361,               0.048034,                0.14655,                0.50012,             0.00017676,                0.49988,             0.00013019,                      1
                     36,                0.68499,                0.45112,                 1.3675,                0.03052,                      0,                      0,                 0.8259,                0.80904,                0.85525,                0.71603,                0.65374,                0.40868,                 1.4601,                 0.0285,                      0,                      0,               0.006535,               0.006535,               0.006535,               0.042451,                0.43496,                0.47741,               0.055813,                 0.1427,                0.50043,             0.00066916,                0.49957,             0.00051396,               0.032689,                0.48913,                0.52181,               0.047789,                0.14643,                0.50012,             0.00017986,                0.49988,             0.00013204,                      1
                     37,                0.67952,                0.44872,                 1.3648,                0.03019,                      0,                      0,                0.83002,                0.81593,                0.86291,                0.72094,                0.65247,                0.40743,                 1.4501,                0.02846,                      0,                      0,               0.006436,               0.006436,               0.006436,               0.041442,                0.44037,                0.48181,               0.054872,                0.14307,                0.50044,             0.00068634,                0.49956,             0.00052916,               0.031929,                0.49267,                 0.5246,               0.047033,                0.14601,                0.50012,             0.00018252,                0.49988,             0.00013389,                      1
                     38,                0.68272,                0.44817,                 1.3712,                0.03023,                      0,                      0,                 0.8356,                0.81041,                 0.8618,                0.72207,                0.65156,                 0.4065,                 1.4533,                 0.0284,                      0,                      0,               0.006337,               0.006337,               0.006337,               0.040898,                0.44091,                0.48181,               0.054327,                0.14293,                0.50044,             0.00070229,                0.49956,             0.00054464,                0.03125,                0.49501,                0.52626,                0.04641,                0.14593,                0.50013,             0.00018508,                0.49987,             0.00013618,                      1
                     39,                0.67957,                0.44523,                 1.3699,                0.03008,                      0,                      0,                0.83137,                0.81068,                0.85608,                0.71716,                0.65236,                0.40706,                 1.4475,                0.02828,                      0,                      0,               0.006238,               0.006238,               0.006238,                 0.0416,                0.44153,                0.48313,               0.055134,                0.14339,                0.50045,             0.00071824,                0.49955,             0.00055968,               0.031221,                0.49615,                0.52737,               0.046512,                0.14632,                0.50013,             0.00018733,                0.49987,             0.00013718,                      1
                     40,                0.67787,                0.44577,                 1.3671,                0.03017,                      0,                      0,                0.83322,                 0.8068,                0.85956,                0.71933,                0.65226,                0.40597,                 1.4494,                0.02825,                      0,                      0,               0.006139,               0.006139,               0.006139,               0.040826,                0.44015,                0.48098,               0.054267,                0.14322,                0.50046,              0.0007443,                0.49954,             0.00058487,               0.030639,                 0.4955,                0.52614,               0.045856,                0.14593,                0.50013,             0.00018978,                0.49987,              0.0001391,                      1
                     41,                0.67709,                0.44066,                 1.3735,                0.03018,                      0,                      0,                0.84112,                0.80919,                0.85679,                0.71775,                0.65158,                0.40586,                  1.453,                 0.0282,                      0,                      0,                0.00604,                0.00604,                0.00604,               0.041747,                0.44209,                0.48384,               0.055316,                0.14395,                0.50047,             0.00076793,                0.49953,             0.00060805,               0.031116,                0.49781,                0.52893,               0.046468,                0.14677,                0.50013,             0.00019206,                0.49987,             0.00014023,                      1
                     42,                0.67587,                0.44132,                  1.365,                   0.03,                      0,                      0,                0.84345,                0.80687,                0.86121,                0.72229,                0.65069,                0.40321,                 1.4481,                0.02813,                      0,                      0,               0.005941,               0.005941,               0.005941,               0.041199,                0.44296,                0.48416,               0.054733,                0.14349,                0.50047,             0.00078349,                0.49953,             0.00062353,               0.030762,                0.49837,                0.52914,               0.046054,                0.14611,                0.50013,             0.00019457,                0.49987,             0.00014154,                      1
                     43,                 0.6695,                0.43743,                 1.3709,                0.02986,                      0,                      0,                0.82129,                0.82975,                0.86359,                0.72341,                0.64991,                  0.402,                 1.4515,                0.02809,                      0,                      0,               0.005842,               0.005842,               0.005842,               0.040067,                0.44526,                0.48533,               0.053695,                0.14304,                0.50048,             0.00079994,                0.49952,             0.00064045,               0.029822,                0.49958,                 0.5294,               0.045198,                 0.1457,                0.50014,             0.00019705,                0.49986,             0.00014293,                      1
                     44,                0.67175,                0.43551,                 1.3648,                0.02998,                      0,                      0,                0.84069,                0.81826,                0.86442,                0.72385,                0.65011,                0.40254,                 1.4483,                0.02806,                      0,                      0,               0.005743,               0.005743,               0.005743,               0.040941,                0.44533,                0.48627,               0.054684,                0.14434,                0.50049,             0.00082757,                0.49951,             0.00066884,               0.030706,                0.49859,                 0.5293,                0.04617,                0.14658,                0.50014,             0.00020008,                0.49986,             0.00014446,                      1
                     45,                0.67527,                0.43718,                  1.371,                0.02982,                      0,                      0,                0.84281,                 0.8177,                0.86417,                0.72435,                0.64978,                0.40141,                 1.4497,                0.02801,                      0,                      0,               0.005644,               0.005644,               0.005644,               0.040267,                0.44401,                0.48428,               0.053781,                 0.1431,                 0.5005,              0.0008526,                 0.4995,             0.00069124,                0.03008,                 0.4995,                0.52958,               0.045353,                0.14558,                0.50014,             0.00020217,                0.49986,             0.00014556,                      1
                     46,                0.67114,                0.43654,                  1.373,                0.02978,                      0,                      0,                0.84605,                0.81261,                0.86192,                0.72373,                0.64992,                 0.4018,                   1.45,                0.02797,                      0,                      0,               0.005545,               0.005545,               0.005545,               0.039997,                 0.4441,                 0.4841,               0.053456,                0.14306,                 0.5005,             0.00086552,                 0.4995,             0.00070641,               0.029768,                0.50119,                0.53096,               0.045031,                0.14573,                0.50014,             0.00020429,                0.49986,             0.00014695,                      1
                     47,                0.67009,                0.43271,                 1.3654,                0.02973,                      0,                      0,                0.84108,                0.81244,                0.86124,                0.72244,                0.64912,                0.40252,                   1.45,                0.02792,                      0,                      0,               0.005446,               0.005446,               0.005446,               0.040373,                0.44679,                0.48716,               0.053976,                0.14403,                0.50051,             0.00088187,                0.49949,             0.00072157,               0.029792,                0.50388,                0.53367,               0.045214,                0.14664,                0.50014,             0.00020686,                0.49986,             0.00014812,                      1
                     48,                0.66988,                0.43487,                 1.3651,                0.02977,                      0,                      0,                0.83921,                0.81412,                0.86169,                0.72343,                0.64871,                0.40189,                 1.4479,                 0.0279,                      0,                      0,               0.005347,               0.005347,               0.005347,               0.039825,                 0.4453,                0.48512,               0.053409,                0.14373,                0.50051,             0.00090075,                0.49949,             0.00074181,               0.029699,                0.50131,                0.53101,               0.045078,                0.14614,                0.50015,             0.00021022,                0.49985,             0.00014986,                      1
                     49,                0.66524,                0.42913,                 1.3572,                0.02962,                      0,                      0,                0.83815,                0.81894,                0.86283,                0.72425,                 0.6486,                0.40189,                 1.4459,                0.02785,                      0,                      0,               0.005248,               0.005248,               0.005248,               0.039675,                0.44822,                 0.4879,               0.053302,                0.14352,                0.50052,             0.00092072,                0.49948,             0.00076124,               0.029489,                0.50514,                0.53462,               0.044907,                 0.1464,                0.50015,             0.00021276,                0.49985,             0.00015131,                      1
                     50,                0.66008,                0.42419,                 1.3614,                0.02973,                      0,                      0,                  0.844,                0.81021,                 0.8637,                0.72497,                0.64807,                0.40088,                 1.4489,                0.02782,                      0,                      0,               0.005149,               0.005149,               0.005149,               0.039434,                0.44746,                0.48689,               0.053271,                0.14405,                0.50052,             0.00093392,                0.49948,             0.00077326,               0.029269,                0.50417,                0.53344,               0.044944,                0.14677,                0.50015,             0.00021507,                0.49985,             0.00015267,                      1
                     51,                0.66329,                0.42732,                 1.3651,                 0.0296,                      0,                      0,                0.85061,                0.81109,                0.86503,                0.72593,                0.64757,                0.40039,                 1.4505,                 0.0278,                      0,                      0,                0.00505,                0.00505,                0.00505,               0.039635,                0.44835,                0.48799,               0.053406,                 0.1443,                0.50053,             0.00095378,                0.49947,             0.00079485,               0.029299,                0.50492,                0.53422,               0.044892,                0.14658,                0.50015,              0.0002169,                0.49985,             0.00015358,                      1
                     52,                0.65948,                0.42339,                 1.3693,                0.02938,                      0,                      0,                 0.8487,                0.81366,                0.86549,                 0.7266,                0.64719,                0.39975,                  1.451,                0.02777,                      0,                      0,               0.004951,               0.004951,               0.004951,                0.03865,                0.44842,                0.48707,               0.052201,                0.14256,                0.50053,             0.00097308,                0.49947,             0.00081332,               0.028929,                0.50622,                0.53515,               0.044303,                0.14574,                0.50016,             0.00021911,                0.49984,              0.0001545,                      1
                     53,                0.65593,                0.41871,                 1.3672,                 0.0294,                      0,                      0,                0.84994,                0.81496,                0.86567,                0.72694,                0.64713,                0.39896,                 1.4524,                0.02775,                      0,                      0,               0.004852,               0.004852,               0.004852,               0.038801,                0.45145,                0.49025,               0.052504,                0.14382,                0.50054,             0.00098713,                0.49946,             0.00082555,               0.028957,                 0.5086,                0.53755,               0.044481,                0.14624,                0.50016,             0.00022115,                0.49984,             0.00015613,                      1
                     54,                0.65373,                0.41803,                 1.3677,                0.02929,                      0,                      0,                 0.8453,                0.81829,                 0.8647,                0.72672,                  0.647,                0.39921,                 1.4524,                0.02773,                      0,                      0,               0.004753,               0.004753,               0.004753,               0.039098,                0.45207,                0.49117,               0.052818,                  0.144,                0.50055,              0.0010072,                0.49945,             0.00084116,                0.02884,                0.51127,                0.54011,               0.044448,                0.14693,                0.50016,             0.00022415,                0.49984,             0.00015798,                      1
                     55,                0.65613,                 0.4162,                 1.3604,                0.02935,                      0,                      0,                0.84486,                0.81591,                0.86437,                0.72653,                  0.647,                0.39875,                 1.4537,                 0.0277,                      0,                      0,               0.004654,               0.004654,               0.004654,               0.039129,                0.45283,                0.49196,               0.052934,                0.14432,                0.50056,              0.0010362,                0.49944,             0.00086884,               0.028771,                0.51133,                 0.5401,               0.044445,                0.14697,                0.50016,             0.00022618,                0.49984,             0.00015896,                      1
                     56,                0.65226,                0.41486,                 1.3624,                0.02946,                      0,                      0,                0.84125,                 0.8211,                0.86468,                0.72684,                0.64666,                0.39799,                 1.4546,                0.02768,                      0,                      0,               0.004555,               0.004555,               0.004555,               0.039015,                0.45122,                0.49024,               0.052913,                0.14408,                0.50057,              0.0010561,                0.49943,             0.00088915,               0.028813,                0.50807,                0.53688,               0.044534,                0.14659,                0.50016,             0.00022837,                0.49984,             0.00016028,                      1
                     57,                0.64912,                0.41127,                 1.3554,                0.02934,                      0,                      0,                0.84288,                0.81926,                0.86523,                0.72716,                0.64617,                0.39765,                 1.4539,                0.02766,                      0,                      0,               0.004456,               0.004456,               0.004456,               0.038785,                0.45479,                0.49357,               0.052806,                0.14481,                0.50057,              0.0010709,                0.49943,             0.00090624,               0.028527,                0.51348,                  0.542,                0.04442,                0.14735,                0.50016,             0.00023086,                0.49984,              0.0001618,                      1
                     58,                0.65628,                0.41476,                 1.3517,                0.02927,                      0,                      0,                0.83954,                0.82189,                0.86507,                0.72733,                0.64603,                0.39735,                  1.454,                0.02764,                      0,                      0,               0.004357,               0.004357,               0.004357,               0.039071,                0.45182,                0.49089,               0.052818,                0.14404,                0.50058,              0.0010939,                0.49942,             0.00092907,                0.02893,                0.51107,                   0.54,               0.044559,                0.14701,                0.50017,             0.00023345,                0.49983,             0.00016309,                      1
                     59,                0.65584,                0.41345,                 1.3646,                0.02933,                      0,                      0,                0.83612,                0.82219,                0.86439,                0.72677,                0.64611,                0.39777,                 1.4532,                0.02762,                      0,                      0,               0.004258,               0.004258,               0.004258,                0.03857,                0.45022,                0.48879,               0.052224,                0.14326,                0.50059,              0.0011168,                0.49941,             0.00094844,               0.028301,                0.51099,                 0.5393,               0.043867,                0.14633,                0.50017,             0.00023546,                0.49983,             0.00016396,                      1
                     60,                0.65363,                0.41243,                 1.3555,                0.02933,                      0,                      0,                0.83526,                0.82469,                 0.8639,                0.72689,                0.64609,                0.39774,                 1.4531,                 0.0276,                      0,                      0,               0.004159,               0.004159,               0.004159,               0.038386,                0.45275,                0.49113,               0.052306,                0.14439,                 0.5006,              0.0011296,                 0.4994,             0.00095968,               0.028322,                0.50947,                0.53779,               0.044062,                0.14648,                0.50017,             0.00023761,                0.49983,             0.00016499,                      1
                     61,                0.64767,                0.40616,                 1.3533,                0.02918,                      0,                      0,                0.83112,                0.82546,                 0.8636,                0.72607,                0.64586,                0.39794,                 1.4532,                0.02759,                      0,                      0,                0.00406,                0.00406,                0.00406,                0.03861,                 0.4539,                0.49251,               0.052518,                0.14428,                 0.5006,              0.0011509,                 0.4994,             0.00097983,                0.02835,                0.51282,                0.54117,               0.044144,                0.14683,                0.50017,             0.00023954,                0.49983,             0.00016614,                      1
                     62,                0.64505,                0.40581,                 1.3578,                0.02918,                      0,                      0,                0.82915,                0.82729,                0.86254,                 0.7254,                0.64583,                0.39832,                 1.4533,                0.02757,                      0,                      0,               0.003961,               0.003961,               0.003961,               0.038415,                0.45398,                 0.4924,               0.052305,                0.14423,                0.50061,              0.0011659,                0.49939,              0.0009952,               0.028027,                0.51297,                0.54099,               0.043805,                 0.1466,                0.50017,             0.00024154,                0.49983,             0.00016698,                      1
                     63,                0.64696,                0.40575,                 1.3645,                0.02918,                      0,                      0,                0.83964,                0.81776,                0.86236,                0.72511,                0.64561,                0.39827,                 1.4546,                0.02756,                      0,                      0,               0.003862,               0.003862,               0.003862,               0.037966,                 0.4532,                0.49116,               0.051671,                0.14341,                0.50061,              0.0011857,                0.49939,              0.0010156,               0.027992,                0.51263,                0.54062,               0.043575,                0.14595,                0.50018,             0.00024408,                0.49982,             0.00016801,                      1
                     64,                0.64695,                0.40669,                 1.3588,                0.02891,                      0,                      0,                0.83833,                0.81648,                0.86176,                0.72489,                0.64544,                0.39836,                  1.455,                0.02755,                      0,                      0,               0.003763,               0.003763,               0.003763,               0.037697,                0.45579,                0.49349,               0.051255,                0.14343,                0.50062,              0.0012111,                0.49938,              0.0010418,               0.027956,                0.51542,                0.54338,               0.043366,                0.14569,                0.50018,             0.00024641,                0.49982,             0.00016898,                      1
                     65,                0.64078,                0.39994,                 1.3543,                0.02923,                      0,                      0,                0.83949,                0.81582,                0.86154,                0.72498,                0.64539,                0.39848,                 1.4554,                0.02753,                      0,                      0,               0.003664,               0.003664,               0.003664,               0.038374,                0.45644,                0.49481,               0.052497,                0.14506,                0.50063,              0.0012332,                0.49937,              0.0010614,               0.028146,                0.51239,                0.54054,               0.044081,                0.14705,                0.50018,             0.00024816,                0.49982,             0.00016982,                      1
                     66,                0.64045,                0.40079,                 1.3587,                0.02905,                      0,                      0,                0.84086,                0.81359,                0.86105,                0.72473,                0.64538,                0.39843,                 1.4562,                0.02752,                      0,                      0,               0.003565,               0.003565,               0.003565,               0.037796,                0.45583,                0.49362,               0.051666,                0.14402,                0.50064,              0.0012478,                0.49936,              0.0010689,               0.027764,                0.51403,                 0.5418,               0.043481,                0.14628,                0.50018,             0.00024976,                0.49982,             0.00017117,                      1
                     67,                0.64566,                0.40045,                  1.349,                0.02922,                      0,                      0,                0.84098,                0.81432,                0.86093,                 0.7246,                 0.6453,                 0.3984,                 1.4566,                0.02751,                      0,                      0,               0.003466,               0.003466,               0.003466,               0.037852,                0.45164,                0.48949,               0.051641,                0.14377,                0.50065,              0.0012702,                0.49935,              0.0010898,               0.027828,                0.51073,                0.53856,               0.043491,                0.14611,                0.50018,             0.00025143,                0.49982,             0.00017194,                      1
                     68,                0.63823,                0.39532,                 1.3539,                0.02895,                      0,                      0,                0.83993,                0.81466,                0.86092,                 0.7247,                0.64512,                0.39849,                 1.4568,                 0.0275,                      0,                      0,               0.003367,               0.003367,               0.003367,               0.038222,                0.45828,                 0.4965,               0.052185,                0.14467,                0.50066,              0.0012824,                0.49934,              0.0010998,               0.027823,                0.51711,                0.54493,                0.04367,                0.14677,                0.50019,             0.00025295,                0.49981,             0.00017241,                      1
                     69,                0.63857,                0.39627,                  1.354,                0.02894,                      0,                      0,                0.82804,                0.82769,                0.86061,                0.72447,                0.64502,                0.39852,                 1.4567,                0.02749,                      0,                      0,               0.003268,               0.003268,               0.003268,               0.037571,                0.45875,                0.49632,               0.051716,                 0.1448,                0.50067,              0.0013001,                0.49933,              0.0011169,               0.027578,                0.51629,                0.54387,               0.043564,                0.14699,                0.50019,             0.00025507,                0.49981,             0.00017362,                      1
                     70,                 0.6358,                0.39395,                 1.3406,                0.02893,                      0,                      0,                 0.8277,                0.82787,                 0.8609,                0.72452,                 0.6449,                0.39854,                 1.4567,                0.02748,                      0,                      0,               0.003169,               0.003169,               0.003169,               0.037743,                0.45804,                0.49578,               0.051838,                0.14443,                0.50067,              0.0013178,                0.49933,              0.0011346,               0.027973,                0.51641,                0.54438,               0.043941,                0.14712,                0.50019,             0.00025726,                0.49981,             0.00017423,                      1
                     71,                0.63566,                0.39535,                 1.3486,                0.02883,                      0,                      0,                0.83931,                 0.8167,                0.86082,                0.72453,                0.64481,                0.39839,                  1.457,                0.02747,                      0,                      0,                0.00307,                0.00307,                0.00307,               0.037305,                0.45587,                0.49317,                0.05106,                0.14336,                0.50068,               0.001336,                0.49932,              0.0011508,               0.027397,                0.51561,                0.54301,               0.043032,                0.14572,                0.50019,             0.00025867,                0.49981,             0.00017455,                      1
                     72,                0.63308,                0.39026,                 1.3474,                0.02909,                      0,                      0,                0.84009,                0.81664,                0.86067,                0.72465,                0.64481,                0.39854,                 1.4575,                0.02746,                      0,                      0,               0.002971,               0.002971,               0.002971,               0.037361,                0.45442,                0.49178,               0.051375,                0.14405,                0.50069,              0.0013497,                0.49931,              0.0011625,               0.027511,                 0.5138,                0.54131,               0.043434,                0.14662,                0.50019,              0.0002597,                0.49981,             0.00017492,                      1
                     73,                0.63027,                0.38823,                 1.3523,                0.02879,                      0,                      0,                0.84277,                0.81266,                0.86019,                0.72415,                 0.6447,                0.39866,                 1.4578,                0.02745,                      0,                      0,               0.002872,               0.002872,               0.002872,               0.037052,                0.45875,                 0.4958,               0.051069,                0.14398,                0.50069,              0.0013506,                0.49931,              0.0011631,               0.027209,                0.52041,                0.54762,               0.043192,                0.14689,                0.50019,             0.00026114,                0.49981,             0.00017556,                      1
                     74,                0.62868,                0.38672,                 1.3466,                0.02883,                      0,                      0,                0.84561,                0.81035,                0.85984,                0.72373,                0.64467,                 0.3988,                  1.458,                0.02744,                      0,                      0,               0.002773,               0.002773,               0.002773,                0.03744,                0.45888,                0.49632,               0.051393,                 0.1442,                0.50069,              0.0013646,                0.49931,               0.001176,               0.027249,                0.51906,                0.54631,               0.043111,                0.14661,                0.50019,             0.00026246,                0.49981,              0.0001763,                      1
                     75,                0.62943,                0.38687,                 1.3432,                 0.0288,                      0,                      0,                 0.8421,                0.81296,                0.85962,                0.72373,                 0.6445,                0.39889,                  1.458,                0.02743,                      0,                      0,               0.002674,               0.002674,               0.002674,               0.037263,                0.45902,                0.49629,               0.051204,                0.14411,                 0.5007,              0.0013748,                 0.4993,              0.0011836,               0.027372,                0.51925,                0.54663,               0.043222,                0.14668,                 0.5002,             0.00026392,                 0.4998,             0.00017667,                      1
                     76,                0.62703,                 0.3848,                 1.3399,                 0.0287,                      0,                      0,                0.83874,                0.81584,                0.85912,                0.72312,                0.64447,                0.39892,                 1.4583,                0.02742,                      0,                      0,               0.002575,               0.002575,               0.002575,               0.036769,                0.45932,                0.49609,                0.05067,                0.14351,                0.50071,              0.0013862,                0.49929,              0.0011933,               0.026716,                0.51936,                0.54607,               0.042505,                0.14596,                 0.5002,             0.00026538,                 0.4998,             0.00017705,                      1
                     77,                0.62627,                0.38358,                 1.3391,                0.02876,                      0,                      0,                0.83733,                 0.8178,                0.85843,                0.72258,                0.64434,                0.39911,                 1.4585,                0.02741,                      0,                      0,               0.002476,               0.002476,               0.002476,               0.037337,                0.46227,                0.49961,               0.051444,                0.14499,                0.50071,              0.0013916,                0.49929,              0.0011975,                0.02733,                 0.5201,                0.54743,               0.043279,                0.14693,                 0.5002,             0.00026705,                 0.4998,             0.00017777,                      1
                     78,                0.62514,                0.38164,                  1.339,                0.02862,                      0,                      0,                0.83804,                0.81729,                0.85823,                0.72231,                0.64427,                0.39919,                 1.4585,                 0.0274,                      0,                      0,               0.002377,               0.002377,               0.002377,                0.03712,                0.46188,                  0.499,                0.05115,                0.14436,                0.50072,              0.0013975,                0.49928,              0.0012002,               0.027308,                0.52049,                 0.5478,               0.043196,                0.14654,                 0.5002,             0.00026804,                 0.4998,             0.00017778,                      1
                     79,                0.62652,                 0.3815,                  1.343,                0.02867,                      0,                      0,                0.83649,                0.81743,                0.85785,                0.72237,                0.64418,                0.39933,                 1.4589,                0.02739,                      0,                      0,               0.002278,               0.002278,               0.002278,               0.037273,                0.45992,                 0.4972,               0.051149,                0.14409,                0.50072,              0.0014099,                0.49928,              0.0012114,                0.02704,                0.52074,                0.54778,                0.04284,                0.14616,                 0.5002,             0.00026913,                 0.4998,             0.00017806,                      1
                     80,                 0.6207,                0.37922,                 1.3413,                0.02857,                      0,                      0,                0.83884,                 0.8152,                0.85731,                0.72193,                0.64416,                0.39938,                 1.4592,                0.02739,                      0,                      0,               0.002179,               0.002179,               0.002179,               0.036805,                0.46193,                0.49873,               0.050843,                0.14425,                0.50072,              0.0014179,                0.49928,               0.001219,               0.026569,                0.51934,                0.54591,               0.042439,                0.14588,                 0.5002,             0.00027018,                 0.4998,             0.00017865,                      1
                     81,                0.62026,                0.37533,                 1.3452,                0.02884,                      0,                      0,                0.83963,                0.81451,                0.85748,                0.72194,                0.64415,                 0.3995,                 1.4595,                0.02738,                      0,                      0,                0.00208,                0.00208,                0.00208,               0.036856,                0.45891,                0.49577,               0.050971,                 0.1444,                0.50073,              0.0014249,                0.49927,              0.0012266,                0.02683,                0.51903,                0.54586,               0.042883,                 0.1466,                 0.5002,             0.00027123,                 0.4998,             0.00017911,                      1
                     82,                0.62201,                0.37647,                 1.3362,                0.02874,                      0,                      0,                0.84201,                0.81388,                0.85678,                0.72153,                 0.6441,                0.39971,                 1.4598,                0.02737,                      0,                      0,               0.001981,               0.001981,               0.001981,               0.037117,                0.46002,                0.49714,               0.051139,                0.14432,                0.50073,              0.0014332,                0.49927,              0.0012334,               0.026922,                 0.5184,                0.54532,               0.042808,                0.14605,                0.50021,             0.00027257,                 0.4998,             0.00017965,                      1
                     83,                0.61608,                0.37063,                 1.3358,                0.02875,                      0,                      0,                0.84098,                 0.8144,                 0.8566,                0.72141,                0.64408,                0.39966,                 1.4601,                0.02736,                      0,                      0,               0.001882,               0.001882,               0.001882,               0.036652,                0.46029,                0.49694,               0.050983,                 0.1446,                0.50073,              0.0014413,                0.49927,              0.0012406,               0.026736,                0.52017,                0.54691,               0.042998,                0.14685,                0.50021,             0.00027361,                0.49979,             0.00018013,                      1
                     84,                0.61784,                0.37409,                 1.3415,                0.02862,                      0,                      0,                0.84234,                0.81375,                 0.8564,                 0.7213,                0.64407,                0.39969,                 1.4605,                0.02736,                      0,                      0,               0.001783,               0.001783,               0.001783,               0.036703,                0.45906,                0.49576,               0.050553,                 0.1439,                0.50074,              0.0014494,                0.49926,              0.0012466,               0.026864,                0.52089,                0.54775,               0.042667,                0.14626,                0.50021,             0.00027451,                0.49979,              0.0001805,                      1
                     85,                0.61856,                0.37175,                 1.3396,                0.02869,                      0,                      0,                0.84367,                 0.8127,                0.85618,                0.72112,                0.64398,                0.39986,                  1.461,                0.02735,                      0,                      0,               0.001684,               0.001684,               0.001684,               0.036545,                0.45969,                0.49624,               0.050533,                0.14413,                0.50075,              0.0014565,                0.49925,              0.0012508,               0.026726,                0.51971,                0.54644,               0.042605,                0.14623,                0.50021,             0.00027495,                0.49979,             0.00018032,                      1
                     86,                0.61301,                0.36918,                 1.3365,                0.02855,                      0,                      0,                0.84416,                0.81174,                0.85583,                0.72112,                  0.644,                0.39988,                  1.461,                0.02734,                      0,                      0,               0.001585,               0.001585,               0.001585,               0.037023,                0.46486,                0.50189,               0.051245,                0.14536,                0.50075,               0.001458,                0.49925,              0.0012503,               0.026773,                0.52354,                0.55031,                0.04286,                0.14693,                0.50021,              0.0002756,                0.49979,             0.00018033,                      1
                     87,                0.61114,                0.36605,                 1.3292,                0.02863,                      0,                      0,                0.84434,                0.81137,                 0.8555,                0.72069,                0.64394,                0.40026,                 1.4612,                0.02734,                      0,                      0,               0.001486,               0.001486,               0.001486,               0.036294,                0.46281,                 0.4991,               0.050558,                0.14472,                0.50075,              0.0014596,                0.49925,                0.00125,               0.026409,                0.52362,                0.55003,               0.042639,                0.14699,                0.50021,             0.00027644,                0.49979,             0.00018033,                      1
                     88,                0.61146,                0.36841,                 1.3348,                0.02871,                      0,                      0,                0.84482,                0.81172,                0.85525,                0.72086,                0.64406,                0.40044,                 1.4614,                0.02733,                      0,                      0,               0.001387,               0.001387,               0.001387,               0.037507,                 0.4616,                0.49911,               0.051582,                0.14529,                0.50076,              0.0014681,                0.49924,              0.0012556,               0.026941,                0.52085,                0.54779,               0.042897,                0.14673,                0.50021,             0.00027704,                0.49979,             0.00018018,                      1
                     89,                0.60913,                0.36348,                 1.3357,                0.02867,                      0,                      0,                0.84123,                0.81442,                 0.8551,                0.72048,                0.64402,                0.40068,                 1.4618,                0.02732,                      0,                      0,               0.001288,               0.001288,               0.001288,               0.036677,                0.46294,                0.49962,               0.051007,                0.14508,                0.50076,              0.0014754,                0.49924,              0.0012616,               0.026681,                0.52029,                0.54697,               0.042855,                0.14665,                0.50021,             0.00027781,                0.49979,              0.0001803,                      1
                     90,                0.60599,                0.36349,                 1.3271,                0.02842,                      0,                      0,                0.84166,                 0.8142,                0.85489,                0.72038,                0.64402,                0.40076,                 1.4622,                0.02732,                      0,                      0,               0.001189,               0.001189,               0.001189,               0.036538,                0.46502,                0.50156,               0.050675,                0.14479,                0.50077,              0.0014784,                0.49923,              0.0012628,               0.026639,                0.52556,                 0.5522,                 0.0427,                0.14675,                0.50021,              0.0002785,                0.49979,             0.00018042,                      1
                     91,                 0.6064,                0.36118,                 1.3249,                0.02858,                      0,                      0,                0.84289,                0.81364,                0.85428,                0.72005,                0.64401,                0.40088,                 1.4624,                0.02731,                      0,                      0,                0.00109,                0.00109,                0.00109,               0.036431,                0.46506,                0.50149,               0.050757,                0.14508,                0.50077,              0.0014859,                0.49923,               0.001268,               0.026291,                0.52376,                0.55005,               0.042499,                0.14667,                0.50021,             0.00027912,                0.49979,             0.00018061,                      1
                     92,                0.60547,                0.35858,                 1.3249,                0.02839,                      0,                      0,                0.84426,                  0.814,                0.85414,                0.72005,                0.64403,                0.40106,                 1.4625,                0.02731,                      0,                      0,               0.000991,               0.000991,               0.000991,               0.036066,                 0.4655,                0.50156,               0.050287,                0.14421,                0.50078,              0.0014896,                0.49922,              0.0012701,               0.026124,                0.52521,                0.55134,               0.042235,                0.14621,                0.50021,             0.00027967,                0.49979,             0.00018085,                      1
                     93,                0.60231,                0.35572,                 1.3304,                0.02841,                      0,                      0,                0.84345,                0.81535,                0.85384,                0.71952,                0.64401,                0.40118,                 1.4626,                 0.0273,                      0,                      0,               0.000892,               0.000892,               0.000892,               0.035966,                0.46446,                0.50042,                0.05016,                0.14422,                0.50078,               0.001494,                0.49922,              0.0012728,               0.026244,                0.52541,                0.55166,               0.042368,                 0.1465,                0.50021,             0.00028042,                0.49979,             0.00018109,                      1
                     94,                0.60291,                0.35799,                  1.326,                 0.0285,                      0,                      0,                0.84402,                0.81471,                 0.8537,                0.71943,                0.64407,                0.40127,                 1.4629,                0.02729,                      0,                      0,               0.000793,               0.000793,               0.000793,               0.036365,                0.46596,                0.50233,               0.050759,                 0.1453,                0.50079,                 0.0015,                0.49921,              0.0012776,               0.026334,                0.52406,                0.55039,               0.042583,                0.14658,                0.50021,             0.00028076,                0.49979,             0.00018109,                      1
                     95,                0.60112,                0.35822,                 1.3204,                0.02824,                      0,                      0,                0.84443,                0.81534,                0.85337,                0.71939,                0.64404,                0.40152,                  1.463,                0.02729,                      0,                      0,               0.000694,               0.000694,               0.000694,               0.035641,                  0.468,                0.50365,                0.04989,                0.14432,                0.50079,              0.0015038,                0.49921,              0.0012801,               0.025954,                0.52618,                0.55213,               0.042045,                0.14614,                0.50021,             0.00028091,                0.49979,             0.00018094,                      1
                     96,                0.59757,                0.35241,                  1.318,                0.02816,                      0,                      0,                0.84481,                0.81481,                0.85324,                0.71938,                0.64399,                 0.4016,                 1.4631,                0.02728,                      0,                      0,               0.000595,               0.000595,               0.000595,               0.035966,                0.46539,                0.50136,               0.049905,                0.14369,                0.50079,              0.0015028,                0.49921,              0.0012774,               0.026148,                0.52745,                 0.5536,                0.04203,                0.14593,                0.50022,             0.00028111,                0.49978,             0.00018085,                      1
                     97,                0.59533,                0.35134,                 1.3172,                0.02838,                      0,                      0,                0.84404,                0.81376,                0.85278,                0.71933,                0.64396,                0.40185,                 1.4635,                0.02727,                      0,                      0,               0.000496,               0.000496,               0.000496,               0.036142,                0.46646,                 0.5026,                0.05057,                0.14502,                0.50079,              0.0015053,                0.49921,              0.0012795,               0.026042,                 0.5251,                0.55114,               0.042353,                0.14654,                0.50022,              0.0002814,                0.49978,             0.00018087,                      1
                     98,                0.59727,                0.35103,                 1.3295,                 0.0282,                      0,                      0,                0.84049,                0.81813,                0.85271,                0.71907,                0.64397,                0.40191,                  1.464,                0.02727,                      0,                      0,               0.000397,               0.000397,               0.000397,               0.035621,                0.46432,                0.49995,               0.049648,                0.14332,                0.50079,              0.0015065,                0.49921,              0.0012799,               0.025997,                0.52607,                0.55207,               0.041972,                0.14583,                0.50022,              0.0002816,                0.49978,             0.00018087,                      1
                     99,                 0.5958,                0.34947,                  1.322,                0.02831,                      0,                      0,                0.84011,                0.81912,                0.85238,                0.71915,                0.64398,                0.40194,                 1.4645,                0.02726,                      0,                      0,               0.000298,               0.000298,               0.000298,                0.03563,                0.46416,                0.49979,               0.049653,                0.14357,                 0.5008,              0.0015078,                 0.4992,              0.0012802,               0.026028,                0.52512,                0.55114,               0.041945,                0.14574,                0.50022,             0.00028171,                0.49978,             0.00018087,                      1
                    100,                0.59446,                0.35047,                 1.3201,                0.02857,                      0,                      0,                0.84005,                0.81868,                0.85184,                0.71881,                0.64399,                0.40192,                 1.4648,                0.02725,                      0,                      0,               0.000199,               0.000199,               0.000199,                0.03622,                 0.4644,                0.50062,               0.050491,                0.14525,                 0.5008,              0.0015082,                 0.4992,              0.0012804,               0.026218,                0.52388,                0.55009,               0.042402,                0.14645,                0.50022,             0.00028183,                0.49978,             0.00018091,                      1
