                  epoch,         train/box_loss,         train/cls_loss,         train/dfl_loss,   train/ir_prompt_loss,  train/rgb_prompt_loss,   metrics/precision(B),      metrics/recall(B),       metrics/mAP50(B),    metrics/mAP50-95(B),           val/box_loss,           val/cls_loss,           val/dfl_loss,     val/ir_prompt_loss,    val/rgb_prompt_loss,                 lr/pg0,                 lr/pg1,                 lr/pg2,p2/P3_gder_attention_weight,p2/P3_gder_modality_weight,       p2/P3_ir_bg_mean,     p2/P3_ir_fg_bg_gap,       p2/P3_ir_fg_mean,   p2/P3_ir_prompt_mean,    p2/P3_ir_prompt_std,  p2/P3_rgb_prompt_mean,   p2/P3_rgb_prompt_mse,   p2/P3_rgb_prompt_std,p2/P4_gder_attention_weight,p2/P4_gder_modality_weight,       p2/P4_ir_bg_mean,     p2/P4_ir_fg_bg_gap,       p2/P4_ir_fg_mean,   p2/P4_ir_prompt_mean,    p2/P4_ir_prompt_std,  p2/P4_rgb_prompt_mean,   p2/P4_rgb_prompt_mse,   p2/P4_rgb_prompt_std,p2/P5_gder_attention_weight,p2/P5_gder_modality_weight,p2/prompt_warmup_factor
                      1,                 1.3576,                 1.5063,                  1.584,                      0,                      0,                0.42909,                0.53572,                0.48789,                0.36875,                 0.9547,                0.88311,                 1.4786,                      0,                      0,               0.070106,              0.0033215,              0.0033215,                0.50027,                0.49973,                0.10768,              0.0010507,                0.10873,                0.10772,              0.0033262,                 0.4947,               0.045622,              0.0057936,                0.50004,                0.49996,                0.15729,              0.0046948,                0.16199,                0.15744,               0.013931,                0.51875,               0.045015,               0.010035,                0.50001,                0.49999,                      0
                      2,                 1.0647,                0.88282,                 1.4172,                 0.0046,                  5e-05,                0.56446,                0.65344,                0.60987,                0.46349,                 0.8447,                0.65739,                 1.4596,                0.00434,                  4e-05,                0.04004,               0.006589,               0.006589,                0.50084,                0.49916,                0.11606,              0.0011858,                0.11725,                 0.1161,              0.0034581,                0.49531,               0.045574,              0.0058456,                0.50013,                0.49987,                0.16455,              0.0050306,                0.16958,                0.16471,               0.015392,                0.51842,               0.044922,              0.0099024,                0.50005,                0.49995,                    0.1
                      3,                0.88459,                0.69118,                 1.4096,                  0.009,                  9e-05,                0.53135,                0.61258,                0.60526,                0.45546,                0.82422,                0.67093,                 1.5742,                0.00856,                  8e-05,              0.0099086,              0.0097904,              0.0097904,                0.50094,                0.49906,                0.14914,              0.0033056,                0.15245,                0.14925,              0.0063973,                0.49711,               0.045406,              0.0055995,                0.50017,                0.49983,                 0.1979,              0.0076745,                0.20558,                0.19814,               0.022966,                0.51771,               0.044859,              0.0096733,                0.50007,                0.49993,                    0.2
                      4,                 0.8034,                0.60447,                 1.4254,                0.01323,                0.00014,                0.67787,                0.69118,                0.69753,                0.54535,                0.76313,                0.56365,                    1.5,                0.01283,                0.00012,               0.009703,               0.009703,               0.009703,                 0.5008,                 0.4992,                0.22767,               0.017688,                0.24536,                0.22822,               0.024837,                0.49993,               0.045207,              0.0049906,                0.50016,                0.49984,                0.22404,               0.012463,                0.23651,                0.22443,               0.029877,                0.51615,               0.044768,               0.008842,                0.50008,                0.49992,                    0.3
                      5,                0.78892,                0.58243,                 1.4179,                0.01752,                0.00018,                0.68676,                0.72089,                0.72916,                0.57301,                0.75541,                0.54499,                 1.5327,                0.01688,                0.00016,               0.009604,               0.009604,               0.009604,                0.50073,                0.49927,                0.23069,               0.025169,                0.25586,                0.23145,               0.031169,                0.50319,               0.044877,               0.004401,                0.50016,                0.49984,                0.22439,               0.016973,                0.24137,                0.22491,               0.031257,                0.51563,               0.044592,              0.0082017,                0.50007,                0.49993,                    0.4
                      6,                0.77461,                0.55845,                 1.4051,                0.02187,                0.00023,                0.75079,                0.75344,                0.78303,                0.62639,                0.73499,                 0.5252,                 1.4908,                0.02098,                 0.0002,               0.009505,               0.009505,               0.009505,                 0.5007,                 0.4993,                 0.2307,               0.035592,                0.26629,                 0.2318,               0.038028,                0.50605,               0.045186,              0.0039047,                0.50015,                0.49985,                0.22472,               0.023355,                0.24807,                0.22545,               0.033851,                0.51495,               0.045021,              0.0075387,                0.50007,                0.49993,                    0.5
                      7,                0.76633,                0.55135,                 1.3946,                0.02606,                0.00027,                0.75575,                0.74233,                0.77833,                0.62456,                0.72554,                0.51564,                 1.4516,                0.02502,                0.00024,               0.009406,               0.009406,               0.009406,                0.50067,                0.49933,                0.22964,               0.049362,                  0.279,                0.23117,               0.046188,                0.50924,               0.045022,              0.0035127,                0.50015,                0.49985,                0.22546,               0.035167,                0.26063,                0.22656,               0.038542,                0.51583,               0.044892,              0.0072427,                0.50007,                0.49993,                    0.6
                      8,                0.76265,                0.54355,                 1.4001,                0.02979,                0.00031,                0.70096,                0.70004,                0.72633,                0.57453,                0.73507,                0.54785,                 1.5262,                0.02869,                0.00028,               0.009307,               0.009307,               0.009307,                0.50064,                0.49936,                0.22333,               0.069947,                0.29328,                0.22545,               0.056012,                0.51153,               0.044978,              0.0032042,                0.50016,                0.49984,                0.22109,               0.054606,                 0.2757,                0.22275,               0.045713,                0.51576,               0.044836,              0.0067353,                0.50007,                0.49993,                    0.7
                      9,                0.75725,                0.53788,                 1.3936,                0.03308,                0.00036,                0.69078,                0.75726,                 0.7455,                0.60118,                0.72479,                0.51823,                 1.4765,                0.03165,                0.00032,               0.009208,               0.009208,               0.009208,                0.50061,                0.49939,                0.20672,                 0.1209,                0.32762,                0.21044,               0.076903,                0.51369,               0.044975,              0.0029126,                0.50016,                0.49984,                0.20491,                0.11554,                0.32045,                0.20848,                0.06446,                0.51656,                 0.0449,              0.0064418,                0.50008,                0.49992,                    0.8
                     10,                0.74618,                0.52893,                 1.3941,                0.03509,                 0.0004,                0.73406,                0.75984,                0.77798,                 0.6298,                0.70536,                0.50413,                 1.4531,                0.03314,                0.00036,               0.009109,               0.009109,               0.009109,                0.50058,                0.49942,                 0.1638,                0.21568,                0.37948,                0.17035,                0.10473,                 0.5149,               0.044907,              0.0026637,                0.50016,                0.49984,                0.16041,                0.22528,                0.38569,                0.16728,               0.095624,                  0.516,                0.04486,              0.0059086,                0.50008,                0.49992,                    0.9
                     11,                0.74238,                0.52089,                 1.3904,                  0.037,                0.00045,                0.75283,                0.72561,                0.76594,                 0.6207,                0.70807,                0.49273,                 1.4724,                0.03498,                 0.0004,                0.00901,                0.00901,                0.00901,                0.50053,                0.49947,                0.11981,                0.29936,                0.41917,                 0.1289,                0.12065,                 0.5161,               0.045035,              0.0024717,                0.50016,                0.49984,                 0.1237,                0.30527,                0.42897,                0.13302,                0.11201,                0.51647,               0.044993,              0.0056011,                0.50008,                0.49992,                      1
                     12,                0.74178,                0.51951,                 1.3873,                0.03567,                0.00045,                 0.7571,                0.76997,                 0.7872,                0.64353,                0.69824,                0.47583,                 1.4491,                 0.0337,                 0.0004,               0.008911,               0.008911,               0.008911,                0.50048,                0.49952,               0.091921,                 0.3504,                0.44232,                0.10264,                0.12998,                0.51717,               0.044986,              0.0022807,                0.50016,                0.49984,                0.10268,                0.34766,                0.45033,                0.11336,                0.12119,                0.51708,               0.044937,              0.0054291,                0.50008,                0.49992,                      1
                     13,                 0.7349,                0.51503,                 1.3931,                0.03512,                0.00045,                0.78054,                0.78436,                0.81059,                0.66263,                 0.6937,                0.46788,                  1.448,                0.03305,                 0.0004,               0.008812,               0.008812,               0.008812,                0.50044,                0.49956,               0.079734,                0.37022,                0.44996,               0.091308,                0.13535,                0.51734,               0.045329,              0.0021085,                0.50016,                0.49984,               0.087399,                0.37051,                 0.4579,               0.099044,                0.12774,                 0.5165,               0.045254,              0.0051708,                0.50008,                0.49992,                      1
                     14,                0.73328,                0.51144,                 1.3826,                0.03435,                0.00045,                0.74655,                0.75131,                0.75884,                0.61575,                0.70129,                 0.4894,                 1.4762,                0.03258,                 0.0004,               0.008713,               0.008713,               0.008713,                0.50039,                0.49961,               0.071263,                0.38261,                0.45387,               0.083085,                  0.137,                0.51793,               0.044837,              0.0019482,                0.50016,                0.49984,               0.069676,                0.39626,                0.46593,               0.081979,                0.13395,                0.51662,               0.044771,              0.0049656,                0.50008,                0.49992,                      1
                     15,                0.73123,                0.50789,                 1.3789,                0.03341,                0.00044,                0.77822,                0.75444,                0.80498,                0.65418,                0.69875,                0.47391,                 1.4786,                0.03173,                 0.0004,               0.008614,               0.008614,               0.008614,                0.50033,                0.49967,               0.065693,                0.39634,                0.46203,               0.077698,                0.13896,                0.51827,               0.044513,              0.0018262,                0.50016,                0.49984,               0.055394,                0.42382,                0.47922,               0.068299,                  0.139,                0.51661,               0.044438,              0.0046792,                0.50008,                0.49992,                      1
                     16,                0.72572,                0.50371,                 1.3843,                0.03284,                0.00045,                 0.7635,                  0.737,                0.79077,                0.63886,                0.71148,                0.49314,                 1.4897,                0.03155,                 0.0004,               0.008515,               0.008515,               0.008515,                0.50028,                0.49972,               0.062149,                0.40202,                0.46417,               0.074288,                0.13934,                0.51845,               0.044571,              0.0016952,                0.50017,                0.49983,               0.048294,                0.44103,                0.48932,               0.061679,                0.14169,                0.51672,               0.044507,              0.0044917,                0.50008,                0.49992,                      1
                     17,                 0.7232,                0.49777,                 1.3796,                 0.0326,                0.00045,                0.78672,                0.80413,                0.83296,                0.68212,                0.68495,                0.45193,                 1.4335,                0.03101,                 0.0004,               0.008416,               0.008416,               0.008416,                0.50022,                0.49978,               0.059015,                0.40357,                0.46258,               0.071365,                0.13996,                0.51865,                0.04493,              0.0015702,                0.50017,                0.49983,               0.042853,                 0.4528,                0.49565,               0.056795,                0.14374,                0.51677,                0.04487,              0.0043391,                0.50009,                0.49991,                      1
                     18,                0.71883,                0.49374,                 1.3775,                0.03238,                0.00045,                 0.7886,                0.78456,                0.82722,                0.67848,                0.67924,                0.45204,                 1.4587,                0.03073,                 0.0004,               0.008317,               0.008317,               0.008317,                0.50013,                0.49987,               0.056848,                0.40877,                0.46562,               0.069477,                0.14121,                0.51829,                0.04509,              0.0014654,                0.50017,                0.49983,               0.039926,                 0.4614,                0.50133,                0.05426,                0.14506,                0.51598,               0.045032,              0.0039657,                0.50009,                0.49991,                      1
                     19,                0.71712,                0.49331,                 1.3809,                0.03233,                0.00045,                0.79492,                0.79912,                0.83585,                0.68706,                0.67444,                0.43973,                 1.4412,                0.03037,                 0.0004,               0.008218,               0.008218,               0.008218,                0.50009,                0.49991,               0.054997,                0.40984,                0.46484,               0.067764,                0.14164,                0.51827,               0.045132,               0.001362,                0.50018,                0.49982,               0.038664,                0.46489,                0.50356,               0.053227,                0.14563,                0.51584,               0.045094,              0.0037627,                0.50009,                0.49991,                      1
                     20,                0.71843,                0.48961,                 1.3764,                 0.0319,                0.00045,                0.81355,                0.79153,                0.84388,                0.69483,                0.67183,                0.43552,                 1.4612,                0.03021,                 0.0004,               0.008119,               0.008119,               0.008119,                0.50003,                0.49997,               0.052847,                0.41274,                0.46559,               0.065469,                0.14122,                0.51824,               0.045034,               0.001287,                0.50018,                0.49982,               0.036707,                0.47003,                0.50673,               0.051166,                0.14527,                0.51567,               0.045004,              0.0035772,                0.50009,                0.49991,                      1
                     21,                0.71539,                0.48787,                 1.3717,                0.03157,                0.00045,                0.79954,                0.80922,                0.84374,                0.69376,                0.67601,                0.43725,                  1.442,                0.03001,                 0.0004,                0.00802,                0.00802,                0.00802,                0.49998,                0.50002,               0.052372,                0.41499,                0.46736,               0.064916,                0.14141,                0.51816,               0.044638,               0.001194,                0.50018,                0.49982,                0.03644,                0.47567,                0.51211,               0.050893,                 0.1455,                0.51554,               0.044571,              0.0034243,                0.50009,                0.49991,                      1
                     22,                0.70586,                0.47656,                 1.3727,                0.03149,                0.00045,                0.80404,                 0.7989,                   0.84,                0.69435,                0.67385,                0.43691,                 1.4494,                0.02977,                 0.0004,               0.007921,               0.007921,               0.007921,                0.49995,                0.50005,                0.05059,                0.42134,                0.47193,               0.063556,                0.14225,                 0.5182,               0.045019,              0.0011145,                0.50018,                0.49982,               0.035281,                0.48142,                 0.5167,               0.050184,                0.14664,                0.51552,               0.044958,              0.0033878,                 0.5001,                 0.4999,                      1
                     23,                0.70816,                0.48386,                 1.3804,                0.03124,                0.00044,                0.81809,                0.77704,                 0.8443,                0.69814,                0.66729,                0.43276,                 1.4532,                0.02973,                 0.0004,               0.007822,               0.007822,               0.007822,                 0.4999,                 0.5001,               0.049177,                 0.4198,                0.46898,               0.061824,                0.14108,                0.51865,               0.044467,              0.0010459,                0.50018,                0.49982,               0.034506,                0.47955,                0.51405,               0.049046,                0.14508,                0.51573,               0.044425,              0.0031758,                 0.5001,                 0.4999,                      1
                     24,                0.70345,                0.47623,                 1.3758,                0.03148,                0.00045,                0.81051,                0.78842,                0.84467,                0.69912,                0.66728,                0.43178,                 1.4519,                0.02955,                 0.0004,               0.007723,               0.007723,               0.007723,                0.49985,                0.50015,               0.049261,                0.41983,                0.46909,               0.062183,                0.14245,                0.51861,               0.045065,             0.00098694,                0.50019,                0.49981,               0.034327,                0.48013,                0.51446,               0.049169,                0.14621,                0.51591,               0.045007,              0.0030711,                 0.5001,                 0.4999,                      1
                     25,                0.70595,                0.47552,                 1.3776,                0.03146,                0.00045,                0.79916,                0.82219,                0.84233,                0.69815,                0.66452,                0.42548,                 1.4441,                0.02933,                 0.0004,               0.007624,               0.007624,               0.007624,                0.49984,                0.50016,               0.048664,                 0.4209,                0.46956,               0.061715,                0.14296,                0.51844,               0.044895,               0.000923,                0.50019,                0.49981,               0.034107,                0.48116,                0.51527,               0.049119,                 0.1463,                0.51579,                0.04485,              0.0029052,                 0.5001,                 0.4999,                      1
                     26,                0.70067,                0.47122,                 1.3697,                0.03113,                0.00045,                0.81818,                0.78817,                0.84576,                0.70273,                0.66283,                0.42766,                 1.4398,                0.02931,                 0.0004,               0.007525,               0.007525,               0.007525,                0.49978,                0.50022,               0.048254,                 0.4269,                0.47515,               0.061433,                0.14375,                0.51849,               0.044732,              0.0008618,                0.50019,                0.49981,               0.033916,                 0.4864,                0.52032,               0.049018,                0.14696,                0.51596,               0.044672,              0.0028608,                0.50011,                0.49989,                      1
                     27,                  0.698,                0.47126,                 1.3702,                0.03113,                0.00045,                0.80508,                0.79527,                0.84537,                0.70165,                0.66243,                 0.4269,                 1.4638,                0.02921,                 0.0004,               0.007426,               0.007426,               0.007426,                0.49971,                0.50029,               0.047918,                0.42419,                0.47211,                0.06101,                0.14292,                 0.5184,               0.044997,             0.00081705,                 0.5002,                 0.4998,               0.033514,                0.48626,                0.51978,               0.048594,                0.14654,                0.51581,               0.044977,               0.002683,                0.50011,                0.49989,                      1
                     28,                0.69972,                0.47121,                 1.3775,                0.03088,                0.00045,                0.82482,                0.81028,                0.85889,                0.71227,                0.66315,                0.41883,                 1.4478,                0.02908,                 0.0004,               0.007327,               0.007327,               0.007327,                0.49966,                0.50034,               0.046592,                0.42648,                0.47308,               0.059597,                0.14279,                0.51839,               0.045027,             0.00077555,                 0.5002,                 0.4998,               0.032782,                0.48881,                0.52159,               0.047775,                0.14617,                0.51568,               0.044982,              0.0025528,                0.50011,                0.49989,                      1
                     29,                0.69544,                0.46509,                 1.3807,                0.03086,                0.00045,                0.81292,                0.81787,                0.85315,                0.70965,                0.65856,                0.41996,                 1.4498,                0.02898,                 0.0004,               0.007228,               0.007228,               0.007228,                 0.4996,                 0.5004,               0.045658,                0.42823,                0.47389,               0.058742,                0.14289,                0.51847,               0.044948,             0.00072479,                 0.5002,                 0.4998,               0.032311,                0.49026,                0.52257,               0.047361,                 0.1464,                 0.5158,               0.044912,              0.0024469,                0.50011,                0.49989,                      1
                     30,                0.69755,                0.46739,                 1.3708,                0.03076,                0.00045,                0.82406,                 0.8041,                0.85118,                0.70697,                0.65897,                0.42081,                  1.449,                0.02889,                 0.0004,               0.007129,               0.007129,               0.007129,                0.49956,                0.50044,               0.045749,                0.42982,                0.47557,               0.058899,                0.14332,                0.51829,               0.045016,             0.00067791,                0.50021,                0.49979,               0.032253,                0.48981,                0.52206,               0.047321,                 0.1461,                0.51559,               0.045002,              0.0022772,                0.50011,                0.49989,                      1
                     31,                0.69593,                0.46429,                 1.3739,                0.03046,                0.00045,                 0.8145,                0.81848,                0.85332,                0.70972,                0.65912,                0.41803,                 1.4442,                0.02883,                 0.0004,                0.00703,                0.00703,                0.00703,                0.49954,                0.50046,               0.044469,                0.42998,                0.47445,               0.057447,                0.14204,                0.51857,               0.044992,             0.00063958,                0.50021,                0.49979,               0.031201,                0.49307,                0.52427,               0.046153,                0.14535,                0.51571,                0.04496,              0.0021727,                0.50011,                0.49989,                      1
                     32,                  0.692,                0.45996,                 1.3748,                0.03055,                0.00045,                0.82204,                0.81735,                0.85234,                0.70979,                0.65782,                0.41671,                  1.438,                0.02871,                 0.0004,               0.006931,               0.006931,               0.006931,                0.49946,                0.50054,                0.04568,                0.43253,                0.47821,               0.058972,                0.14408,                0.51832,               0.045022,              0.0006062,                0.50022,                0.49978,               0.031954,                  0.497,                0.52896,               0.047301,                0.14731,                0.51564,               0.045001,              0.0020694,                0.50012,                0.49988,                      1
                     33,                0.69539,                0.46248,                 1.3706,                0.03056,                0.00045,                0.81108,                0.81678,                 0.8539,                 0.7129,                0.65656,                0.41583,                 1.4496,                0.02865,                 0.0004,               0.006832,               0.006832,               0.006832,                0.49942,                0.50058,               0.044513,                0.43013,                0.47464,                0.05771,                0.14318,                0.51838,               0.045158,              0.0005714,                0.50022,                0.49978,               0.031447,                0.49453,                0.52598,               0.046701,                0.14659,                0.51563,                0.04513,              0.0019331,                0.50012,                0.49988,                      1
                     34,                0.68677,                0.45542,                 1.3658,                0.03025,                0.00045,                0.81539,                0.81042,                0.84824,                0.70859,                0.65452,                0.41454,                 1.4448,                0.02852,                 0.0004,               0.006733,               0.006733,               0.006733,                0.49938,                0.50062,               0.043744,                0.43701,                0.48076,               0.057063,                0.14347,                0.51858,               0.044759,             0.00053918,                0.50023,                0.49977,               0.030919,                 0.4993,                0.53022,               0.046221,                 0.1463,                0.51586,               0.044771,              0.0018633,                0.50012,                0.49988,                      1
                     35,                0.68804,                0.45543,                 1.3728,                 0.0303,                0.00045,                0.83782,                0.82446,                0.86725,                0.72447,                0.65434,                0.40853,                 1.4508,                 0.0285,                 0.0004,               0.006634,               0.006634,               0.006634,                0.49937,                0.50063,               0.044054,                0.43566,                0.47972,               0.057282,                0.14346,                0.51838,               0.045173,             0.00051068,                0.50024,                0.49976,                0.03136,                0.49949,                0.53085,               0.046607,                0.14671,                0.51581,               0.045143,              0.0017669,                0.50012,                0.49988,                      1
                     36,                0.68658,                0.44931,                 1.3727,                0.03053,                0.00045,                0.82935,                0.82617,                0.86441,                0.72145,                0.65542,                0.40863,                  1.449,                0.02845,                 0.0004,               0.006535,               0.006535,               0.006535,                0.49934,                0.50066,               0.043664,                0.43254,                 0.4762,               0.057108,                0.14361,                0.51831,               0.045073,             0.00048375,                0.50024,                0.49976,               0.031152,                0.49609,                0.52724,               0.046664,                0.14709,                0.51576,               0.045054,              0.0016839,                0.50012,                0.49988,                      1
                     37,                0.68273,                0.45036,                 1.3676,                0.03016,                0.00045,                0.82886,                0.81922,                0.86241,                0.72054,                0.65315,                0.40609,                  1.445,                0.02833,                 0.0004,               0.006436,               0.006436,               0.006436,                0.49933,                0.50067,                0.04224,                0.43785,                0.48009,               0.055635,                0.14312,                0.51825,                0.04472,             0.00045632,                0.50025,                0.49975,               0.030038,                0.49916,                 0.5292,               0.045397,                 0.1458,                0.51585,               0.044715,              0.0016061,                0.50013,                0.49987,                      1
                     38,                0.67236,                0.43533,                 1.3592,                0.02998,                0.00045,                0.84504,                0.81941,                0.86544,                0.72339,                 0.6537,                0.40653,                 1.4447,                0.02827,                 0.0004,               0.006337,               0.006337,               0.006337,                0.49932,                0.50068,               0.041861,                0.44197,                0.48383,               0.055467,                0.14343,                0.51823,               0.045017,             0.00044797,                0.50025,                0.49975,               0.029848,                0.50483,                0.53468,               0.045475,                0.14681,                0.51577,               0.044994,              0.0015667,                0.50013,                0.49987,                      1
                     39,                0.67919,                0.44671,                 1.3741,                0.02991,                0.00045,                0.83583,                0.82513,                 0.8639,                0.72043,                0.65369,                0.40461,                 1.4531,                0.02825,                 0.0004,               0.006238,               0.006238,               0.006238,                0.49926,                0.50074,               0.042156,                0.44061,                0.48276,               0.055574,                 0.1434,                0.51852,               0.044565,              0.0004297,                0.50025,                0.49975,               0.030266,                0.50262,                0.53289,               0.045652,                0.14626,                0.51602,                0.04454,              0.0014812,                0.50013,                0.49987,                      1
                     40,                0.67934,                0.44575,                 1.3677,                0.03009,                0.00045,                0.83098,                0.82423,                0.86028,                0.71841,                0.65426,                0.40605,                 1.4484,                0.02823,                 0.0004,               0.006139,               0.006139,               0.006139,                0.49923,                0.50077,               0.042322,                0.43664,                0.47896,               0.055572,                0.14322,                0.51861,               0.044948,              0.0004069,                0.50026,                0.49974,               0.029777,                0.50104,                0.53082,               0.045064,                0.14594,                 0.5162,               0.044936,              0.0014089,                0.50013,                0.49987,                      1
                     41,                0.65188,                0.41147,                 1.3414,                0.02983,                0.00045,                0.84001,                0.82138,                0.85755,                0.71686,                0.65434,                0.40738,                 1.4479,                0.02817,                 0.0004,                0.00604,                0.00604,                0.00604,                0.49924,                0.50076,               0.041215,                  0.444,                0.48521,               0.054888,                0.14347,                0.51842,               0.045017,             0.00040313,                0.50026,                0.49974,               0.029102,                0.50647,                0.53558,               0.044779,                0.14643,                0.51606,               0.044997,              0.0013907,                0.50013,                0.49987,                      1
                     42,                0.67506,                0.44099,                 1.3649,                0.02992,                0.00045,                0.83357,                0.81693,                0.85642,                0.71552,                0.65327,                0.40733,                 1.4501,                0.02813,                 0.0004,               0.005941,               0.005941,               0.005941,                0.49921,                0.50079,                0.04171,                0.44162,                0.48333,               0.055157,                 0.1432,                0.51847,                0.04496,             0.00038456,                0.50027,                0.49973,               0.030069,                0.50176,                0.53183,                0.04544,                0.14602,                0.51624,               0.044935,              0.0013309,                0.50013,                0.49987,                      1
                     43,                0.67566,                0.44257,                 1.3676,                0.03001,                0.00045,                0.82529,                0.82687,                0.85759,                 0.7176,                0.65357,                0.40624,                 1.4481,                0.02808,                 0.0004,               0.005842,               0.005842,               0.005842,                 0.4992,                 0.5008,               0.041772,                0.43914,                0.48091,                0.05516,                0.14345,                0.51856,               0.045143,             0.00036755,                0.50027,                0.49973,               0.029841,                0.50057,                0.53042,               0.045176,                 0.1461,                0.51633,                0.04512,              0.0012487,                0.50014,                0.49986,                      1
                     44,                0.67405,                0.43967,                 1.3648,                0.02997,                0.00045,                0.83293,                0.81956,                0.85976,                0.71911,                0.65273,                0.40472,                 1.4489,                0.02806,                 0.0004,               0.005743,               0.005743,               0.005743,                0.49922,                0.50078,               0.041538,                0.44133,                0.48287,               0.055104,                0.14366,                0.51837,               0.044993,             0.00034865,                0.50028,                0.49972,                0.02983,                0.50335,                0.53318,               0.045379,                 0.1465,                0.51639,               0.044989,              0.0011875,                0.50014,                0.49986,                      1
                     45,                 0.6746,                0.43934,                 1.3665,                0.02975,                0.00045,                0.83594,                0.82337,                0.86315,                0.72243,                0.65142,                0.40383,                 1.4512,                0.02802,                 0.0004,               0.005644,               0.005644,               0.005644,                0.49922,                0.50078,                0.04087,                0.44211,                0.48298,               0.054293,                0.14326,                0.51852,               0.044959,             0.00033275,                0.50028,                0.49972,               0.029524,                 0.5043,                0.53382,               0.044904,                0.14612,                0.51647,               0.044975,              0.0011407,                0.50014,                0.49986,                      1
                     46,                0.67469,                   0.44,                 1.3722,                0.02994,                0.00045,                0.82976,                0.82886,                0.86253,                0.72229,                0.65144,                 0.4034,                 1.4486,                0.02798,                 0.0004,               0.005545,               0.005545,               0.005545,                 0.4992,                 0.5008,               0.041597,                0.44001,                 0.4816,               0.055045,                0.14367,                0.51868,               0.044925,              0.0003178,                 0.5003,                 0.4997,               0.029792,                0.50141,                 0.5312,               0.045206,                0.14616,                0.51671,               0.044934,              0.0011068,                0.50014,                0.49986,                      1
                     47,                0.67108,                 0.4348,                 1.3712,                0.02969,                0.00045,                0.83659,                0.82415,                0.86308,                0.72349,                0.65132,                0.40258,                 1.4495,                0.02794,                0.00039,               0.005446,               0.005446,               0.005446,                0.49919,                0.50081,               0.041108,                0.44478,                0.48589,               0.054549,                0.14374,                0.51865,               0.044917,             0.00030306,                0.50031,                0.49969,               0.029419,                0.50507,                0.53449,               0.044764,                0.14589,                0.51686,                0.04491,              0.0010677,                0.50014,                0.49986,                      1
                     48,                0.67349,                0.43481,                 1.3693,                0.02983,                0.00045,                 0.8312,                 0.8279,                0.86452,                0.72447,                0.65141,                0.40176,                 1.4473,                0.02791,                0.00039,               0.005347,               0.005347,               0.005347,                0.49919,                0.50081,                0.04083,                0.44376,                0.48459,               0.054474,                0.14423,                0.51859,               0.044805,             0.00028956,                0.50032,                0.49968,               0.029177,                0.50463,                 0.5338,               0.044762,                0.14663,                0.51697,               0.044788,             0.00099919,                0.50014,                0.49986,                      1
                     49,                0.66862,                0.43023,                 1.3648,                0.02964,                0.00045,                0.83361,                0.82746,                0.86467,                0.72467,                 0.6516,                0.40199,                 1.4444,                0.02788,                0.00039,               0.005248,               0.005248,               0.005248,                0.49921,                0.50079,               0.040746,                0.44473,                0.48548,               0.054343,                0.14409,                0.51855,               0.044643,             0.00027785,                0.50032,                0.49968,               0.029576,                0.50723,                0.53681,               0.045151,                 0.1467,                0.51703,               0.044641,             0.00097072,                0.50015,                0.49985,                      1
                     50,                  0.665,                0.42761,                 1.3642,                0.02961,                0.00045,                0.83399,                0.82834,                0.86477,                0.72483,                0.65162,                0.40127,                  1.445,                0.02783,                0.00039,               0.005149,               0.005149,               0.005149,                0.49919,                0.50081,               0.040018,                0.44454,                0.48456,                 0.0536,                0.14352,                0.51842,               0.044876,             0.00026781,                0.50033,                0.49967,               0.028997,                0.50775,                0.53675,               0.044608,                0.14618,                0.51713,               0.044858,             0.00091204,                0.50015,                0.49985,                      1
                     51,                0.66445,                 0.4261,                 1.3637,                0.02968,                0.00045,                0.84128,                0.81931,                0.86575,                0.72621,                0.65139,                0.40043,                 1.4463,                 0.0278,                0.00039,                0.00505,                0.00505,                0.00505,                0.49919,                0.50081,               0.039945,                0.44554,                0.48548,               0.053823,                  0.144,                0.51835,               0.044947,             0.00025663,                0.50033,                0.49967,               0.028761,                0.50791,                0.53667,               0.044669,                0.14697,                0.51708,               0.044946,             0.00085614,                0.50015,                0.49985,                      1
                     52,                0.66153,                0.42738,                 1.3695,                0.02943,                0.00045,                0.83275,                0.83043,                0.86633,                 0.7271,                 0.6511,                0.39989,                 1.4465,                0.02778,                0.00039,               0.004951,               0.004951,               0.004951,                0.49919,                0.50081,               0.039711,                0.44463,                0.48434,               0.053179,                0.14282,                0.51854,                0.04512,             0.00024307,                0.50034,                0.49966,               0.028793,                0.50894,                0.53773,               0.044283,                 0.1462,                0.51717,               0.045124,              0.0008283,                0.50015,                0.49985,                      1
                     53,                0.66033,                0.42201,                 1.3573,                0.02959,                0.00045,                0.84273,                0.82442,                0.86703,                0.72804,                0.65098,                0.39922,                 1.4468,                0.02775,                0.00039,               0.004852,               0.004852,               0.004852,                 0.4992,                 0.5008,               0.039713,                0.44693,                0.48665,               0.053367,                0.14386,                0.51847,               0.044806,             0.00023184,                0.50035,                0.49965,               0.028938,                0.50841,                0.53734,               0.044539,                0.14645,                0.51727,               0.044818,             0.00078865,                0.50015,                0.49985,                      1
                     54,                0.65735,                 0.4194,                 1.3638,                0.02938,                0.00045,                0.83211,                0.83353,                0.86675,                0.72797,                0.65017,                0.39899,                 1.4478,                0.02773,                0.00039,               0.004753,               0.004753,               0.004753,                0.49921,                0.50079,               0.039733,                0.44842,                0.48816,               0.053321,                 0.1433,                0.51854,               0.044729,             0.00022427,                0.50036,                0.49964,               0.028575,                0.51102,                 0.5396,               0.044157,                0.14633,                0.51742,               0.044716,             0.00076428,                0.50016,                0.49984,                      1
                     55,                0.65882,                0.42089,                 1.3608,                0.02935,                0.00045,                0.83869,                0.83065,                 0.8665,                0.72823,                0.64977,                 0.3993,                 1.4479,                0.02772,                0.00039,               0.004654,               0.004654,               0.004654,                0.49919,                0.50081,               0.039415,                0.44811,                0.48752,                0.05296,                0.14332,                0.51854,               0.044504,               0.000216,                0.50036,                0.49964,               0.028388,                0.51231,                 0.5407,               0.043959,                0.14627,                0.51751,               0.044502,             0.00073807,                0.50016,                0.49984,                      1
                     56,                0.65601,                0.41893,                 1.3602,                 0.0294,                0.00045,                 0.8356,                0.83545,                0.86672,                0.72862,                 0.6496,                0.39891,                 1.4486,                 0.0277,                0.00039,               0.004555,               0.004555,               0.004555,                0.49917,                0.50083,               0.039514,                 0.4489,                0.48841,               0.053215,                0.14388,                0.51839,               0.045049,             0.00020809,                0.50037,                0.49963,               0.028604,                0.51007,                0.53868,                0.04425,                0.14634,                0.51749,               0.045047,             0.00070028,                0.50016,                0.49984,                      1
                     57,                0.65281,                0.41601,                 1.3534,                0.02936,                0.00045,                0.84137,                  0.834,                0.86709,                 0.7292,                0.64944,                0.39858,                 1.4479,                0.02768,                0.00039,               0.004456,               0.004456,               0.004456,                0.49916,                0.50084,               0.039394,                0.44938,                0.48877,               0.053163,                0.14383,                0.51823,                  0.045,             0.00019894,                0.50038,                0.49962,               0.028155,                0.51271,                0.54087,               0.043955,                0.14668,                0.51755,               0.044982,             0.00067559,                0.50016,                0.49984,                      1
                     58,                0.65677,                0.41553,                 1.3598,                0.02927,                0.00045,                0.83996,                0.83409,                0.86641,                0.72862,                0.64894,                0.39871,                 1.4484,                0.02766,                0.00039,               0.004357,               0.004357,               0.004357,                0.49918,                0.50082,               0.039751,                0.44979,                0.48954,               0.053375,                0.14414,                0.51823,               0.044726,             0.00019315,                 0.5004,                 0.4996,               0.028364,                0.51277,                0.54113,               0.043963,                0.14637,                0.51755,               0.044729,             0.00064324,                0.50016,                0.49984,                      1
                     59,                 0.6548,                0.41268,                 1.3502,                0.02934,                0.00045,                0.83874,                0.83342,                0.86625,                0.72895,                 0.6488,                0.39879,                 1.4476,                0.02765,                0.00039,               0.004258,               0.004258,               0.004258,                0.49921,                0.50079,               0.038895,                 0.4483,                 0.4872,               0.052699,                0.14369,                0.51812,               0.045018,             0.00018619,                0.50041,                0.49959,               0.028192,                  0.512,                0.54019,               0.044045,                0.14678,                0.51758,               0.045022,             0.00061374,                0.50016,                0.49984,                      1
                     60,                0.65325,                0.41348,                 1.3555,                0.02917,                0.00045,                 0.8419,                0.83303,                0.86635,                0.72905,                0.64872,                0.39879,                 1.4472,                0.02763,                0.00039,               0.004159,               0.004159,               0.004159,                0.49923,                0.50077,                0.03844,                0.44989,                0.48833,               0.052045,                0.14291,                0.51808,                0.04486,             0.00017902,                0.50041,                0.49959,               0.027608,                0.51065,                0.53826,                0.04313,                0.14534,                0.51762,               0.044859,             0.00058891,                0.50017,                0.49983,                      1
                     61,                0.65231,                 0.4106,                 1.3544,                0.02921,                0.00045,                0.83663,                0.83607,                0.86613,                0.72855,                0.64861,                0.39875,                 1.4474,                0.02761,                0.00039,                0.00406,                0.00406,                0.00406,                0.49927,                0.50073,               0.039201,                0.45096,                0.49016,               0.052928,                0.14402,                0.51814,               0.045008,             0.00017458,                0.50042,                0.49958,               0.028438,                0.51385,                0.54229,               0.044175,                0.14675,                0.51771,               0.044991,             0.00056096,                0.50017,                0.49983,                      1
                     62,                0.64886,                 0.4068,                 1.3553,                0.02909,                0.00045,                0.83653,                0.83573,                0.86562,                0.72855,                0.64837,                0.39877,                 1.4479,                 0.0276,                0.00039,               0.003961,               0.003961,               0.003961,                0.49927,                0.50073,                0.03851,                0.45286,                0.49137,               0.052295,                 0.1436,                0.51808,               0.044811,             0.00016832,                0.50042,                0.49958,                 0.0278,                0.51427,                0.54207,               0.043556,                0.14616,                0.51769,               0.044804,              0.0005437,                0.50017,                0.49983,                      1
                     63,                0.64941,                0.40828,                 1.3547,                0.02921,                0.00045,                0.83613,                0.83536,                0.86563,                 0.7286,                0.64841,                0.39895,                 1.4478,                0.02758,                0.00039,               0.003862,               0.003862,               0.003862,                0.49928,                0.50072,               0.038156,                0.45228,                0.49044,               0.051999,                0.14368,                0.51812,               0.044828,             0.00016315,                0.50043,                0.49957,               0.027359,                0.51498,                0.54234,                 0.0432,                0.14624,                0.51785,                0.04483,             0.00052831,                0.50017,                0.49983,                      1
                     64,                0.65227,                0.41098,                 1.3535,                0.02934,                0.00045,                0.83337,                0.83925,                0.86521,                0.72796,                0.64828,                0.39892,                 1.4486,                0.02757,                0.00039,               0.003763,               0.003763,               0.003763,                 0.4993,                 0.5007,                0.03914,                0.44833,                0.48747,               0.052725,                0.14408,                0.51817,               0.044933,              0.0001583,                0.50044,                0.49956,               0.028107,                0.51145,                0.53956,                0.04369,                0.14619,                0.51795,               0.044948,             0.00050315,                0.50017,                0.49983,                      1
                     65,                 0.6409,                0.40146,                 1.3485,                0.02911,                0.00045,                0.83429,                0.83861,                0.86533,                0.72795,                0.64815,                0.39861,                 1.4493,                0.02755,                0.00039,               0.003664,               0.003664,               0.003664,                0.49934,                0.50066,               0.038602,                0.45275,                0.49135,               0.052412,                0.14412,                0.51814,               0.044935,             0.00015275,                0.50045,                0.49955,               0.027582,                0.51338,                0.54096,               0.043313,                0.14589,                0.51799,               0.044921,             0.00048983,                0.50017,                0.49983,                      1
                     66,                0.64657,                0.40536,                 1.3518,                0.02915,                0.00045,                0.83598,                0.83891,                0.86567,                0.72854,                0.64808,                0.39843,                 1.4498,                0.02754,                0.00039,               0.003565,               0.003565,               0.003565,                0.49935,                0.50065,                0.03794,                  0.452,                0.48994,               0.051835,                0.14361,                0.51831,               0.044838,             0.00014814,                0.50045,                0.49955,               0.027777,                0.51333,                0.54111,                0.04364,                0.14633,                 0.5181,               0.044824,             0.00047444,                0.50018,                0.49982,                      1
                     67,                0.64318,                0.39954,                 1.3427,                0.02927,                0.00045,                0.83584,                0.83856,                0.86612,                0.72882,                0.64813,                0.39838,                 1.4497,                0.02753,                0.00039,               0.003466,               0.003466,               0.003466,                0.49937,                0.50063,               0.037975,                0.45113,                0.48911,               0.051929,                0.14384,                0.51828,               0.045043,             0.00014405,                0.50045,                0.49955,               0.027427,                0.51258,                0.54001,               0.043355,                 0.1463,                0.51817,               0.045052,             0.00046214,                0.50018,                0.49982,                      1
                     68,                0.63896,                0.39735,                 1.3486,                0.02897,                0.00045,                0.83805,                0.83642,                0.86593,                0.72902,                 0.6481,                 0.3982,                 1.4498,                0.02752,                0.00039,               0.003367,               0.003367,               0.003367,                 0.4994,                 0.5006,               0.038692,                0.45523,                0.49392,               0.052547,                0.14434,                 0.5182,               0.044922,             0.00014073,                0.50046,                0.49954,                0.02758,                0.51803,                0.54561,                0.04342,                0.14657,                0.51824,               0.044941,             0.00044714,                0.50018,                0.49982,                      1
                     69,                0.62548,                0.38059,                 1.3331,                0.02906,                0.00045,                0.84065,                0.83391,                0.86586,                0.72885,                0.64816,                0.39819,                 1.4498,                0.02752,                0.00039,               0.003268,               0.003268,               0.003268,                0.49924,                0.50076,               0.038339,                0.45521,                0.49355,               0.052355,                 0.1439,                0.51824,               0.045019,             0.00019212,                 0.5004,                 0.4996,               0.027217,                0.51836,                0.54558,               0.043261,                0.14649,                0.51751,               0.045009,             0.00063556,                0.50016,                0.49984,                      1
                     70,                 0.6227,                0.37748,                 1.3314,                0.02903,                0.00045,                0.83986,                0.83492,                0.86574,                0.72899,                0.64828,                0.39831,                 1.4501,                0.02752,                0.00039,               0.003169,               0.003169,               0.003169,                0.49924,                0.50076,               0.038372,                0.45559,                0.49396,               0.052402,                0.14398,                0.51823,               0.045019,             0.00019304,                 0.5004,                 0.4996,               0.027174,                0.51854,                0.54572,               0.043224,                0.14645,                0.51751,               0.045009,             0.00063387,                0.50016,                0.49984,                      1
                     71,                0.63922,                0.39749,                 1.3496,                0.02903,                0.00045,                0.83893,                0.83541,                0.86545,                0.72835,                0.64836,                0.39841,                 1.4499,                0.02752,                0.00039,                0.00307,                0.00307,                0.00307,                0.49923,                0.50077,               0.038226,                0.45177,                   0.49,               0.051979,                0.14325,                0.51842,               0.044565,             0.00018868,                 0.5004,                 0.4996,               0.027454,                0.51457,                0.54203,               0.043209,                0.14567,                0.51766,               0.044557,              0.0006184,                0.50016,                0.49984,                      1
                     72,                0.63918,                0.39691,                 1.3526,                0.02935,                0.00045,                0.83904,                0.83525,                0.86497,                  0.728,                0.64835,                0.39852,                   1.45,                0.02752,                0.00039,               0.002971,               0.002971,               0.002971,                0.49927,                0.50073,               0.038676,                0.45175,                0.49043,               0.052739,                0.14484,                 0.5185,               0.045055,             0.00018463,                0.50041,                0.49959,               0.027732,                0.51345,                0.54118,                0.04379,                0.14711,                0.51782,                0.04504,             0.00060211,                0.50017,                0.49983,                      1
                     73,                0.63924,                0.39583,                 1.3526,                0.02913,                0.00045,                0.84066,                0.83313,                0.86477,                0.72802,                0.64839,                0.39852,                   1.45,                0.02751,                0.00039,               0.002872,               0.002872,               0.002872,                 0.4993,                 0.5007,               0.038133,                0.45097,                0.48911,                0.05182,                0.14307,                 0.5186,                0.04486,             0.00017912,                0.50041,                0.49959,               0.027229,                0.51455,                0.54178,               0.042924,                0.14576,                0.51784,               0.044857,             0.00058637,                0.50017,                0.49983,                      1
                     74,                0.63438,                0.39153,                 1.3418,                 0.0291,                0.00045,                 0.8333,                0.83974,                0.86443,                0.72774,                0.64838,                 0.3987,                 1.4508,                0.02751,                0.00039,               0.002773,               0.002773,               0.002773,                0.49933,                0.50067,               0.038631,                0.45468,                0.49331,               0.052586,                0.14449,                0.51865,               0.044576,             0.00017434,                0.50042,                0.49958,               0.028008,                0.51591,                0.54391,               0.043921,                 0.1469,                0.51787,               0.044579,             0.00055973,                0.50017,                0.49983,                      1
                     75,                0.63515,                0.39326,                 1.3441,                0.02907,                0.00045,                0.83742,                0.83534,                0.86444,                0.72749,                0.64845,                0.39878,                 1.4511,                 0.0275,                0.00039,               0.002674,               0.002674,               0.002674,                0.49935,                0.50065,               0.038472,                0.45518,                0.49365,               0.052432,                0.14455,                0.51858,               0.044863,             0.00017159,                0.50043,                0.49957,               0.027364,                0.51592,                0.54329,               0.043269,                 0.1462,                0.51792,               0.044862,              0.0005491,                0.50017,                0.49983,                      1
                     76,                0.63186,                0.38932,                 1.3473,                0.02889,                0.00045,                0.83532,                0.83704,                 0.8641,                0.72736,                0.64841,                0.39883,                 1.4515,                 0.0275,                0.00039,               0.002575,               0.002575,               0.002575,                0.49938,                0.50062,               0.037999,                0.45468,                0.49268,               0.051791,                0.14356,                0.51839,               0.045177,             0.00016707,                0.50043,                0.49957,               0.027098,                0.51783,                0.54492,               0.042871,                0.14569,                0.51787,                0.04517,             0.00053612,                0.50017,                0.49983,                      1
                     77,                0.63238,                0.39062,                 1.3504,                0.02906,                0.00045,                 0.8362,                0.83705,                0.86411,                0.72722,                0.64834,                 0.3988,                 1.4518,                0.02749,                0.00039,               0.002476,               0.002476,               0.002476,                 0.4994,                 0.5006,               0.037941,                0.45331,                0.49125,               0.051737,                0.14355,                 0.5183,               0.045243,             0.00016314,                0.50044,                0.49956,               0.027427,                0.51631,                0.54374,               0.043224,                0.14605,                0.51791,               0.045248,             0.00052341,                0.50017,                0.49983,                      1
                     78,                0.63514,                 0.3904,                 1.3468,                0.02877,                0.00045,                0.83618,                0.83755,                0.86424,                0.72742,                0.64819,                0.39872,                  1.452,                0.02749,                0.00039,               0.002377,               0.002377,               0.002377,                0.49943,                0.50057,               0.037805,                 0.4573,                 0.4951,               0.051564,                0.14368,                0.51818,               0.045027,             0.00016004,                0.50045,                0.49955,               0.027062,                0.51937,                0.54643,               0.042776,                0.14574,                0.51789,               0.045045,             0.00051087,                0.50017,                0.49983,                      1
                     79,                0.63071,                0.38626,                  1.345,                0.02877,                0.00045,                 0.8371,                0.83625,                0.86428,                0.72731,                0.64815,                0.39859,                  1.452,                0.02748,                0.00039,               0.002278,               0.002278,               0.002278,                0.49943,                0.50057,               0.037568,                0.45596,                0.49353,               0.051381,                0.14333,                0.51819,                0.04477,             0.00015619,                0.50045,                0.49955,               0.026719,                0.51933,                0.54605,               0.042532,                0.14571,                0.51798,               0.044775,              0.0004946,                0.50017,                0.49983,                      1
                     80,                0.62588,                0.38214,                 1.3452,                0.02882,                0.00045,                0.83728,                0.83589,                0.86414,                0.72698,                0.64811,                0.39857,                 1.4523,                0.02747,                0.00039,               0.002179,               0.002179,               0.002179,                0.49947,                0.50053,               0.037135,                0.45679,                0.49393,               0.051038,                0.14375,                0.51825,               0.045077,              0.0001546,                0.50046,                0.49954,               0.026998,                0.51873,                0.54573,               0.042872,                0.14587,                0.51806,               0.045075,             0.00049098,                0.50017,                0.49983,                      1
                     81,                0.62695,                0.38243,                 1.3429,                0.02893,                0.00045,                  0.837,                0.83417,                0.86382,                0.72697,                0.64811,                0.39854,                 1.4526,                0.02747,                0.00039,                0.00208,                0.00208,                0.00208,                0.49951,                0.50049,               0.037868,                0.45513,                  0.493,               0.051872,                0.14416,                0.51818,               0.044738,             0.00015147,                0.50046,                0.49954,               0.027041,                0.51973,                0.54677,               0.043128,                0.14702,                0.51812,                0.04473,              0.0004839,                0.50017,                0.49983,                      1
                     82,                0.60988,                0.36383,                 1.3213,                0.02891,                0.00045,                0.83689,                0.83461,                0.86378,                0.72663,                0.64829,                0.39863,                 1.4526,                0.02747,                0.00039,               0.001981,               0.001981,               0.001981,                0.49929,                0.50071,               0.037895,                0.45718,                0.49507,               0.051971,                0.14388,                0.51825,                0.04502,             0.00018458,                0.50041,                0.49959,               0.026675,                 0.5197,                0.54638,               0.042764,                0.14611,                0.51761,                0.04501,             0.00060122,                0.50017,                0.49983,                      1
                     83,                0.62334,                0.38283,                 1.3466,                0.02903,                0.00045,                0.83566,                0.83487,                0.86331,                0.72674,                0.64835,                 0.3988,                 1.4529,                0.02747,                0.00039,               0.001882,               0.001882,               0.001882,                0.49928,                0.50072,               0.038203,                0.45335,                0.49155,               0.052188,                0.14411,                0.51822,               0.045085,             0.00018174,                0.50041,                0.49959,                0.02741,                  0.517,                0.54441,                0.04344,                0.14656,                0.51763,               0.045078,             0.00059688,                0.50017,                0.49983,                      1
                     84,                0.62388,                0.38067,                 1.3525,                0.02897,                0.00045,                0.83628,                0.83489,                0.86317,                 0.7263,                0.64838,                0.39892,                 1.4534,                0.02747,                0.00039,               0.001783,               0.001783,               0.001783,                0.49931,                0.50069,               0.038175,                0.45453,                0.49271,               0.052097,                0.14408,                0.51822,               0.044833,             0.00017859,                0.50042,                0.49958,               0.027129,                0.51703,                0.54416,               0.043051,                0.14611,                0.51763,               0.044847,             0.00057933,                0.50017,                0.49983,                      1
                     85,                0.62882,                0.38394,                 1.3417,                 0.0291,                0.00045,                0.83432,                0.83596,                0.86298,                0.72622,                0.64853,                0.39898,                 1.4536,                0.02747,                0.00039,               0.001684,               0.001684,               0.001684,                0.49933,                0.50067,               0.037603,                0.45118,                0.48879,               0.051435,                0.14342,                0.51824,               0.044674,             0.00017619,                0.50042,                0.49958,               0.027089,                0.51523,                0.54232,               0.042967,                0.14597,                0.51766,               0.044682,             0.00056783,                0.50017,                0.49983,                      1
                     86,                0.62723,                0.38263,                 1.3448,                0.02887,                0.00044,                0.83891,                 0.8317,                0.86287,                0.72598,                0.64864,                0.39892,                 1.4535,                0.02746,                0.00039,               0.001585,               0.001585,               0.001585,                0.49935,                0.50065,               0.038187,                0.45509,                0.49327,               0.051964,                0.14395,                0.51828,               0.044287,             0.00017358,                0.50043,                0.49957,               0.027069,                0.52005,                0.54712,               0.042889,                0.14598,                0.51772,               0.044306,             0.00056192,                0.50017,                0.49983,                      1
                     87,                0.62511,                0.38114,                 1.3434,                0.02882,                0.00045,                 0.8409,                0.83032,                0.86281,                0.72594,                0.64873,                0.39888,                 1.4536,                0.02746,                0.00039,               0.001486,               0.001486,               0.001486,                0.49937,                0.50063,               0.037742,                0.45481,                0.49256,               0.051502,                0.14347,                 0.5183,               0.044704,             0.00017115,                0.50043,                0.49957,               0.026783,                0.51838,                0.54516,               0.042548,                0.14549,                 0.5178,               0.044709,             0.00055162,                0.50017,                0.49983,                      1
                     88,                0.62097,                0.37695,                 1.3407,                0.02895,                0.00045,                0.83716,                0.83342,                0.86239,                0.72578,                0.64873,                0.39892,                  1.454,                0.02746,                0.00039,               0.001387,               0.001387,               0.001387,                0.49938,                0.50062,               0.037873,                0.45382,                0.49169,               0.051739,                0.14384,                0.51829,               0.044745,             0.00016953,                0.50044,                0.49956,               0.027143,                 0.5183,                0.54544,               0.043048,                0.14645,                 0.5178,               0.044734,             0.00054748,                0.50017,                0.49983,                      1
                     89,                 0.6164,                0.37326,                 1.3415,                0.02911,                0.00045,                0.83823,                0.83282,                0.86234,                0.72571,                0.64873,                0.39906,                 1.4544,                0.02745,                0.00039,               0.001288,               0.001288,               0.001288,                 0.4994,                 0.5006,               0.037954,                0.45663,                0.49459,               0.052299,                 0.1451,                 0.5182,               0.045085,             0.00016761,                0.50044,                0.49956,                0.02708,                0.51806,                0.54514,               0.043436,                0.14723,                0.51775,               0.045059,             0.00053423,                0.50017,                0.49983,                      1
                     90,                0.61929,                0.37625,                 1.3329,                0.02872,                0.00045,                0.83741,                0.83268,                0.86205,                 0.7259,                0.64881,                0.39908,                 1.4545,                0.02745,                0.00039,               0.001189,               0.001189,               0.001189,                0.49941,                0.50059,               0.037462,                0.45751,                0.49498,               0.051286,                0.14364,                0.51823,               0.044822,             0.00016554,                0.50045,                0.49955,               0.026839,                0.52013,                0.54697,                0.04265,                0.14574,                0.51776,               0.044822,             0.00052706,                0.50017,                0.49983,                      1
                     91,                 0.6174,                0.37179,                 1.3309,                0.02872,                0.00045,                0.83986,                0.83171,                0.86195,                0.72568,                0.64881,                0.39901,                 1.4548,                0.02745,                0.00039,                0.00109,                0.00109,                0.00109,                0.49942,                0.50058,               0.037714,                0.45914,                0.49686,               0.051763,                0.14439,                0.51822,               0.044714,             0.00016445,                0.50045,                0.49955,               0.026693,                0.52223,                0.54892,                0.04275,                0.14626,                0.51776,               0.044684,             0.00052052,                0.50017,                0.49983,                      1
