                  epoch,         train/box_loss,         train/cls_loss,         train/dfl_loss,   train/ir_prompt_loss,  train/rgb_prompt_loss,   metrics/precision(B),      metrics/recall(B),       metrics/mAP50(B),    metrics/mAP50-95(B),           val/box_loss,           val/cls_loss,           val/dfl_loss,     val/ir_prompt_loss,    val/rgb_prompt_loss,                 lr/pg0,                 lr/pg1,                 lr/pg2,       p2/P3_ir_bg_mean,     p2/P3_ir_fg_bg_gap,       p2/P3_ir_fg_mean,   p2/P3_ir_prompt_mean,    p2/P3_ir_prompt_std,  p2/P3_rgb_prompt_mean,   p2/P3_rgb_prompt_mse,   p2/P3_rgb_prompt_std,p2/P4_gder_attention_weight,p2/P4_gder_modality_weight,       p2/P4_ir_bg_mean,     p2/P4_ir_fg_bg_gap,       p2/P4_ir_fg_mean,   p2/P4_ir_prompt_mean,    p2/P4_ir_prompt_std,  p2/P4_rgb_prompt_mean,   p2/P4_rgb_prompt_mse,   p2/P4_rgb_prompt_std,p2/P5_gder_attention_weight,p2/P5_gder_modality_weight,p2/prompt_warmup_factor
                      1,                 1.3316,                 1.4608,                 1.6034,                      0,                      0,                0.50652,                0.54148,                0.50114,                0.37784,                0.85597,                0.79582,                 1.5228,                      0,                      0,               0.070106,              0.0033215,              0.0033215,                0.10768,              0.0010532,                0.10873,                0.10771,              0.0033253,                0.49469,               0.045624,               0.005794,                    0.5,                    0.5,                0.10295,             0.00065944,                 0.1036,                0.10297,              0.0065094,                0.51974,               0.045221,               0.013955,                    0.5,                    0.5,                      0
                      2,                 1.0688,                0.89692,                 1.4191,                0.00466,                  5e-05,                0.56753,                0.66866,                0.61589,                0.47026,                0.81059,                0.64353,                 1.4465,                0.00437,                  4e-05,                0.04004,               0.006589,               0.006589,                0.11579,              0.0011462,                0.11694,                0.11583,              0.0034402,                0.49529,               0.045578,              0.0058512,                    0.5,                    0.5,                0.11072,              0.0011312,                0.11185,                0.11076,               0.007293,                0.51968,               0.045096,               0.013878,                0.50001,                0.49999,                    0.1
                      3,                0.88852,                 0.6911,                 1.4078,                0.00905,                  9e-05,                0.49481,                0.53123,                0.51963,                0.38588,                0.87487,                0.78787,                 1.6053,                0.00856,                  8e-05,              0.0099086,              0.0097904,              0.0097904,                0.14824,              0.0030678,                 0.1513,                0.14833,              0.0062351,                0.49706,               0.045409,              0.0055849,                0.50001,                0.49999,                0.16319,              0.0051816,                0.16837,                0.16335,               0.017857,                0.51944,               0.045033,               0.013585,                0.50001,                0.49999,                    0.2
                      4,                0.80349,                0.60467,                 1.4279,                0.01322,                0.00014,                0.64772,                0.69678,                0.68382,                 0.5354,                0.76167,                 0.5655,                 1.5065,                 0.0128,                0.00012,               0.009703,               0.009703,               0.009703,                0.22757,               0.018299,                0.24587,                0.22813,               0.025671,                0.49983,               0.045197,              0.0049599,                0.50001,                0.49999,                0.22397,               0.014263,                0.23823,                0.22441,               0.033584,                0.51894,               0.044932,               0.012669,                0.50001,                0.49999,                    0.3
                      5,                0.78823,                0.58082,                  1.419,                0.01752,                0.00018,                 0.6689,                0.72298,                0.72613,                0.57479,                0.74083,                0.54495,                 1.5223,                0.01684,                0.00016,               0.009604,               0.009604,               0.009604,                0.23055,               0.024733,                0.25529,                 0.2313,               0.031441,                0.50305,               0.044881,              0.0043675,                0.50001,                0.49999,                0.22461,               0.019703,                0.24432,                0.22522,               0.035243,                0.51833,               0.044741,               0.011971,                0.50001,                0.49999,                    0.4
                      6,                0.77262,                0.56121,                  1.402,                 0.0219,                0.00023,                0.66358,                0.66529,                0.69098,                0.52889,                0.76735,                0.60055,                  1.531,                0.02109,                 0.0002,               0.009505,               0.009505,               0.009505,                0.23135,                0.03485,                 0.2662,                0.23243,                0.03791,                0.50585,               0.045538,              0.0038995,                0.50001,                0.49999,                0.22623,               0.027348,                0.25358,                0.22709,                0.03753,                0.51746,               0.045559,               0.011084,                0.50001,                0.49999,                    0.5
                      7,                0.76466,                0.54774,                 1.4037,                0.02603,                0.00027,                0.75131,                0.74928,                0.78783,                0.63652,                0.71655,                0.50011,                 1.4862,                0.02506,                0.00024,               0.009406,               0.009406,               0.009406,                0.22843,               0.046903,                0.27534,                0.22988,               0.045443,                0.50876,               0.045143,               0.003525,                0.50001,                0.49999,                0.22417,               0.038397,                0.26257,                0.22537,               0.041101,                0.51688,               0.045144,                0.01024,                0.50002,                0.49998,                    0.6
                      8,                0.75865,                0.54311,                 1.4037,                0.02988,                0.00032,                0.73022,                0.71684,                0.75378,                 0.6027,                0.72721,                0.51266,                 1.4823,                0.02861,                0.00028,               0.009307,               0.009307,               0.009307,                 0.2245,               0.068272,                0.29277,                0.22659,                0.05604,                0.51108,               0.045104,              0.0031662,                0.50001,                0.49999,                0.22148,               0.061536,                0.28302,                0.22338,               0.048451,                0.51623,               0.045109,              0.0095926,                0.50002,                0.49998,                    0.7
                      9,                 0.7546,                0.53458,                 1.3909,                0.03306,                0.00036,                 0.7527,                0.76625,                0.79531,                0.64324,                0.70802,                0.48601,                  1.463,                0.03123,                0.00032,               0.009208,               0.009208,               0.009208,                0.20627,                0.12094,                0.32721,                0.20998,               0.075649,                0.51319,               0.045103,              0.0029169,                0.50001,                0.49999,                 0.2048,                0.11932,                0.32411,                0.20848,               0.064547,                0.51591,               0.045145,              0.0090312,                0.50002,                0.49998,                    0.8
                     10,                0.74855,                0.53105,                 1.3856,                0.03496,                 0.0004,                0.74691,                0.77338,                0.79915,                0.65026,                0.70067,                 0.4807,                  1.466,                0.03289,                0.00036,               0.009109,               0.009109,               0.009109,                0.15526,                0.23297,                0.38823,                0.16239,                 0.1069,                0.51467,               0.044845,              0.0026798,                0.50001,                0.49999,                0.16287,                0.22061,                0.38349,                0.16966,               0.093258,                0.51551,               0.044862,              0.0084255,                0.50002,                0.49998,                    0.9
                     11,                0.74437,                0.52303,                 1.3896,                 0.0368,                0.00045,                0.76714,                0.72893,                0.78478,                0.63726,                0.71455,                0.50712,                 1.4818,                0.03519,                 0.0004,                0.00901,                0.00901,                0.00901,                0.11333,                0.31423,                0.42756,                0.12286,                0.12275,                0.51606,               0.045059,              0.0024651,                0.50001,                0.49999,                 0.1259,                0.29852,                0.42442,                0.13501,                0.11321,                0.51541,               0.045094,              0.0078324,                0.50002,                0.49998,                      1
                     12,                 0.7399,                0.51764,                 1.3843,                0.03561,                0.00045,                0.78376,                0.76546,                0.81171,                0.66355,                0.69164,                0.47135,                 1.4563,                0.03368,                 0.0004,               0.008911,               0.008911,               0.008911,                0.09002,                0.35428,                 0.4443,                 0.1009,                0.13084,                  0.517,               0.045215,              0.0022671,                0.50001,                0.49999,                0.10506,                0.33744,                 0.4425,                0.11547,                  0.123,                0.51525,               0.045253,              0.0073062,                0.50002,                0.49998,                      1
                     13,                0.73539,                0.51701,                 1.3841,                0.03493,                0.00045,                0.77614,                0.77628,                0.81476,                0.66532,                0.69249,                0.46185,                 1.4617,                0.03305,                 0.0004,               0.008812,               0.008812,               0.008812,                0.07824,                0.37276,                  0.451,               0.089756,                0.13487,                0.51734,               0.045005,              0.0021098,                0.50001,                0.49999,               0.089258,                0.36654,                0.45579,                0.10064,                0.12827,                0.51493,               0.045057,              0.0068679,                0.50002,                0.49998,                      1
                     14,                0.73111,                0.51189,                 1.3811,                0.03418,                0.00045,                0.77101,                 0.7629,                 0.8001,                0.65777,                0.68535,                0.46438,                  1.471,                0.03244,                 0.0004,               0.008713,               0.008713,               0.008713,               0.069811,                 0.3873,                0.45711,               0.081706,                0.13722,                  0.518,                0.04507,              0.0019691,                0.50001,                0.49999,               0.077285,                 0.3895,                0.46678,               0.089317,                0.13242,                0.51493,               0.045105,               0.006424,                0.50002,                0.49998,                      1
                     15,                0.73099,                0.50803,                 1.3835,                0.03368,                0.00045,                0.81002,                 0.7691,                0.82731,                0.68076,                 0.6846,                0.45769,                 1.4626,                0.03206,                 0.0004,               0.008614,               0.008614,               0.008614,                0.06543,                0.39543,                0.46086,                 0.0775,                0.13885,                0.51804,               0.044705,              0.0018192,                0.50001,                0.49999,                0.06752,                0.40966,                0.47718,               0.080096,                0.13597,                0.51472,               0.044746,              0.0060107,                0.50002,                0.49998,                      1
                     16,                 0.7266,                0.50134,                 1.3774,                0.03311,                0.00045,                  0.799,                0.78461,                 0.8326,                0.68318,                0.67914,                0.45157,                 1.4443,                0.03138,                 0.0004,               0.008515,               0.008515,               0.008515,               0.061974,                 0.4035,                0.46547,               0.074318,                 0.1404,                0.51832,               0.044703,              0.0016835,                0.50001,                0.49999,               0.059278,                0.42651,                0.48578,                0.07239,                  0.139,                0.51473,                0.04476,              0.0056537,                0.50002,                0.49998,                      1
                     17,                 0.7242,                0.50064,                 1.3818,                0.03286,                0.00045,                0.73448,                0.78011,                0.79156,                0.64207,                0.70347,                0.47875,                 1.5031,                0.03134,                 0.0004,               0.008416,               0.008416,               0.008416,               0.058938,                0.40389,                0.46283,               0.071338,                0.14062,                 0.5188,               0.044656,              0.0015644,                0.50001,                0.49999,               0.050292,                0.43764,                0.48794,               0.063797,                0.14117,                0.51485,               0.044696,              0.0052656,                0.50002,                0.49998,                      1
                     18,                0.71862,                0.49576,                 1.3747,                0.03268,                0.00045,                0.75796,                0.78197,                0.81789,                0.66671,                 0.6909,                0.46469,                 1.4654,                0.03077,                 0.0004,               0.008317,               0.008317,               0.008317,               0.057094,                0.40539,                0.46249,               0.069709,                0.14101,                0.51874,               0.045313,              0.0014567,                0.50001,                0.49999,               0.045317,                 0.4464,                0.49172,               0.059291,                0.14353,                0.51477,               0.045301,              0.0049406,                0.50002,                0.49998,                      1
                     19,                0.71765,                0.49294,                 1.3814,                0.03253,                0.00045,                0.81563,                0.77208,                 0.8344,                0.68733,                0.68323,                0.44743,                  1.465,                0.03059,                 0.0004,               0.008218,               0.008218,               0.008218,               0.054985,                0.40652,                0.46151,               0.067561,                0.14139,                0.51874,               0.045096,               0.001366,                0.50001,                0.49999,               0.041273,                0.45384,                0.49511,               0.055393,                0.14395,                0.51473,               0.045084,              0.0045956,                0.50003,                0.49997,                      1
                     20,                0.71815,                0.49358,                 1.3748,                0.03194,                0.00045,                0.80357,                0.79028,                0.83839,                0.69063,                 0.6779,                0.44586,                 1.4314,                0.03024,                 0.0004,               0.008119,               0.008119,               0.008119,                0.05357,                0.41443,                  0.468,               0.066168,                 0.1418,                0.51912,               0.044675,              0.0012709,                0.50002,                0.49998,               0.038435,                0.46423,                0.50267,               0.052625,                 0.1441,                0.51496,               0.044682,              0.0043451,                0.50003,                0.49997,                      1
                     21,                0.71716,                0.48948,                 1.3769,                0.03164,                0.00045,                0.80561,                0.79759,                0.84505,                0.69466,                0.67742,                0.43632,                 1.4815,                0.02996,                 0.0004,                0.00802,                0.00802,                0.00802,               0.052033,                0.41519,                0.46722,               0.064521,                0.14067,                0.51909,               0.044846,              0.0011952,                0.50002,                0.49998,               0.037256,                0.46961,                0.50686,               0.051458,                0.14455,                0.51501,                0.04487,              0.0040925,                0.50003,                0.49997,                      1
                     22,                0.70873,                 0.4862,                  1.374,                0.03167,                0.00045,                0.81186,                0.79746,                 0.8403,                0.69582,                0.66853,                0.43234,                 1.4517,                0.02992,                 0.0004,               0.007921,               0.007921,               0.007921,               0.051427,                0.41883,                0.47026,                 0.0643,                0.14265,                0.51905,               0.044872,              0.0011224,                0.50002,                0.49998,               0.036594,                0.47404,                0.51063,                0.05124,                0.14605,                0.51508,                0.04488,              0.0038642,                0.50003,                0.49997,                      1
                     23,                0.71161,                0.48539,                 1.3841,                0.03144,                0.00045,                0.82486,                 0.8139,                0.85548,                 0.7092,                0.66753,                0.42993,                 1.4452,                0.02975,                 0.0004,               0.007822,               0.007822,               0.007822,               0.050142,                0.41829,                0.46843,               0.062739,                0.14151,                0.51865,                0.04478,              0.0010457,                0.50002,                0.49998,               0.035426,                0.47465,                0.51007,               0.049801,                0.14477,                0.51492,               0.044792,               0.003643,                0.50003,                0.49997,                      1
                     24,                0.70804,                0.48329,                 1.3769,                0.03148,                0.00045,                0.81054,                0.80137,                0.84614,                0.70077,                0.66729,                0.42969,                 1.4402,                0.02956,                 0.0004,               0.007723,               0.007723,               0.007723,                0.04912,                0.42112,                0.47024,               0.062066,                0.14258,                0.51851,               0.044994,             0.00098316,                0.50002,                0.49998,               0.034691,                0.47839,                0.51308,               0.049463,                0.14574,                0.51491,               0.045003,              0.0034325,                0.50003,                0.49997,                      1
                     25,                0.70505,                0.47376,                 1.3755,                0.03148,                0.00045,                0.82224,                0.81582,                0.85427,                0.70821,                0.66536,                0.42575,                 1.4382,                0.02934,                 0.0004,               0.007624,               0.007624,               0.007624,               0.048859,                0.42311,                0.47197,               0.061969,                0.14341,                0.51852,               0.044676,             0.00092045,                0.50002,                0.49998,                0.03428,                 0.4795,                0.51378,               0.049226,                0.14652,                0.51502,               0.044686,              0.0032335,                0.50003,                0.49997,                      1
                     26,                0.70176,                0.47238,                  1.377,                 0.0309,                0.00045,                0.80532,                0.81033,                0.84536,                  0.703,                0.66382,                0.42557,                 1.4405,                0.02935,                 0.0004,               0.007525,               0.007525,               0.007525,               0.047803,                0.42835,                0.47615,               0.060805,                0.14284,                0.51833,               0.044719,             0.00086855,                0.50003,                0.49997,               0.033838,                0.48622,                0.52006,                0.04868,                0.14623,                0.51503,                0.04471,               0.003003,                0.50003,                0.49997,                      1
                     27,                0.69687,                0.47156,                 1.3701,                0.03128,                0.00045,                0.80909,                0.79405,                0.84808,                0.70414,                0.66504,                0.42814,                 1.4643,                0.02928,                 0.0004,               0.007426,               0.007426,               0.007426,               0.047956,                0.42404,                  0.472,               0.061126,                0.14362,                0.51833,                0.04482,             0.00081027,                0.50003,                0.49997,               0.033676,                0.48265,                0.51632,               0.048756,                0.14658,                 0.5151,               0.044814,              0.0028269,                0.50003,                0.49997,                      1
                     28,                0.69802,                0.46892,                 1.3701,                0.03094,                0.00045,                0.82202,                0.82087,                0.86421,                  0.717,                0.66216,                 0.4216,                 1.4348,                0.02917,                 0.0004,               0.007327,               0.007327,               0.007327,                0.04705,                0.42749,                0.47454,               0.060097,                0.14319,                 0.5183,               0.044973,             0.00076804,                0.50003,                0.49997,                0.03324,                0.48887,                0.52211,               0.048241,                0.14657,                0.51515,               0.044961,              0.0026593,                0.50003,                0.49997,                      1
                     29,                0.69818,                0.46871,                 1.3772,                0.03082,                0.00045,                0.82269,                0.80656,                0.85454,                0.71058,                0.65968,                0.41757,                 1.4487,                 0.0291,                 0.0004,               0.007228,               0.007228,               0.007228,               0.046062,                 0.4293,                0.47536,               0.059105,                0.14278,                0.51801,               0.045002,             0.00072522,                0.50003,                0.49997,               0.032801,                0.48771,                0.52052,               0.047693,                0.14595,                0.51511,               0.044999,              0.0025023,                0.50004,                0.49996,                      1
                     30,                0.69544,                0.46654,                 1.3692,                0.03074,                0.00045,                0.81825,                0.81231,                0.85158,                0.70946,                0.65985,                0.41608,                  1.455,                0.02895,                 0.0004,               0.007129,               0.007129,               0.007129,               0.046135,                0.43135,                0.47748,               0.059252,                0.14315,                0.51788,               0.045107,             0.00068694,                0.50003,                0.49997,               0.032817,                0.48779,                0.52061,               0.047734,                0.14567,                0.51508,               0.045119,              0.0023543,                0.50004,                0.49996,                      1
                     31,                0.69902,                0.46806,                 1.3755,                0.03073,                0.00045,                 0.8171,                0.82643,                0.86238,                0.71584,                0.66009,                0.41686,                 1.4579,                0.02889,                 0.0004,                0.00703,                0.00703,                0.00703,               0.044897,                 0.4294,                 0.4743,               0.057963,                0.14296,                0.51811,               0.044935,              0.0006459,                0.50004,                0.49996,               0.031871,                0.48727,                0.51914,               0.046768,                0.14553,                0.51529,               0.044963,              0.0022103,                0.50004,                0.49996,                      1
                     32,                0.69287,                0.46133,                 1.3742,                0.03067,                0.00045,                0.81453,                0.82421,                0.86088,                0.71836,                0.65785,                0.41219,                 1.4433,                 0.0288,                 0.0004,               0.006931,               0.006931,               0.006931,                0.04606,                0.43185,                0.47791,               0.059258,                0.14385,                0.51821,               0.044821,             0.00060284,                0.50004,                0.49996,               0.032625,                0.49135,                0.52397,               0.047744,                0.14663,                0.51538,               0.044832,              0.0020892,                0.50004,                0.49996,                      1
                     33,                0.69348,                 0.4621,                 1.3666,                0.03053,                0.00045,                0.82502,                0.80874,                0.85986,                0.71707,                0.65608,                0.41359,                 1.4474,                0.02874,                 0.0004,               0.006832,               0.006832,               0.006832,               0.044659,                0.43122,                0.47588,               0.057734,                0.14284,                0.51841,               0.044731,             0.00057151,                0.50004,                0.49996,               0.031718,                0.49164,                0.52336,               0.046691,                0.14592,                0.51553,               0.044739,               0.001978,                0.50004,                0.49996,                      1
                     34,                0.68835,                0.45651,                 1.3681,                0.03043,                0.00044,                0.81075,                0.80736,                0.84754,                0.70659,                0.65696,                0.41618,                 1.4538,                0.02866,                 0.0004,               0.006733,               0.006733,               0.006733,               0.043973,                0.43447,                0.47844,               0.057215,                0.14331,                0.51861,               0.044474,              0.0005432,                0.50005,                0.49995,                0.03118,                0.49436,                0.52554,               0.046328,                0.14608,                0.51573,               0.044487,              0.0018575,                0.50004,                0.49996,                      1
                     35,                0.69056,                0.45728,                 1.3716,                0.03045,                0.00045,                0.83898,                0.81329,                0.86262,                0.72222,                0.65557,                0.40786,                 1.4483,                0.02853,                 0.0004,               0.006634,               0.006634,               0.006634,               0.043855,                0.43412,                0.47797,               0.057003,                0.14295,                0.51854,               0.044763,             0.00051022,                0.50005,                0.49995,               0.031142,                0.49625,                0.52739,               0.046248,                0.14627,                0.51588,               0.044774,              0.0017614,                0.50004,                0.49996,                      1
                     36,                0.68533,                0.45205,                 1.3631,                0.03046,                0.00045,                 0.8392,                0.81145,                0.86565,                0.72457,                0.65413,                0.40739,                 1.4455,                0.02846,                0.00039,               0.006535,               0.006535,               0.006535,               0.043904,                0.43395,                0.47785,               0.057226,                0.14321,                0.51871,               0.045138,             0.00048478,                0.50005,                0.49995,               0.030979,                0.49404,                0.52501,               0.046235,                0.14618,                0.51614,               0.045149,              0.0016688,                0.50004,                0.49996,                      1
                     37,                0.68009,                0.44934,                 1.3613,                0.03016,                0.00045,                0.81834,                0.82244,                0.86234,                0.72162,                0.65358,                0.40758,                 1.4403,                0.02842,                 0.0004,               0.006436,               0.006436,               0.006436,               0.042552,                0.43692,                0.47947,               0.055882,                 0.1429,                0.51863,               0.045145,             0.00046228,                0.50005,                0.49995,               0.030467,                0.49686,                0.52733,               0.045704,                0.14563,                 0.5162,               0.045136,              0.0015895,                0.50005,                0.49995,                      1
                     38,                0.68375,                0.45054,                 1.3692,                 0.0302,                0.00045,                0.82584,                0.82427,                 0.8633,                0.72218,                0.65336,                 0.4061,                 1.4526,                0.02839,                 0.0004,               0.006337,               0.006337,               0.006337,               0.042143,                 0.4389,                0.48105,               0.055524,                0.14317,                 0.5185,                0.04457,             0.00043787,                0.50005,                0.49995,               0.030369,                0.49848,                0.52885,               0.045638,                0.14604,                0.51621,               0.044586,               0.001492,                0.50005,                0.49995,                      1
                     39,                0.67987,                0.44546,                 1.3689,                0.03009,                0.00045,                0.83119,                 0.8207,                0.86429,                0.72312,                0.65263,                0.40388,                 1.4423,                0.02825,                 0.0004,               0.006238,               0.006238,               0.006238,                0.04244,                0.43819,                0.48063,               0.055878,                0.14311,                0.51846,                 0.0447,             0.00041752,                0.50006,                0.49994,               0.030169,                0.49988,                0.53005,               0.045578,                0.14639,                0.51624,               0.044709,              0.0014226,                0.50005,                0.49995,                      1
                     40,                0.67731,                0.44594,                 1.3634,                0.03013,                0.00045,                0.84546,                0.81462,                0.86874,                0.72666,                0.65215,                 0.4019,                 1.4456,                0.02822,                0.00039,               0.006139,               0.006139,               0.006139,               0.041847,                0.43749,                0.47934,               0.055211,                0.14307,                0.51871,               0.044813,             0.00039722,                0.50006,                0.49994,               0.029628,                0.49818,                 0.5278,               0.044929,                0.14555,                0.51641,               0.044823,              0.0013482,                0.50005,                0.49995,                      1
                     41,                0.67713,                0.44102,                 1.3708,                0.03017,                0.00045,                0.83864,                0.82512,                0.86848,                0.72722,                0.65125,                0.40208,                 1.4477,                 0.0282,                0.00039,                0.00604,                0.00604,                0.00604,               0.042635,                0.43929,                0.48193,               0.056124,                0.14377,                0.51885,               0.045136,             0.00038053,                0.50006,                0.49994,               0.030292,                0.49939,                0.52968,               0.045697,                0.14644,                0.51658,               0.045117,              0.0012736,                0.50005,                0.49995,                      1
                     42,                0.67497,                0.44034,                 1.3654,                0.03001,                0.00045,                0.84386,                0.81868,                0.87119,                0.72965,                0.65105,                0.40081,                 1.4496,                0.02814,                0.00039,               0.005941,               0.005941,               0.005941,               0.041697,                0.43989,                0.48159,                0.05514,                0.14306,                0.51867,               0.045132,             0.00035983,                0.50007,                0.49993,               0.029914,                0.50112,                0.53104,               0.045287,                0.14619,                0.51659,               0.045149,              0.0012057,                0.50005,                0.49995,                      1
                     43,                0.66991,                0.43854,                 1.3663,                0.02987,                0.00045,                0.83932,                0.82715,                 0.8728,                0.73099,                0.65045,                0.39988,                 1.4485,                0.02809,                0.00039,               0.005842,               0.005842,               0.005842,               0.040995,                0.44285,                0.48384,               0.054554,                0.14303,                0.51885,               0.045033,             0.00034107,                0.50007,                0.49993,                0.02919,                0.50124,                0.53043,               0.044619,                0.14567,                0.51683,                0.04503,               0.001148,                0.50005,                0.49995,                      1
                     44,                0.67103,                0.43536,                 1.3656,                0.02999,                0.00045,                0.84698,                0.81996,                0.87372,                0.73138,                 0.6508,                0.39898,                 1.4507,                0.02806,                0.00039,               0.005743,               0.005743,               0.005743,                0.04189,                0.44186,                0.48375,               0.055536,                0.14411,                0.51884,               0.045138,             0.00032672,                0.50008,                0.49992,               0.029577,                0.50115,                0.53073,               0.045124,                0.14643,                0.51705,                0.04513,              0.0010876,                0.50006,                0.49994,                      1
                     45,                0.67477,                0.43812,                 1.3692,                0.02983,                0.00045,                0.85341,                0.81773,                0.87469,                0.73277,                0.65084,                0.39751,                 1.4497,                0.02802,                0.00039,               0.005644,               0.005644,               0.005644,               0.040768,                0.44125,                0.48202,               0.054195,                0.14291,                0.51887,               0.044883,              0.0003125,                0.50008,                0.49992,               0.029289,                0.50174,                0.53103,               0.044629,                0.14559,                0.51724,               0.044892,              0.0010403,                0.50006,                0.49994,                      1
                     46,                0.67062,                0.43578,                 1.3708,                 0.0298,                0.00045,                0.83999,                0.82913,                0.87331,                0.73163,                0.65045,                0.39747,                 1.4498,                0.02797,                0.00039,               0.005545,               0.005545,               0.005545,               0.040861,                0.44141,                0.48227,               0.054242,                0.14275,                0.51892,               0.044939,             0.00029816,                0.50008,                0.49992,               0.029066,                0.50221,                0.53127,               0.044362,                0.14537,                0.51734,               0.044939,               0.000994,                0.50006,                0.49994,                      1
                     47,                 0.6695,                  0.432,                 1.3629,                0.02976,                0.00045,                0.84007,                0.82964,                0.87259,                0.73146,                0.64964,                0.39735,                 1.4483,                0.02793,                0.00039,               0.005446,               0.005446,               0.005446,               0.040705,                0.44462,                0.48533,               0.054241,                0.14382,                0.51884,               0.044719,             0.00028667,                0.50009,                0.49991,               0.029074,                0.50555,                0.53462,               0.044543,                0.14643,                0.51743,               0.044727,             0.00094276,                0.50006,                0.49994,                      1
                     48,                0.66895,                0.43394,                 1.3657,                0.02978,                0.00045,                 0.8437,                0.82202,                0.86979,                0.72875,                0.64984,                0.39771,                 1.4457,                0.02791,                0.00039,               0.005347,               0.005347,               0.005347,               0.040226,                0.44227,                 0.4825,               0.053731,                0.14315,                0.51856,                0.04501,             0.00027322,                0.50009,                0.49991,               0.028941,                 0.5041,                0.53304,               0.044403,                0.14602,                0.51747,               0.044981,             0.00090449,                0.50006,                0.49994,                      1
                     49,                 0.6656,                0.42927,                 1.3567,                0.02962,                0.00045,                0.84523,                0.82009,                0.86774,                0.72741,                0.64946,                0.39801,                 1.4446,                0.02788,                0.00039,               0.005248,               0.005248,               0.005248,                   0.04,                0.44542,                0.48542,               0.053547,                0.14307,                0.51842,               0.044869,             0.00025797,                 0.5001,                 0.4999,               0.028784,                0.50738,                0.53616,               0.044278,                0.14611,                0.51751,               0.044864,              0.0008519,                0.50006,                0.49994,                      1
                     50,                0.65984,                 0.4236,                  1.362,                0.02974,                0.00045,                0.85138,                0.81601,                0.86681,                0.72695,                0.64915,                0.39773,                  1.447,                0.02784,                0.00039,               0.005149,               0.005149,               0.005149,               0.039883,                0.44507,                0.48495,               0.053654,                0.14379,                0.51841,               0.044856,              0.0002468,                 0.5001,                 0.4999,               0.028687,                0.50522,                 0.5339,               0.044396,                0.14634,                0.51757,               0.044836,             0.00081452,                0.50006,                0.49994,                      1
                     51,                0.66467,                0.42808,                 1.3636,                0.02965,                0.00045,                0.85358,                0.81153,                0.86555,                0.72646,                 0.6487,                 0.3985,                 1.4476,                0.02782,                0.00039,                0.00505,                0.00505,                0.00505,               0.040517,                0.44509,                 0.4856,               0.054189,                0.14405,                 0.5184,               0.044813,             0.00023744,                0.50011,                0.49989,               0.028768,                0.50651,                0.53528,                0.04441,                0.14634,                0.51766,               0.044814,             0.00077709,                0.50006,                0.49994,                      1
                     52,                  0.659,                0.42422,                 1.3664,                 0.0294,                0.00045,                0.85209,                0.81344,                0.86524,                0.72625,                0.64824,                0.39848,                 1.4475,                0.02779,                0.00039,               0.004951,               0.004951,               0.004951,               0.039179,                0.44583,                0.48501,               0.052657,                0.14229,                0.51867,               0.045236,             0.00022861,                0.50012,                0.49988,                0.02835,                0.50755,                 0.5359,               0.043762,                0.14555,                0.51786,               0.045271,             0.00074536,                0.50007,                0.49993,                      1
                     53,                0.65639,                 0.4202,                 1.3614,                0.02944,                0.00045,                0.85049,                0.81662,                0.86619,                0.72729,                0.64773,                0.39842,                 1.4466,                0.02777,                0.00039,               0.004852,               0.004852,               0.004852,               0.039523,                0.44875,                0.48827,               0.053141,                0.14352,                0.51863,               0.044778,             0.00022046,                0.50012,                0.49988,               0.028093,                0.51039,                0.53848,               0.043679,                0.14586,                0.51794,               0.044794,             0.00071738,                0.50007,                0.49993,                      1
                     54,                0.65421,                0.41821,                 1.3677,                0.02934,                0.00045,                0.85397,                0.81344,                0.86571,                0.72696,                0.64758,                0.39858,                 1.4483,                0.02775,                0.00039,               0.004753,               0.004753,               0.004753,               0.039887,                0.44849,                0.48838,               0.053502,                0.14356,                0.51848,               0.044669,             0.00021082,                0.50013,                0.49987,               0.028172,                0.51201,                0.54019,               0.043805,                0.14652,                0.51798,               0.044671,             0.00068833,                0.50007,                0.49993,                      1
                     55,                0.65718,                  0.417,                 1.3584,                0.02939,                0.00045,                0.84752,                0.81714,                0.86475,                0.72651,                0.64718,                0.39883,                 1.4495,                0.02772,                0.00039,               0.004654,               0.004654,               0.004654,               0.040053,                0.44996,                0.49001,               0.053769,                0.14438,                0.51844,               0.044607,             0.00020276,                0.50014,                0.49986,               0.028393,                0.51185,                0.54024,               0.044084,                0.14665,                  0.518,               0.044616,             0.00066357,                0.50007,                0.49993,                      1
                     56,                0.65289,                0.41612,                 1.3593,                0.02947,                0.00045,                0.84619,                 0.8199,                0.86515,                0.72724,                0.64691,                0.39844,                 1.4503,                0.02771,                0.00039,               0.004555,               0.004555,               0.004555,               0.039461,                0.44834,                 0.4878,               0.053266,                0.14386,                0.51859,               0.045058,             0.00019499,                0.50014,                0.49986,               0.028339,                0.50925,                0.53759,               0.044099,                0.14638,                0.51818,               0.045084,             0.00063495,                0.50007,                0.49993,                      1
                     57,                0.64931,                 0.4113,                  1.357,                0.02937,                0.00045,                0.83844,                0.82674,                0.86579,                0.72801,                0.64685,                 0.3981,                 1.4505,                0.02768,                0.00039,               0.004456,               0.004456,               0.004456,               0.039245,                0.45117,                0.49042,               0.053151,                0.14435,                0.51851,               0.044669,             0.00018775,                0.50014,                0.49986,               0.028174,                0.51297,                0.54114,               0.044055,                0.14688,                0.51816,               0.044681,             0.00060678,                0.50007,                0.49993,                      1
                     58,                0.64904,                0.40693,                 1.3524,                 0.0293,                0.00045,                0.84207,                0.82261,                0.86572,                0.72762,                0.64684,                0.39798,                 1.4508,                0.02768,                0.00039,               0.004357,               0.004357,               0.004357,               0.038972,                0.45211,                0.49109,               0.052892,                0.14372,                0.51852,                0.04502,             0.00022242,                0.50012,                0.49988,               0.027861,                0.51378,                0.54164,               0.043761,                0.14661,                0.51777,               0.045017,             0.00072702,                0.50007,                0.49993,                      1
                     59,                0.65254,                0.41158,                 1.3604,                0.02945,                0.00045,                0.84623,                0.81924,                0.86552,                0.72785,                0.64657,                0.39814,                 1.4507,                0.02767,                0.00039,               0.004258,               0.004258,               0.004258,               0.039194,                0.44869,                0.48788,               0.053015,                0.14355,                0.51873,               0.044698,             0.00021455,                0.50013,                0.49987,               0.028031,                0.51185,                0.53988,               0.043873,                0.14669,                0.51798,               0.044709,             0.00070475,                0.50007,                0.49993,                      1
                     60,                0.65029,                0.41256,                 1.3548,                0.02932,                0.00045,                 0.8509,                 0.8162,                0.86561,                0.72746,                0.64653,                0.39815,                 1.4512,                0.02766,                0.00039,               0.004159,               0.004159,               0.004159,               0.039345,                0.45104,                0.49039,               0.053145,                0.14396,                0.51872,               0.045278,             0.00020762,                0.50013,                0.49987,               0.028244,                0.51164,                0.53988,               0.043981,                0.14647,                0.51803,               0.045276,             0.00067462,                0.50007,                0.49993,                      1
                     61,                0.65067,                0.41145,                 1.3532,                0.02939,                0.00045,                0.85177,                0.81507,                0.86552,                0.72757,                0.64646,                0.39814,                 1.4509,                0.02765,                0.00039,                0.00406,                0.00406,                0.00406,                0.03895,                0.44783,                0.48678,               0.052602,                0.14318,                0.51874,               0.044813,             0.00019966,                0.50014,                0.49986,               0.027834,                0.50996,                0.53779,               0.043455,                0.14587,                 0.5181,               0.044787,             0.00064592,                0.50007,                0.49993,                      1
                     62,                0.64942,                0.40895,                 1.3573,                0.02943,                0.00045,                0.85888,                 0.8092,                0.86564,                0.72817,                0.64648,                0.39808,                 1.4514,                0.02764,                0.00039,               0.003961,               0.003961,               0.003961,               0.038918,                0.44764,                0.48655,                0.05264,                0.14327,                0.51873,               0.044807,             0.00019417,                0.50014,                0.49986,               0.028307,                0.50961,                0.53792,               0.044018,                0.14621,                0.51817,               0.044799,             0.00062014,                0.50007,                0.49993,                      1
                     63,                0.64827,                0.40878,                 1.3618,                0.02953,                0.00045,                0.85235,                  0.815,                0.86575,                0.72819,                0.64651,                 0.3978,                 1.4516,                0.02763,                0.00039,               0.003862,               0.003862,               0.003862,               0.039339,                0.44841,                0.48775,               0.053209,                0.14395,                0.51873,               0.044778,             0.00018788,                0.50015,                0.49985,               0.027909,                0.50921,                0.53712,               0.043737,                0.14641,                0.51825,               0.044785,             0.00060308,                0.50007,                0.49993,                      1
                     64,                0.64969,                0.41011,                 1.3587,                0.02918,                0.00045,                0.85202,                0.81526,                0.86597,                0.72827,                0.64644,                0.39753,                 1.4523,                0.02762,                0.00039,               0.003763,               0.003763,               0.003763,               0.038913,                0.44918,                0.48809,               0.052435,                 0.1429,                0.51881,               0.044942,             0.00018141,                0.50015,                0.49985,                0.02792,                0.51214,                0.54006,               0.043418,                0.14567,                0.51834,               0.044944,             0.00058276,                0.50008,                0.49992,                      1
                     65,                0.64541,                0.40413,                 1.3547,                 0.0294,                0.00045,                0.85044,                 0.8152,                0.86679,                0.72887,                 0.6465,                 0.3973,                 1.4525,                 0.0276,                0.00039,               0.003664,               0.003664,               0.003664,               0.039163,                0.45037,                0.48953,               0.053047,                0.14418,                0.51865,               0.045183,             0.00017558,                0.50016,                0.49984,               0.028109,                0.51208,                0.54019,               0.043974,                0.14664,                0.51836,               0.045161,             0.00056003,                0.50008,                0.49992,                      1
                     66,                0.64474,                0.40516,                 1.3526,                0.02921,                0.00045,                0.84968,                0.81484,                0.86659,                0.72925,                0.64641,                0.39732,                 1.4523,                0.02759,                0.00039,               0.003565,               0.003565,               0.003565,               0.038582,                0.45243,                0.49101,               0.052455,                0.14389,                 0.5186,               0.044907,             0.00016996,                0.50017,                0.49983,               0.027726,                0.51362,                0.54135,               0.043567,                0.14651,                0.51834,               0.044933,              0.0005485,                0.50008,                0.49992,                      1
                     67,                0.64472,                0.40243,                 1.3475,                0.02918,                0.00045,                0.85172,                0.81428,                0.86622,                0.72856,                0.64631,                0.39728,                 1.4524,                0.02758,                0.00039,               0.003466,               0.003466,               0.003466,               0.038204,                0.45062,                0.48883,               0.051893,                0.14302,                0.51855,               0.044549,             0.00016535,                0.50017,                0.49983,               0.027164,                0.51169,                0.53885,                0.04279,                0.14519,                0.51836,                0.04454,             0.00052985,                0.50008,                0.49992,                      1
                     68,                0.64201,                0.39953,                 1.3481,                0.02918,                0.00045,                0.85246,                0.81373,                0.86616,                0.72909,                0.64625,                0.39728,                 1.4526,                0.02757,                0.00039,               0.003367,               0.003367,               0.003367,               0.038906,                0.45168,                0.49059,               0.052738,                0.14397,                 0.5184,               0.044945,              0.0001601,                0.50018,                0.49982,               0.027654,                0.51451,                0.54217,               0.043474,                0.14643,                0.51839,               0.044966,             0.00051183,                0.50008,                0.49992,                      1
                     69,                0.64065,                0.39679,                 1.3582,                 0.0289,                0.00045,                0.85066,                0.81509,                0.86619,                0.72912,                0.64609,                0.39723,                 1.4529,                0.02756,                0.00039,               0.003268,               0.003268,               0.003268,               0.038028,                0.45348,                0.49151,               0.051784,                0.14329,                0.51845,               0.044588,             0.00015476,                0.50018,                0.49982,               0.027067,                0.51564,                 0.5427,               0.042782,                0.14552,                0.51848,               0.044606,             0.00049531,                0.50008,                0.49992,                      1
                     70,                0.63951,                0.39723,                 1.3503,                0.02909,                0.00045,                0.84971,                0.81555,                0.86599,                0.72883,                0.64594,                0.39711,                  1.453,                0.02755,                0.00039,               0.003169,               0.003169,               0.003169,               0.038128,                0.45275,                0.49088,               0.052128,                0.14367,                0.51843,               0.045258,             0.00015139,                0.50019,                0.49981,               0.027529,                0.51537,                 0.5429,               0.043522,                0.14675,                0.51847,               0.045266,             0.00048038,                0.50008,                0.49992,                      1
                     71,                0.63677,                0.39448,                 1.3573,                 0.0291,                0.00045,                0.84914,                0.81519,                0.86639,                0.72918,                0.64588,                0.39698,                 1.4537,                0.02754,                0.00039,                0.00307,                0.00307,                0.00307,               0.037991,                0.45273,                0.49072,               0.051854,                0.14365,                0.51843,               0.044827,             0.00014687,                0.50019,                0.49981,               0.027261,                0.51483,                0.54209,               0.043119,                  0.146,                 0.5186,               0.044838,             0.00046612,                0.50008,                0.49992,                      1
                     72,                0.63503,                0.39242,                 1.3529,                0.02924,                0.00045,                 0.8495,                 0.8133,                  0.866,                0.72919,                0.64585,                0.39699,                 1.4537,                0.02753,                0.00039,               0.002971,               0.002971,               0.002971,               0.038391,                0.45025,                0.48864,               0.052258,                0.14381,                0.51846,               0.044882,             0.00014261,                 0.5002,                 0.4998,               0.027563,                0.51307,                0.54063,               0.043438,                 0.1467,                0.51869,               0.044879,             0.00045565,                0.50008,                0.49992,                      1
                     73,                0.63193,                0.39007,                 1.3539,                0.02899,                0.00045,                 0.8473,                  0.816,                0.86604,                0.72871,                 0.6459,                0.39699,                  1.454,                0.02752,                0.00039,               0.002872,               0.002872,               0.002872,               0.037592,                0.45312,                0.49071,               0.051452,                0.14303,                0.51848,               0.044841,             0.00013983,                 0.5002,                 0.4998,               0.027178,                0.51679,                0.54397,               0.043054,                0.14624,                0.51873,               0.044869,             0.00044281,                0.50009,                0.49991,                      1
                     74,                0.63042,                0.38952,                 1.3416,                0.02885,                0.00045,                 0.8474,                0.81764,                0.86584,                0.72878,                0.64583,                0.39681,                 1.4544,                0.02751,                0.00039,               0.002773,               0.002773,               0.002773,               0.038091,                0.45612,                0.49421,               0.051917,                0.14354,                0.51835,                0.04471,             0.00013662,                0.50021,                0.49979,               0.027462,                0.51802,                0.54548,                0.04323,                 0.1462,                0.51864,               0.044712,             0.00043315,                0.50009,                0.49991,                      1
                     75,                0.63355,                0.38951,                 1.3473,                0.02878,                0.00045,                0.84714,                0.81769,                0.86557,                0.72867,                0.64581,                0.39703,                 1.4549,                 0.0275,                0.00039,               0.002674,               0.002674,               0.002674,               0.037474,                0.45658,                0.49405,               0.051199,                0.14311,                0.51829,               0.044707,             0.00013352,                0.50021,                0.49979,               0.026894,                0.51876,                0.54566,                0.04257,                0.14547,                 0.5187,               0.044726,              0.0004241,                0.50009,                0.49991,                      1
                     76,                 0.6253,                0.38309,                 1.3462,                0.02883,                0.00045,                 0.8406,                  0.823,                 0.8655,                0.72861,                0.64573,                0.39682,                 1.4553,                0.02749,                0.00039,               0.002575,               0.002575,               0.002575,               0.037842,                  0.457,                0.49484,               0.051731,                0.14416,                0.51822,               0.045125,             0.00013132,                0.50022,                0.49978,               0.026929,                 0.5203,                0.54723,               0.042799,                 0.1464,                0.51871,                0.04513,             0.00041396,                0.50009,                0.49991,                      1
                     77,                0.63034,                0.38756,                 1.3399,                0.02873,                0.00045,                 0.8426,                0.82193,                0.86547,                0.72861,                0.64583,                0.39695,                 1.4554,                0.02748,                0.00039,               0.002476,               0.002476,               0.002476,               0.037491,                0.45584,                0.49333,               0.051236,                0.14299,                 0.5183,               0.044777,              0.0001276,                0.50022,                0.49978,               0.026816,                 0.5201,                0.54692,                0.04256,                0.14576,                0.51881,               0.044756,             0.00040736,                0.50009,                0.49991,                      1
                     78,                0.62886,                0.38352,                 1.3425,                0.02877,                0.00045,                0.84262,                0.82201,                0.86542,                0.72865,                0.64578,                0.39691,                 1.4554,                0.02747,                0.00039,               0.002377,               0.002377,               0.002377,               0.037447,                0.45715,                 0.4946,               0.051367,                0.14344,                0.51824,                0.04501,             0.00012546,                0.50023,                0.49977,               0.026775,                0.51935,                0.54613,               0.042669,                0.14585,                0.51876,               0.045019,             0.00039534,                0.50009,                0.49991,                      1
                     79,                0.62653,                0.38231,                 1.3444,                 0.0288,                0.00045,                0.84176,                0.82295,                0.86535,                0.72847,                0.64585,                0.39676,                 1.4557,                0.02747,                0.00039,               0.002278,               0.002278,               0.002278,               0.037598,                0.45563,                0.49323,               0.051399,                 0.1432,                0.51828,               0.044544,             0.00012258,                0.50023,                0.49977,               0.026772,                0.51887,                0.54564,               0.042577,                0.14586,                0.51876,               0.044568,              0.0003861,                0.50009,                0.49991,                      1
                     80,                0.62243,                0.38098,                 1.3437,                0.02886,                0.00045,                0.84296,                0.82209,                0.86512,                0.72849,                0.64585,                0.39675,                 1.4558,                0.02746,                0.00039,               0.002179,               0.002179,               0.002179,               0.037809,                0.45724,                0.49505,               0.051862,                0.14441,                0.51833,               0.044838,             0.00012056,                0.50023,                0.49977,               0.026949,                0.51821,                0.54516,               0.042933,                 0.1464,                0.51882,               0.044835,             0.00037964,                0.50009,                0.49991,                      1
                     81,                0.62391,                0.37903,                 1.3428,                0.02892,                0.00045,                0.84295,                0.82145,                0.86477,                0.72823,                0.64587,                0.39681,                  1.456,                0.02745,                0.00039,                0.00208,                0.00208,                0.00208,               0.037458,                0.45623,                0.49369,               0.051494,                0.14395,                0.51827,               0.045009,              0.0001179,                0.50024,                0.49976,               0.027064,                0.51951,                0.54657,               0.043127,                 0.1467,                0.51885,               0.045013,             0.00037188,                0.50009,                0.49991,                      1
                     82,                0.62454,                0.37999,                 1.3325,                0.02883,                0.00045,                0.84451,                0.82156,                0.86482,                0.72848,                0.64584,                0.39676,                 1.4562,                0.02744,                0.00039,               0.001981,               0.001981,               0.001981,               0.037289,                0.45646,                0.49375,               0.051211,                0.14354,                0.51823,               0.044808,             0.00011606,                0.50024,                0.49976,               0.026676,                 0.5189,                0.54557,               0.042568,                0.14594,                 0.5189,               0.044825,             0.00036486,                0.50009,                0.49991,                      1
                     83,                0.61508,                0.37233,                 1.3383,                0.02881,                0.00045,                 0.8422,                0.82324,                0.86465,                0.72833,                0.64586,                0.39682,                 1.4563,                0.02744,                0.00039,               0.001882,               0.001882,               0.001882,               0.036686,                0.45772,                0.49441,               0.050916,                0.14372,                0.51825,               0.045075,             0.00011425,                0.50025,                0.49975,                0.02645,                0.52014,                0.54659,               0.042704,                0.14659,                0.51892,               0.045059,             0.00035784,                0.50009,                0.49991,                      1
                     84,                0.61817,                0.37479,                  1.338,                0.02872,                0.00044,                0.84233,                0.82287,                0.86443,                0.72821,                0.64587,                0.39688,                 1.4564,                0.02743,                0.00039,               0.001783,               0.001783,               0.001783,               0.037266,                0.45573,                  0.493,               0.051062,                 0.1434,                0.51829,               0.044361,             0.00011247,                0.50025,                0.49975,               0.026496,                0.52137,                0.54787,               0.042357,                0.14603,                0.51897,               0.044349,              0.0003534,                 0.5001,                 0.4999,                      1
                     85,                0.62192,                0.37603,                 1.3377,                0.02901,                0.00045,                0.83974,                0.82323,                0.86415,                0.72802,                0.64589,                0.39705,                  1.457,                0.02742,                0.00039,               0.001684,               0.001684,               0.001684,               0.037533,                0.45478,                0.49231,               0.051541,                0.14442,                 0.5183,               0.044789,             0.00011121,                0.50025,                0.49975,               0.026758,                0.51829,                0.54504,               0.042804,                0.14662,                0.51902,               0.044769,             0.00034803,                 0.5001,                 0.4999,                      1
                     86,                 0.6151,                  0.371,                 1.3354,                 0.0285,                0.00044,                0.83919,                0.82312,                0.86389,                0.72758,                0.64596,                0.39719,                 1.4573,                0.02742,                0.00039,               0.001585,               0.001585,               0.001585,               0.037302,                0.46232,                0.49962,               0.051231,                0.14412,                0.51833,               0.044395,             0.00010918,                0.50025,                0.49975,               0.026563,                0.52609,                0.55265,                0.04248,                0.14633,                0.51904,               0.044408,             0.00034232,                 0.5001,                 0.4999,                      1
                     87,                0.61351,                0.36998,                 1.3292,                0.02855,                0.00045,                0.84003,                0.82239,                0.86378,                0.72752,                0.64594,                0.39707,                 1.4574,                0.02741,                0.00039,               0.001486,               0.001486,               0.001486,               0.036812,                0.45867,                0.49548,               0.050624,                0.14306,                 0.5183,                0.04464,             0.00010779,                0.50026,                0.49974,               0.026331,                0.52325,                0.54958,               0.042183,                 0.1458,                0.51905,               0.044629,             0.00033727,                 0.5001,                 0.4999,                      1
                     88,                0.61195,                0.37132,                 1.3285,                0.02849,                0.00045,                0.84019,                0.82172,                0.86345,                0.72749,                0.64592,                0.39717,                 1.4574,                0.02741,                0.00039,               0.001387,               0.001387,               0.001387,               0.037003,                0.46051,                0.49752,                0.05088,                0.14343,                0.51832,               0.044536,              0.0001065,                0.50026,                0.49974,               0.026485,                0.52414,                0.55062,               0.042349,                0.14603,                0.51908,               0.044536,              0.0003336,                 0.5001,                 0.4999,                      1
                     89,                0.61105,                0.36478,                 1.3317,                0.02887,                0.00045,                0.84112,                0.82071,                0.86337,                0.72744,                0.64599,                0.39726,                 1.4576,                 0.0274,                0.00039,               0.001288,               0.001288,               0.001288,               0.036905,                0.45904,                0.49594,               0.051175,                0.14473,                0.51828,               0.044611,             0.00010577,                0.50026,                0.49974,               0.026286,                0.51893,                0.54521,                 0.0425,                0.14618,                0.51907,               0.044593,             0.00033071,                 0.5001,                 0.4999,                      1
                     90,                0.60927,                0.36597,                  1.322,                 0.0284,                0.00045,                 0.8406,                0.82027,                0.86271,                0.72715,                0.64593,                0.39728,                 1.4577,                 0.0274,                0.00039,               0.001189,               0.001189,               0.001189,               0.036821,                0.46208,                 0.4989,               0.050756,                0.14365,                0.51824,               0.044894,             0.00010459,                0.50027,                0.49973,               0.026338,                0.52547,                 0.5518,               0.042247,                0.14614,                0.51909,               0.044895,             0.00032716,                 0.5001,                 0.4999,                      1
                     91,                0.61126,                0.36483,                 1.3241,                0.02884,                0.00045,                0.84105,                0.81973,                0.86272,                  0.727,                0.64597,                 0.3974,                 1.4577,                0.02739,                0.00039,                0.00109,                0.00109,                0.00109,               0.037331,                0.45713,                0.49447,               0.051434,                0.14406,                0.51821,               0.044619,             0.00010361,                0.50027,                0.49973,               0.026371,                0.52019,                0.54656,               0.042501,                0.14633,                0.51909,               0.044653,             0.00032099,                 0.5001,                 0.4999,                      1
                     92,                0.60732,                0.36202,                 1.3231,                0.02853,                0.00045,                0.84159,                0.81915,                0.86268,                0.72723,                0.64603,                0.39735,                 1.4579,                0.02738,                0.00039,               0.000991,               0.000991,               0.000991,               0.036873,                0.45952,                0.49639,               0.050761,                0.14324,                0.51824,               0.044828,             0.00010268,                0.50027,                0.49973,               0.026235,                0.52543,                0.55167,               0.042193,                0.14641,                0.51912,               0.044831,             0.00031925,                 0.5001,                 0.4999,                      1
                     93,                0.60691,                0.35998,                 1.3314,                0.02868,                0.00045,                0.84092,                 0.8184,                0.86265,                0.72735,                0.64601,                0.39749,                  1.458,                0.02738,                0.00039,               0.000892,               0.000892,               0.000892,               0.036883,                0.45878,                0.49567,               0.050967,                0.14374,                0.51822,               0.044958,             0.00010185,                0.50027,                0.49973,               0.026098,                 0.5231,                0.54919,               0.042237,                0.14653,                0.51915,               0.044949,             0.00031754,                 0.5001,                 0.4999,                      1
                     94,                0.60282,                 0.3583,                 1.3238,                0.02843,                0.00045,                0.83829,                0.81964,                0.86252,                0.72722,                0.64593,                 0.3975,                 1.4583,                0.02737,                0.00039,               0.000793,               0.000793,               0.000793,                0.03636,                0.46079,                0.49715,               0.050444,                0.14334,                0.51823,                0.04504,             0.00010132,                0.50027,                0.49973,               0.025997,                0.52416,                0.55016,               0.042098,                0.14576,                0.51918,               0.045056,             0.00031471,                 0.5001,                 0.4999,                      1
                     95,                0.60442,                0.35898,                 1.3212,                0.02836,                0.00045,                0.83872,                0.81923,                0.86185,                0.72656,                  0.646,                0.39743,                 1.4585,                0.02736,                0.00039,               0.000694,               0.000694,               0.000694,               0.036813,                0.46375,                0.50056,               0.050839,                0.14401,                0.51824,               0.044861,             0.00010096,                0.50028,                0.49972,               0.026114,                 0.5269,                0.55301,               0.042121,                0.14613,                0.51918,               0.044867,              0.0003125,                 0.5001,                 0.4999,                      1
                     96,                0.60008,                0.35489,                 1.3269,                0.02832,                0.00045,                0.83897,                0.81776,                0.86162,                0.72672,                 0.6459,                0.39751,                 1.4589,                0.02736,                0.00039,               0.000595,               0.000595,               0.000595,               0.036568,                0.46215,                0.49872,               0.050629,                0.14384,                0.51825,               0.044984,             0.00010019,                0.50028,                0.49972,               0.026075,                0.52717,                0.55325,               0.042193,                0.14643,                0.51919,               0.044967,             0.00031024,                 0.5001,                 0.4999,                      1
                     97,                0.59841,                0.35419,                 1.3173,                0.02855,                0.00045,                0.84041,                0.81625,                 0.8614,                0.72642,                0.64599,                0.39748,                 1.4593,                0.02735,                0.00039,               0.000496,               0.000496,               0.000496,               0.036521,                 0.4601,                0.49662,               0.050623,                0.14375,                0.51824,               0.044887,             9.9451e-05,                0.50028,                0.49972,               0.025961,                0.52471,                0.55067,               0.042116,                0.14618,                0.51918,               0.044877,             0.00030966,                 0.5001,                 0.4999,                      1
                     98,                0.60053,                0.35443,                 1.3199,                0.02852,                0.00045,                0.83882,                0.81685,                0.86093,                 0.7264,                0.64594,                0.39762,                 1.4598,                0.02735,                0.00039,               0.000397,               0.000397,               0.000397,               0.036441,                0.45844,                0.49488,               0.050404,                0.14318,                0.51821,               0.045298,             9.9272e-05,                0.50028,                0.49972,               0.025997,                0.52322,                0.54922,               0.041999,                0.14583,                0.51918,               0.045306,             0.00030877,                 0.5001,                 0.4999,                      1
                     99,                0.59594,                0.35121,                 1.3258,                0.02838,                0.00045,                0.83724,                0.81834,                 0.8605,                0.72579,                0.64601,                 0.3977,                 1.4602,                0.02734,                0.00039,               0.000298,               0.000298,               0.000298,                0.03648,                0.46162,                 0.4981,                 0.0505,                0.14331,                0.51821,               0.045395,             9.9219e-05,                0.50028,                0.49972,               0.025818,                0.52565,                0.55147,               0.041858,                0.14562,                0.51918,               0.045404,             0.00030814,                 0.5001,                 0.4999,                      1
                    100,                0.59361,                0.35065,                 1.3202,                0.02854,                0.00045,                0.83609,                0.81987,                   0.86,                0.72563,                0.64608,                0.39782,                 1.4605,                0.02734,                0.00039,               0.000199,               0.000199,               0.000199,               0.036632,                0.45965,                0.49628,               0.050676,                0.14383,                0.51821,               0.044823,             9.8995e-05,                0.50028,                0.49972,               0.025956,                0.52433,                0.55029,               0.042057,                0.14602,                0.51918,               0.044826,             0.00030601,                 0.5001,                 0.4999,                      1
