                  epoch,         train/box_loss,         train/cls_loss,         train/dfl_loss,   train/ir_prompt_loss,  train/rgb_prompt_loss,   metrics/precision(B),      metrics/recall(B),       metrics/mAP50(B),    metrics/mAP50-95(B),           val/box_loss,           val/cls_loss,           val/dfl_loss,     val/ir_prompt_loss,    val/rgb_prompt_loss,                 lr/pg0,                 lr/pg1,                 lr/pg2,       p2/P3_ir_bg_mean,     p2/P3_ir_fg_bg_gap,       p2/P3_ir_fg_mean,   p2/P3_ir_prompt_mean,    p2/P3_ir_prompt_std,       p2/P4_ir_bg_mean,     p2/P4_ir_fg_bg_gap,       p2/P4_ir_fg_mean,   p2/P4_ir_prompt_mean,    p2/P4_ir_prompt_std,p2/prompt_warmup_factor
                      1,                  1.345,                 1.4765,                 1.6121,                      0,                      0,                 0.4702,                 0.5346,                0.47834,                0.35917,                0.88404,                0.79961,                 1.5521,                      0,                      0,               0.070106,              0.0033215,              0.0033215,                0.10768,               0.001049,                0.10873,                0.10771,              0.0033291,               0.078975,             -0.0013273,               0.077647,               0.078933,              0.0050923,                      0
                      2,                 1.0678,                 0.8873,                 1.4237,                0.00472,                      0,                0.58246,                0.66588,                0.61756,                0.46668,                0.85965,                 0.6726,                 1.4403,                0.00442,                      0,                0.04004,               0.006589,               0.006589,                0.11592,              0.0011757,                0.11709,                0.11596,               0.003474,               0.084896,             -0.0011049,               0.083791,               0.084862,              0.0049146,                    0.1
                      3,                0.88677,                0.69084,                 1.4102,                0.00917,                      0,                0.58053,                0.63417,                0.63447,                0.48242,                0.81777,                0.62743,                 1.5802,                0.00862,                      0,              0.0099086,              0.0097904,              0.0097904,                0.14869,               0.003243,                0.15193,                0.14879,              0.0064229,                0.10658,            -0.00042231,                0.10616,                0.10657,              0.0040135,                    0.2
                      4,                0.80351,                0.60351,                 1.4266,                0.01337,                      0,                0.57896,                 0.6596,                0.64934,                0.50352,                0.78154,                0.63944,                 1.5373,                0.01285,                      0,               0.009703,               0.009703,               0.009703,                0.22747,               0.017415,                0.24489,                0.22801,               0.025475,                0.13763,             0.00055111,                0.13819,                0.13765,              0.0041989,                    0.3
                      5,                0.78983,                0.58175,                 1.4192,                0.01763,                      0,                0.70167,                   0.74,                0.74658,                0.59413,                0.73327,                0.52731,                 1.4799,                0.01694,                      0,               0.009604,               0.009604,               0.009604,                0.23048,               0.024993,                0.25547,                0.23124,               0.031541,                0.17017,              0.0015601,                0.17173,                0.17021,              0.0068632,                    0.4
                      6,                0.77349,                0.56079,                 1.4037,                0.02201,                      0,                 0.7378,                0.75126,                0.77613,                0.62059,                0.73696,                0.51818,                  1.468,                0.02108,                      0,               0.009505,               0.009505,               0.009505,                0.23125,               0.034882,                0.26614,                0.23234,               0.038357,                0.21992,              0.0053763,                 0.2253,                0.22009,               0.016369,                    0.5
                      7,                0.76458,                0.54721,                 1.4048,                 0.0262,                      0,                0.76136,                 0.7499,                0.79827,                 0.6455,                0.71579,                0.50022,                 1.4717,                0.02521,                      0,               0.009406,               0.009406,               0.009406,                0.22811,               0.046845,                0.27496,                0.22956,               0.045325,                0.22844,              0.0097736,                0.23821,                0.22874,               0.019642,                    0.6
                      8,                0.75782,                0.54335,                 1.4074,                0.03021,                      0,                0.74277,                0.73104,                0.76727,                0.61958,                0.72342,                0.50989,                 1.4858,                0.02928,                      0,               0.009307,               0.009307,               0.009307,                0.22475,               0.066241,                0.29099,                0.22677,               0.055707,                0.23179,               0.015454,                0.24724,                0.23227,               0.023131,                    0.7
                      9,                0.75434,                0.53275,                 1.3927,                 0.0339,                      0,                0.77389,                 0.7573,                0.80484,                0.65255,                0.71311,                 0.4841,                 1.4595,                0.03231,                      0,               0.009208,               0.009208,               0.009208,                0.21138,                 0.1058,                0.31718,                0.21462,               0.071427,                0.23193,               0.026276,                 0.2582,                0.23274,               0.028175,                    0.8
                     10,                0.74858,                0.53001,                 1.3863,                0.03671,                      0,                0.72818,                0.75137,                0.77165,                0.62368,                0.71106,                0.49503,                 1.4936,                0.03497,                      0,               0.009109,               0.009109,               0.009109,                0.17534,                0.19127,                0.36661,                 0.1812,               0.099116,                 0.2287,               0.052463,                0.28116,                0.23031,               0.038831,                    0.9
                     11,                0.74493,                 0.5247,                 1.3856,                0.03859,                      0,                 0.6764,                0.69712,                0.70479,                0.56178,                 0.7366,                0.58112,                  1.559,                0.03728,                      0,                0.00901,                0.00901,                0.00901,                0.13007,                0.27995,                0.41002,                0.13856,                0.11857,                0.19876,                0.14909,                0.34786,                0.20332,               0.071637,                      1
                     12,                0.73976,                0.51688,                 1.3863,                0.03687,                      0,                0.76575,                 0.7635,                0.79943,                0.65116,                0.69841,                0.48297,                  1.459,                0.03501,                      0,               0.008911,               0.008911,               0.008911,                0.09738,                0.33878,                0.43616,                0.10778,                 0.1287,                0.15442,                0.24888,                 0.4033,                0.16209,               0.099956,                      1
                     13,                0.73477,                0.51621,                 1.3835,                0.03584,                      0,                 0.7929,                0.76598,                0.81596,                0.66574,                0.69262,                0.46302,                 1.4477,                0.03389,                      0,               0.008812,               0.008812,               0.008812,               0.081556,                0.36522,                0.44677,               0.092843,                0.13353,                0.12718,                0.30276,                0.42994,                0.13658,                0.11142,                      1
                     14,                 0.7309,                0.51109,                 1.3826,                0.03493,                      0,                0.73236,                0.71622,                0.73819,                0.59904,                0.71138,                0.51219,                 1.5102,                0.03355,                      0,               0.008713,               0.008713,               0.008713,               0.072352,                0.38264,                0.45499,               0.084108,                0.13632,                 0.1074,                0.34301,                0.45041,                0.11799,                 0.1199,                      1
                     15,                0.73011,                0.50789,                 1.3819,                0.03426,                      0,                0.76065,                0.76963,                0.79854,                0.65409,                0.68925,                0.47279,                 1.4727,                0.03267,                      0,               0.008614,               0.008614,               0.008614,                0.06707,                0.39266,                0.45973,               0.079055,                0.13848,               0.091402,                0.37549,                0.46689,                0.10293,                0.12673,                      1
                     16,                0.72689,                0.50206,                 1.3778,                0.03365,                      0,                0.77922,                0.75578,                0.80825,                0.66018,                0.68944,                  0.471,                 1.4681,                0.03205,                      0,               0.008515,               0.008515,               0.008515,               0.062868,                0.40155,                0.46442,               0.075148,                0.13989,               0.078383,                0.40071,                0.47909,               0.090691,                0.13218,                      1
                     17,                0.72361,                0.49996,                  1.381,                 0.0333,                      0,                0.77734,                 0.7716,                0.81203,                0.66944,                0.67985,                0.45555,                 1.4779,                0.03153,                      0,               0.008416,               0.008416,               0.008416,                0.05954,                0.40264,                0.46218,                 0.0719,                0.14016,               0.065273,                0.41924,                0.48451,               0.078208,                0.13663,                      1
                     18,                0.71893,                0.49507,                 1.3761,                0.03303,                      0,                0.77386,                0.78415,                0.82713,                0.67673,                0.67953,                 0.4534,                 1.4607,                0.03104,                      0,               0.008317,               0.008317,               0.008317,               0.057898,                0.40357,                0.46147,               0.070456,                0.14072,               0.054267,                 0.4351,                0.48936,               0.067884,                0.14142,                      1
                     19,                0.71831,                0.49305,                 1.3802,                0.03283,                      0,                0.79281,                0.76321,                0.81749,                0.67028,                0.68574,                0.45766,                 1.4484,                0.03088,                      0,               0.008218,               0.008218,               0.008218,               0.055519,                0.40493,                0.46045,               0.068048,                0.14095,               0.046986,                0.44536,                0.49235,               0.060834,                0.14324,                      1
                     20,                0.71852,                0.49361,                 1.3774,                0.03217,                      0,                0.80969,                0.79038,                0.84136,                0.69296,                0.67386,                0.44211,                 1.4453,                0.03043,                      0,               0.008119,               0.008119,               0.008119,               0.053961,                 0.4138,                0.46776,               0.066537,                 0.1417,               0.042797,                 0.4582,                  0.501,               0.056801,                0.14404,                      1
                     21,                0.71617,                0.48733,                 1.3808,                0.03179,                      0,                0.80254,                0.79787,                0.84427,                0.69807,                0.67492,                 0.4397,                 1.4452,                0.03014,                      0,                0.00802,                0.00802,                0.00802,                0.05223,                0.41512,                0.46735,               0.064711,                 0.1408,               0.039776,                0.46719,                0.50697,               0.053901,                0.14468,                      1
                     22,                0.70786,                0.48562,                 1.3736,                0.03177,                      0,                0.80379,                0.80527,                0.84604,                0.70136,                0.66737,                 0.4323,                 1.4361,                0.02994,                      0,               0.007921,               0.007921,               0.007921,               0.051809,                0.41937,                0.47118,               0.064697,                0.14298,               0.038731,                0.47207,                 0.5108,               0.053323,                0.14614,                      1
                     23,                 0.7114,                0.48423,                 1.3808,                0.03155,                      0,                 0.8096,                0.79315,                0.84414,                0.70063,                0.66475,                0.43119,                 1.4459,                0.02983,                      0,               0.007822,               0.007822,               0.007822,               0.050653,                0.41774,                 0.4684,               0.063232,                0.14151,               0.036929,                 0.4732,                0.51013,               0.051254,                0.14499,                      1
                     24,                0.70813,                0.48259,                 1.3785,                0.03153,                      0,                 0.7999,                0.79878,                0.84545,                0.70083,                0.66673,                0.42918,                 1.4581,                0.02971,                      0,               0.007723,               0.007723,               0.007723,               0.049086,                0.42126,                0.47035,               0.062033,                0.14236,               0.036376,                0.47779,                0.51416,               0.051131,                0.14606,                      1
                     25,                0.70347,                0.47339,                  1.377,                0.03153,                      0,                0.80911,                0.81556,                0.85489,                0.71119,                0.66072,                0.42234,                 1.4513,                0.02946,                      0,               0.007624,               0.007624,               0.007624,               0.048972,                0.42268,                0.47165,               0.062069,                0.14325,               0.035508,                0.47985,                0.51536,               0.050463,                0.14675,                      1
                     26,                0.70097,                0.47258,                  1.374,                0.03093,                      0,                0.82373,                 0.8035,                0.85416,                0.71176,                0.66346,                 0.4243,                 1.4288,                0.02933,                      0,               0.007525,               0.007525,               0.007525,               0.048152,                0.42948,                0.47763,               0.061183,                0.14321,               0.034643,                0.48647,                0.52111,               0.049494,                 0.1462,                      1
                     27,                0.69601,                0.47104,                 1.3698,                0.03129,                      0,                0.81871,                0.78069,                0.84364,                0.70158,                0.66459,                0.43041,                 1.4519,                0.02927,                      0,               0.007426,               0.007426,               0.007426,               0.047936,                0.42444,                0.47237,               0.061119,                0.14361,               0.034527,                0.48309,                0.51762,               0.049621,                0.14649,                      1
                     28,                0.69677,                0.46887,                  1.367,                0.03094,                      0,                0.80327,                0.81344,                0.84731,                0.70473,                 0.6599,                0.42487,                 1.4296,                0.02909,                      0,               0.007327,               0.007327,               0.007327,               0.047375,                0.42776,                0.47513,               0.060425,                0.14348,               0.033766,                 0.4901,                0.52386,               0.048806,                0.14658,                      1
                     29,                0.69769,                0.46823,                 1.3771,                0.03081,                      0,                0.79754,                0.81853,                0.84923,                0.70679,                0.65966,                0.41959,                 1.4511,                0.02903,                      0,               0.007228,               0.007228,               0.007228,               0.046128,                0.43137,                 0.4775,               0.059234,                0.14317,               0.033248,                0.48948,                0.52273,               0.048189,                0.14594,                      1
                     30,                0.69564,                0.46646,                 1.3683,                0.03069,                      0,                0.80366,                0.82062,                0.85524,                0.71299,                0.66022,                0.41871,                 1.4418,                0.02888,                      0,               0.007129,               0.007129,               0.007129,               0.045713,                0.43237,                0.47808,               0.058862,                0.14322,                0.03283,                0.48959,                0.52242,               0.047804,                 0.1457,                      1
                     31,                0.69793,                0.46808,                 1.3714,                0.03064,                      0,                0.83473,                0.82016,                0.86112,                0.71764,                 0.6565,                0.41443,                 1.4402,                0.02879,                      0,                0.00703,                0.00703,                0.00703,               0.044866,                 0.4304,                0.47527,               0.057953,                0.14278,               0.032329,                0.49043,                0.52276,               0.047325,                0.14596,                      1
                     32,                0.69246,                0.46169,                 1.3732,                0.03062,                      0,                0.83008,                0.81573,                0.85824,                0.71583,                0.65772,                0.41521,                 1.4357,                0.02875,                      0,               0.006931,               0.006931,               0.006931,               0.045589,                0.43257,                0.47816,               0.058812,                0.14378,               0.032695,                0.49413,                0.52683,               0.047903,                0.14691,                      1
                     33,                0.69135,                0.46057,                 1.3677,                0.03046,                      0,                0.81449,                0.81926,                0.85888,                0.71761,                 0.6553,                0.41384,                 1.4434,                0.02863,                      0,               0.006832,               0.006832,               0.006832,               0.044159,                0.43228,                0.47644,               0.057261,                0.14265,               0.031936,                0.49286,                0.52479,               0.046948,                0.14591,                      1
                     34,                0.68811,                0.45651,                 1.3676,                0.03038,                      0,                 0.8234,                 0.8139,                0.85732,                0.71535,                0.65671,                0.41354,                   1.45,                0.02857,                      0,               0.006733,               0.006733,               0.006733,               0.043775,                0.43512,                0.47889,               0.057025,                0.14306,               0.031593,                0.49585,                0.52745,               0.046782,                0.14622,                      1
                     35,                0.69129,                0.45728,                 1.3742,                0.03037,                      0,                0.84276,                 0.8108,                 0.8591,                0.71685,                0.65566,                0.40947,                 1.4574,                0.02848,                      0,               0.006634,               0.006634,               0.006634,                0.04379,                0.43457,                0.47836,               0.056949,                0.14296,               0.031581,                0.49769,                0.52927,               0.046738,                 0.1463,                      1
                     36,                0.68506,                0.45131,                 1.3646,                0.03036,                      0,                0.82621,                0.81596,                 0.8583,                0.71669,                0.65421,                0.40938,                 1.4536,                0.02836,                      0,               0.006535,               0.006535,               0.006535,               0.043426,                0.43478,                 0.4782,               0.056779,                  0.143,               0.031285,                0.49496,                0.52624,               0.046573,                  0.146,                      1
                     37,                0.67945,                0.44862,                  1.364,                0.03007,                      0,                0.82074,                0.81642,                0.85892,                0.71696,                 0.6524,                0.40889,                 1.4431,                0.02829,                      0,               0.006436,               0.006436,               0.006436,               0.042415,                0.43874,                0.48115,               0.055798,                0.14318,               0.030718,                0.49962,                0.53034,               0.046049,                0.14619,                      1
                     38,                0.68267,                0.44873,                   1.37,                0.03012,                      0,                0.83553,                0.82151,                0.86287,                0.72239,                0.65214,                 0.4057,                 1.4477,                0.02826,                      0,               0.006337,               0.006337,               0.006337,               0.041841,                0.43968,                0.48152,               0.055245,                0.14299,                0.03045,                0.50074,                0.53119,               0.045788,                0.14625,                      1
                     39,                0.67915,                0.44433,                 1.3709,                0.02998,                      0,                0.84145,                0.81708,                0.86267,                0.72135,                0.65271,                0.40504,                 1.4519,                0.02818,                      0,               0.006238,               0.006238,               0.006238,               0.042263,                0.43919,                0.48145,                0.05573,                0.14295,               0.030426,                0.50147,                0.53189,               0.045885,                0.14648,                      1
                     40,                0.67691,                0.44553,                  1.365,                0.03006,                      0,                0.83121,                0.82532,                 0.8639,                0.72199,                0.65187,                0.40416,                  1.447,                0.02813,                      0,               0.006139,               0.006139,               0.006139,               0.041678,                0.43861,                0.48029,                0.05508,                0.14317,                0.02994,                0.49988,                0.52982,               0.045298,                0.14607,                      1
                     41,                0.67699,                 0.4409,                 1.3744,                0.03011,                      0,                0.82554,                0.83094,                0.86328,                0.72239,                 0.6521,                0.40458,                 1.4525,                0.02811,                      0,                0.00604,                0.00604,                0.00604,               0.042295,                0.44078,                0.48307,               0.055825,                0.14404,               0.030565,                0.50154,                 0.5321,               0.046032,                0.14698,                      1
                     42,                0.67604,                0.44141,                 1.3648,                0.02992,                      0,                0.82946,                0.82734,                0.86691,                0.72621,                0.65102,                0.40323,                 1.4513,                0.02804,                      0,               0.005941,               0.005941,               0.005941,                0.04169,                0.44114,                0.48283,               0.055172,                0.14328,                0.03024,                0.50249,                0.53273,               0.045668,                0.14629,                      1
                     43,                0.66921,                0.43682,                 1.3691,                0.02976,                      0,                0.84232,                0.82523,                0.87002,                0.72942,                0.65042,                0.40142,                 1.4509,                0.02799,                      0,               0.005842,               0.005842,               0.005842,               0.040635,                0.44431,                0.48494,               0.054239,                0.14308,               0.029282,                0.50286,                0.53214,               0.044766,                0.14549,                      1
                     44,                0.67241,                0.43646,                 1.3655,                0.02989,                      0,                0.83928,                0.83142,                0.87293,                0.73153,                0.65047,                0.40027,                 1.4478,                0.02797,                      0,               0.005743,               0.005743,               0.005743,               0.041159,                0.44382,                0.48498,               0.054863,                0.14421,               0.029755,                0.50379,                0.53355,               0.045394,                0.14666,                      1
                     45,                0.67467,                 0.4386,                  1.366,                0.02976,                      0,                 0.8419,                0.82723,                0.87087,                0.73014,                0.65095,                0.40157,                  1.445,                0.02793,                      0,               0.005644,               0.005644,               0.005644,               0.040621,                0.44263,                0.48326,               0.054088,                0.14289,               0.029541,                0.50371,                0.53325,               0.044944,                0.14601,                      1
                     46,                0.67124,                0.43575,                 1.3722,                0.02976,                      0,                0.83531,                0.82612,                0.86967,                0.72942,                0.65066,                0.40111,                 1.4462,                0.02789,                      0,               0.005545,               0.005545,               0.005545,               0.040919,                 0.4423,                0.48322,                0.05433,                0.14332,               0.029294,                0.50414,                0.53343,               0.044654,                0.14567,                      1
                     47,                0.66966,                 0.4319,                 1.3644,                0.02969,                      0,                0.83001,                0.83082,                0.86937,                0.72999,                0.64981,                0.40083,                 1.4465,                0.02785,                      0,               0.005446,               0.005446,               0.005446,               0.040645,                0.44467,                0.48531,               0.054184,                0.14374,               0.029413,                0.50581,                0.53522,                 0.0449,                0.14633,                      1
                     48,                0.66935,                0.43448,                 1.3665,                0.02971,                      0,                 0.8387,                0.82626,                0.86687,                0.72772,                0.64939,                0.40066,                 1.4461,                0.02782,                      0,               0.005347,               0.005347,               0.005347,               0.039828,                 0.4431,                0.48293,               0.053353,                0.14283,               0.029321,                0.50374,                0.53306,               0.044773,                0.14592,                      1
                     49,                0.66497,                0.42831,                 1.3574,                0.02953,                      0,                0.83374,                 0.8274,                0.86653,                0.72654,                0.64917,                0.40021,                 1.4457,                0.02779,                      0,               0.005248,               0.005248,               0.005248,               0.039869,                0.44708,                0.48695,               0.053468,                0.14337,                0.02893,                0.50881,                0.53774,               0.044471,                0.14629,                      1
                     50,                0.66031,                0.42398,                 1.3614,                0.02969,                      0,                0.82881,                0.82875,                0.86483,                0.72524,                0.64881,                0.39971,                 1.4477,                0.02776,                      0,               0.005149,               0.005149,               0.005149,               0.039931,                0.44664,                0.48657,               0.053746,                0.14417,               0.029083,                0.50636,                0.53544,               0.044836,                0.14658,                      1
                     51,                 0.6639,                0.42687,                 1.3658,                0.02959,                      0,                0.82836,                0.82827,                0.86553,                0.72654,                0.64849,                0.39927,                 1.4499,                0.02773,                      0,                0.00505,                0.00505,                0.00505,               0.040446,                0.44579,                0.48624,               0.054137,                0.14415,               0.028911,                0.50807,                0.53698,               0.044598,                0.14663,                      1
                     52,                0.65948,                0.42346,                 1.3682,                0.02936,                      0,                0.84245,                0.81688,                0.86562,                0.72663,                0.64801,                0.39882,                 1.4507,                0.02771,                      0,               0.004951,               0.004951,               0.004951,               0.038795,                0.44632,                0.48511,               0.052288,                0.14228,               0.028506,                0.50831,                0.53681,                0.04395,                0.14568,                      1
                     53,                0.65625,                0.41902,                 1.3688,                0.02938,                      0,                0.83553,                0.82361,                0.86624,                0.72747,                0.64775,                0.39833,                  1.452,                0.02769,                      0,               0.004852,               0.004852,               0.004852,                0.03917,                0.45026,                0.48943,               0.052836,                0.14358,               0.028348,                0.51035,                 0.5387,               0.043939,                0.14592,                      1
                     54,                0.65367,                0.41761,                 1.3696,                0.02924,                      0,                0.85154,                0.81065,                0.86582,                0.72755,                0.64743,                0.39806,                 1.4535,                0.02767,                      0,               0.004753,               0.004753,               0.004753,               0.039495,                0.45053,                0.49002,               0.053169,                0.14356,               0.028482,                 0.5125,                0.54098,               0.044135,                 0.1464,                      1
                     55,                0.65661,                0.41512,                 1.3616,                0.02931,                      0,                0.84004,                0.82005,                0.86614,                0.72751,                0.64734,                0.39755,                 1.4547,                0.02765,                      0,               0.004654,               0.004654,               0.004654,               0.039227,                0.45086,                0.49009,               0.052971,                0.14384,               0.028441,                0.51245,                0.54089,               0.044151,                 0.1467,                      1
                     56,                0.65264,                0.41633,                 1.3603,                0.02943,                      0,                0.84087,                0.82171,                0.86694,                0.72844,                0.64726,                0.39681,                 1.4555,                0.02764,                      0,               0.004555,               0.004555,               0.004555,               0.038928,                0.44873,                0.48766,               0.052738,                0.14355,                0.02848,                0.50877,                0.53725,               0.044227,                 0.1463,                      1
                     57,                 0.6484,                0.41085,                 1.3563,                 0.0293,                      0,                0.83783,                0.82355,                0.86714,                0.72829,                0.64713,                0.39673,                 1.4555,                0.02762,                      0,               0.004456,               0.004456,               0.004456,               0.039116,                0.45332,                0.49244,               0.053092,                0.14476,               0.028289,                0.51409,                0.54238,               0.044206,                0.14701,                      1
                     58,                0.65637,                0.41479,                 1.3519,                0.02926,                      0,                0.84534,                0.81778,                0.86716,                0.72871,                0.64696,                0.39684,                 1.4555,                0.02759,                      0,               0.004357,               0.004357,               0.004357,                0.03925,                0.44928,                0.48853,               0.052918,                0.14351,               0.028619,                0.51169,                 0.5403,               0.044275,                0.14638,                      1
                     59,                0.65467,                0.41313,                 1.3683,                0.02932,                      0,                0.83549,                0.82725,                0.86664,                0.72834,                  0.647,                0.39695,                 1.4561,                0.02758,                      0,               0.004258,               0.004258,               0.004258,               0.038682,                0.44763,                0.48631,                0.05226,                 0.1428,                0.02796,                0.51113,                0.53909,               0.043542,                0.14568,                      1
                     60,                 0.6539,                0.41343,                 1.3537,                0.02932,                      0,                0.83553,                0.82708,                0.86596,                0.72779,                0.64686,                0.39668,                 1.4561,                0.02757,                      0,               0.004159,               0.004159,               0.004159,               0.038999,                0.45009,                0.48909,               0.052838,                0.14375,               0.028014,                0.51055,                0.53856,               0.043797,                0.14621,                      1
                     61,                0.64775,                0.40782,                 1.3535,                0.02918,                      0,                0.83373,                0.83154,                0.86618,                0.72791,                0.64671,                0.39651,                 1.4558,                0.02755,                      0,                0.00406,                0.00406,                0.00406,               0.038707,                0.45281,                0.49152,               0.052574,                0.14384,               0.027785,                0.51436,                0.54215,               0.043629,                0.14643,                      1
                     62,                0.64489,                0.40581,                  1.358,                0.02919,                      0,                 0.8357,                0.82819,                0.86578,                0.72775,                0.64665,                0.39657,                 1.4557,                0.02754,                      0,               0.003961,               0.003961,               0.003961,               0.038495,                0.45062,                0.48911,               0.052285,                0.14348,               0.027821,                0.51358,                 0.5414,               0.043619,                0.14639,                      1
                     63,                0.64752,                0.40706,                 1.3603,                 0.0292,                      0,                0.83719,                0.82505,                0.86584,                0.72816,                0.64639,                0.39647,                 1.4558,                0.02753,                      0,               0.003862,               0.003862,               0.003862,               0.038455,                0.45092,                0.48937,               0.052097,                0.14308,                0.02788,                0.51356,                0.54144,               0.043499,                0.14582,                      1
                     64,                0.64734,                 0.4085,                 1.3559,                 0.0289,                      0,                0.83772,                0.82274,                0.86577,                0.72771,                 0.6462,                0.39664,                 1.4558,                0.02752,                      0,               0.003763,               0.003763,               0.003763,               0.038056,                0.45242,                0.49047,               0.051521,                0.14243,               0.027411,                0.51536,                0.54277,               0.042821,                0.14498,                      1
                     65,                0.64126,                0.40141,                 1.3544,                0.02923,                      0,                0.84084,                0.82342,                 0.8665,                0.72858,                 0.6462,                0.39649,                 1.4558,                0.02751,                      0,               0.003664,               0.003664,               0.003664,               0.038436,                0.45452,                0.49296,               0.052501,                0.14463,               0.027781,                 0.5133,                0.54108,               0.043746,                0.14657,                      1
                     66,                0.63992,                0.40058,                 1.3573,                0.02905,                      0,                0.84223,                0.82198,                0.86625,                0.72858,                0.64617,                0.39638,                 1.4564,                 0.0275,                      0,               0.003565,               0.003565,               0.003565,               0.037685,                0.45195,                0.48963,               0.051434,                0.14272,                0.02736,                 0.5149,                0.54226,               0.043106,                0.14585,                      1
                     67,                0.64531,                0.40103,                  1.348,                0.02921,                      0,                0.84124,                0.82285,                0.86613,                 0.7284,                0.64606,                 0.3963,                 1.4566,                0.02749,                      0,               0.003466,               0.003466,               0.003466,               0.037879,                0.44991,                0.48779,               0.051617,                0.14335,               0.027428,                0.51054,                0.53797,               0.043096,                0.14556,                      1
                     68,                0.63726,                0.39503,                 1.3573,                0.02894,                      0,                0.83911,                0.82349,                0.86571,                0.72778,                0.64611,                0.39648,                  1.457,                0.02748,                      0,               0.003367,               0.003367,               0.003367,               0.038357,                0.45599,                0.49435,               0.052256,                0.14416,               0.027543,                0.51681,                0.54435,               0.043383,                0.14626,                      1
                     69,                0.63816,                0.39561,                 1.3534,                0.02893,                      0,                0.83691,                0.82663,                0.86536,                0.72772,                0.64598,                0.39648,                 1.4574,                0.02747,                      0,               0.003268,               0.003268,               0.003268,               0.037856,                0.45606,                0.49391,               0.051917,                0.14415,                0.02727,                0.51718,                0.54445,               0.043288,                0.14653,                      1
                     70,                0.63633,                0.39319,                 1.3437,                0.02888,                      0,                 0.8359,                0.82499,                0.86547,                0.72773,                0.64592,                0.39642,                 1.4575,                0.02745,                      0,               0.003169,               0.003169,               0.003169,               0.037721,                0.45756,                0.49528,               0.051803,                0.14419,               0.027442,                0.51831,                0.54575,                0.04347,                0.14686,                      1
                     71,                 0.6361,                0.39585,                 1.3469,                0.02882,                      0,                0.83559,                0.82535,                0.86546,                0.72777,                0.64595,                0.39638,                 1.4576,                0.02745,                      0,                0.00307,                0.00307,                0.00307,               0.037467,                0.45239,                0.48986,               0.051118,                0.14258,               0.027135,                0.51645,                0.54358,               0.042803,                0.14551,                      1
                     72,                0.63412,                0.39196,                 1.3446,                0.02905,                      0,                0.83253,                0.83108,                0.86526,                0.72781,                 0.6459,                0.39638,                 1.4578,                0.02744,                      0,               0.002971,               0.002971,               0.002971,               0.037643,                0.45342,                0.49106,               0.051623,                 0.1438,               0.027116,                0.51511,                0.54222,               0.043091,                0.14626,                      1
                     73,                 0.6307,                0.38814,                 1.3505,                0.02878,                      0,                0.83832,                 0.8252,                0.86486,                0.72735,                0.64589,                0.39643,                 1.4579,                0.02743,                      0,               0.002872,               0.002872,               0.002872,               0.037293,                0.45697,                0.49426,               0.051265,                 0.1437,               0.026945,                0.51944,                0.54638,               0.042907,                0.14631,                      1
                     74,                0.62873,                0.38758,                 1.3438,                0.02884,                      0,                0.83656,                0.82691,                0.86446,                0.72708,                0.64591,                0.39663,                 1.4577,                0.02742,                      0,               0.002773,               0.002773,               0.002773,               0.037178,                0.45679,                0.49397,               0.051066,                0.14351,                0.02693,                0.51869,                0.54562,               0.042785,                0.14615,                      1
                     75,                 0.6283,                0.38536,                  1.344,                0.02881,                      0,                0.83906,                0.82369,                0.86412,                0.72677,                0.64583,                0.39663,                 1.4579,                0.02741,                      0,               0.002674,               0.002674,               0.002674,               0.037316,                0.45691,                0.49423,               0.051203,                0.14364,               0.027087,                0.51939,                0.54647,               0.042942,                 0.1461,                      1
                     76,                0.62603,                0.38411,                 1.3403,                0.02869,                      0,                0.83824,                0.82507,                 0.8641,                0.72686,                0.64587,                0.39655,                 1.4581,                 0.0274,                      0,               0.002575,               0.002575,               0.002575,               0.036912,                0.45637,                0.49328,                0.05072,                0.14275,               0.026692,                0.51867,                0.54537,               0.042467,                0.14551,                      1
                     77,                0.62635,                0.38247,                 1.3409,                0.02875,                      0,                0.84045,                0.82415,                0.86391,                0.72675,                0.64574,                0.39668,                 1.4586,                0.02739,                      0,               0.002476,               0.002476,               0.002476,                0.03756,                0.45973,                0.49729,               0.051595,                0.14448,               0.027208,                0.52018,                0.54739,               0.043162,                0.14637,                      1
                     78,                0.62433,                0.38091,                 1.3403,                0.02862,                      0,                0.84063,                0.82333,                0.86365,                0.72645,                 0.6457,                0.39662,                 1.4588,                0.02738,                      0,               0.002377,               0.002377,               0.002377,               0.037519,                0.45919,                0.49671,               0.051465,                  0.144,               0.026834,                0.52159,                0.54842,               0.042758,                0.14608,                      1
                     79,                0.62704,                0.38256,                  1.341,                0.02866,                      0,                0.83997,                0.82351,                0.86309,                0.72618,                0.64571,                0.39668,                 1.4591,                0.02737,                      0,               0.002278,               0.002278,               0.002278,               0.037238,                 0.4573,                0.49454,               0.051038,                0.14346,               0.026935,                0.52155,                0.54849,               0.042764,                0.14592,                      1
                     80,                0.61972,                0.37867,                 1.3397,                0.02858,                      0,                0.84079,                0.82294,                0.86319,                 0.7262,                0.64565,                0.39663,                 1.4595,                0.02736,                      0,               0.002179,               0.002179,               0.002179,               0.036928,                0.45919,                0.49612,               0.050887,                0.14362,               0.026614,                 0.5208,                0.54741,               0.042533,                0.14594,                      1
                     81,                0.62018,                0.37537,                 1.3438,                0.02884,                      0,                0.84189,                 0.8217,                0.86298,                0.72626,                0.64559,                0.39686,                 1.4597,                0.02735,                      0,                0.00208,                0.00208,                0.00208,               0.037005,                0.45781,                0.49481,               0.051087,                0.14409,               0.026739,                0.51942,                0.54616,               0.042806,                0.14643,                      1
                     82,                 0.6221,                0.37613,                 1.3368,                0.02875,                      0,                0.84234,                 0.8209,                0.86244,                0.72614,                0.64566,                0.39707,                 1.4601,                0.02735,                      0,               0.001981,               0.001981,               0.001981,               0.037016,                0.45708,                0.49409,               0.050948,                0.14363,               0.026722,                0.51927,                  0.546,               0.042637,                0.14583,                      1
                     83,                0.61562,                0.37098,                 1.3328,                0.02876,                      0,                0.84854,                0.81792,                0.86187,                0.72552,                0.64561,                0.39712,                 1.4604,                0.02734,                      0,               0.001882,               0.001882,               0.001882,               0.036703,                0.45854,                0.49525,               0.050973,                 0.1443,               0.026478,                0.52053,                0.54701,               0.042755,                0.14659,                      1
                     84,                0.61752,                0.37469,                 1.3392,                0.02864,                      0,                0.84519,                0.82024,                0.86162,                0.72514,                0.64558,                0.39735,                 1.4606,                0.02733,                      0,               0.001783,               0.001783,               0.001783,               0.037306,                0.45576,                0.49307,                0.05106,                0.14354,                0.02681,                0.52039,                 0.5472,               0.042598,                0.14555,                      1
                     85,                0.61838,                 0.3718,                 1.3389,                0.02872,                      0,                0.84733,                0.81921,                0.86154,                0.72506,                 0.6456,                0.39756,                  1.461,                0.02733,                      0,               0.001684,               0.001684,               0.001684,               0.036573,                 0.4577,                0.49427,               0.050502,                0.14387,                0.02656,                 0.5195,                0.54606,               0.042439,                0.14574,                      1
                     86,                0.61387,                0.37026,                 1.3325,                0.02856,                      0,                0.85005,                0.81722,                0.86104,                0.72485,                0.64565,                0.39779,                 1.4609,                0.02732,                      0,               0.001585,               0.001585,               0.001585,                0.03706,                0.46285,                0.49991,               0.051225,                0.14497,               0.026674,                0.52427,                0.55095,               0.042787,                0.14673,                      1
                     87,                0.61088,                0.36645,                 1.3279,                0.02865,                      0,                0.85018,                 0.8165,                0.86085,                0.72494,                0.64564,                0.39773,                 1.4612,                0.02731,                      0,               0.001486,               0.001486,               0.001486,               0.036812,                 0.4605,                0.49732,               0.051014,                 0.1444,               0.026212,                 0.5229,                0.54911,               0.042427,                0.14646,                      1
                     88,                0.61179,                0.36879,                 1.3343,                0.02873,                      0,                0.85104,                0.81671,                0.86073,                0.72484,                0.64569,                0.39782,                 1.4612,                 0.0273,                      0,               0.001387,               0.001387,               0.001387,               0.037239,                0.45873,                0.49597,               0.051232,                 0.1444,               0.026559,                0.52135,                0.54791,               0.042534,                0.14611,                      1
                     89,                0.60882,                0.36397,                 1.3348,                0.02869,                      0,                 0.8504,                0.81686,                0.86063,                 0.7247,                0.64579,                0.39797,                 1.4616,                 0.0273,                      0,               0.001288,               0.001288,               0.001288,               0.036724,                0.45971,                0.49644,               0.050955,                0.14429,               0.026236,                 0.5213,                0.54754,               0.042445,                0.14634,                      1
                     90,                 0.6055,                0.36357,                 1.3262,                0.02844,                      0,                0.85081,                0.81574,                 0.8604,                0.72475,                0.64584,                 0.3981,                 1.4619,                0.02729,                      0,               0.001189,               0.001189,               0.001189,               0.036592,                 0.4621,                0.49869,               0.050644,                0.14401,               0.026373,                0.52575,                0.55212,               0.042445,                 0.1463,                      1
                     91,                0.60691,                0.36125,                 1.3255,                0.02861,                      0,                0.84982,                 0.8162,                0.86032,                 0.7245,                0.64584,                0.39811,                 1.4621,                0.02728,                      0,                0.00109,                0.00109,                0.00109,               0.036629,                0.46178,                0.49841,               0.050855,                0.14437,               0.026169,                0.52337,                0.54954,               0.042368,                0.14611,                      1
                     92,                0.60468,                0.35748,                 1.3288,                0.02841,                      0,                0.84995,                0.81685,                0.86011,                0.72468,                0.64595,                0.39827,                 1.4625,                0.02727,                      0,               0.000991,               0.000991,               0.000991,               0.036161,                0.46237,                0.49853,               0.050293,                0.14347,               0.026017,                0.52607,                0.55209,               0.042163,                0.14611,                      1
                     93,                0.60252,                0.35535,                 1.3328,                0.02844,                      0,                0.84992,                0.81768,                0.85979,                0.72446,                0.64605,                0.39837,                  1.463,                0.02727,                      0,               0.000892,               0.000892,               0.000892,               0.036347,                0.46255,                0.49889,               0.050485,                0.14398,               0.026111,                0.52514,                0.55125,               0.042235,                0.14601,                      1
                     94,                0.60266,                0.35767,                 1.3277,                0.02852,                      0,                0.84947,                 0.8187,                0.85952,                0.72427,                 0.6461,                0.39853,                 1.4635,                0.02726,                      0,               0.000793,               0.000793,               0.000793,               0.036279,                0.46248,                0.49876,               0.050572,                0.14434,               0.025998,                0.52413,                0.55013,               0.042259,                0.14621,                      1
                     95,                0.60083,                0.35752,                 1.3222,                0.02826,                      0,                 0.8475,                0.81951,                0.85933,                0.72421,                0.64614,                0.39869,                 1.4639,                0.02725,                      0,               0.000694,               0.000694,               0.000694,                0.03579,                0.46504,                0.50083,               0.049953,                0.14375,               0.025712,                0.52687,                0.55258,               0.041831,                0.14599,                      1
                     96,                0.59736,                0.35236,                 1.3203,                0.02818,                      0,                0.84807,                0.81946,                0.85933,                0.72435,                0.64623,                0.39896,                 1.4642,                0.02724,                      0,               0.000595,               0.000595,               0.000595,               0.035992,                0.46257,                0.49856,               0.049851,                0.14298,               0.025758,                0.52698,                0.55274,               0.041631,                0.14529,                      1
                     97,                0.59502,                0.35124,                 1.3164,                0.02842,                      0,                0.84816,                0.81969,                0.85891,                0.72392,                 0.6463,                0.39912,                 1.4645,                0.02724,                      0,               0.000496,               0.000496,               0.000496,               0.036247,                0.46333,                0.49958,               0.050582,                0.14435,                0.02572,                0.52522,                0.55094,               0.042039,                 0.1461,                      1
                     98,                 0.5971,                0.35135,                 1.3298,                0.02821,                      0,                0.85168,                0.81801,                0.85864,                0.72397,                0.64639,                0.39933,                 1.4648,                0.02723,                      0,               0.000397,               0.000397,               0.000397,               0.036006,                0.46171,                0.49771,                0.04996,                0.14289,                0.02555,                0.52605,                 0.5516,               0.041531,                0.14515,                      1
                     99,                0.59528,                0.34986,                 1.3194,                0.02832,                      0,                0.85052,                0.81838,                0.85823,                0.72368,                0.64635,                0.39954,                 1.4651,                0.02722,                      0,               0.000298,               0.000298,               0.000298,               0.035979,                0.46321,                0.49919,               0.049979,                0.14349,               0.025596,                0.52552,                0.55112,               0.041532,                0.14515,                      1
                    100,                0.59445,                0.35065,                 1.3174,                0.02859,                      0,                0.85087,                0.81737,                0.85778,                0.72334,                0.64637,                0.39973,                 1.4655,                0.02722,                      0,               0.000199,               0.000199,               0.000199,               0.036225,                0.46023,                0.49645,               0.050372,                0.14413,               0.025835,                0.52429,                0.55012,               0.042033,                  0.146,                      1
